student_id,gender,math,read,science,book,escs
3600001,male,447.5,349.7,560.0,201-500,1.0
3600002,female,581.6,646.2,531.4,101-200,1.4
3600004,male,350.0,203.7,374.6,0-10,0.8
3600008,female,363.5,346.5,349.5,101-200,-1.0
3600009,female,593.2,543.5,589.3,11-25,0.3
3600010,female,511.2,610.5,595.0,101-200,-0.1
3600011,female,516.1,545.0,552.3,101-200,0.8
3600012,female,446.9,473.2,474.6,201-500,0.8
3600015,male,354.1,429.1,369.5,11-25,-0.3
3600016,female,485.6,483.2,508.3,26-100,0.2
3600018,male,601.5,665.2,578.1,101-200,1.2
3600022,female,664.9,619.6,595.1,101-200,1.3
3600024,female,408.8,554.3,415.9,11-25,-2.7
3600026,female,589.9,671.5,579.8,201-500,1.5
3600027,female,515.7,565.1,508.7,201-500,0.9
3600028,female,553.1,567.4,562.4,201-500,1.3
3600029,male,308.1,459.3,340.6,201-500,0.1
3600030,male,477.6,525.0,547.1,0-10,0.8
3600033,male,450.7,456.5,431.1,11-25,0.2
3600034,female,416.8,340.2,448.6,11-25,-0.4
3600035,male,388.1,349.4,468.5,26-100,0.7
3600037,male,303.4,202.6,242.5,201-500,1.3
3600040,female,430.7,486.9,415.7,26-100,1.3
3600041,female,474.6,474.9,434.6,201-500,1.2
3600042,male,484.0,404.3,501.3,11-25,0.5
3600044,male,540.7,625.7,491.3,101-200,1.0
3600045,female,553.0,566.0,713.2,101-200,1.3
3600046,female,491.5,481.1,496.9,101-200,0.5
3600048,male,607.6,744.9,577.0,101-200,-0.1
3600049,male,400.2,419.0,471.7,more than 500,1.2
3600051,female,419.0,404.2,420.6,26-100,-0.1
3600052,male,481.4,461.9,567.1,201-500,0.9
3600053,female,490.9,488.1,447.3,101-200,1.0
3600054,male,563.1,582.7,629.6,more than 500,1.6
3600055,male,585.1,564.4,624.8,201-500,0.8
3600056,male,383.9,506.4,472.0,0-10,-1.5
3600057,male,413.6,465.0,453.1,0-10,-0.8
3600059,male,346.8,292.2,338.7,26-100,0.1
3600060,female,399.0,420.9,409.6,11-25,-2.8
3600062,male,564.2,645.1,478.0,201-500,1.1
3600064,female,453.1,405.8,413.7,more than 500,-0.6
3600065,female,535.7,630.2,656.7,201-500,-0.1
3600066,male,616.4,582.9,562.9,26-100,0.7
3600067,male,524.7,524.8,561.3,201-500,1.3
3600068,male,316.9,379.7,293.3,101-200,-0.4
3600069,female,438.9,525.7,428.9,11-25,-0.8
3600070,male,604.7,625.9,515.8,101-200,1.3
3600071,female,398.9,562.0,485.7,26-100,0.7
3600073,female,342.5,395.8,387.1,11-25,0.6
3600074,female,441.5,454.1,499.7,101-200,-0.8
3600075,female,435.4,441.6,497.1,201-500,0.4
3600078,female,474.1,608.5,554.9,201-500,0.9
3600080,male,417.4,292.4,430.7,0-10,-0.6
3600081,female,444.2,571.4,527.8,26-100,-1.0
3600082,female,592.0,569.2,532.7,26-100,0.6
3600085,male,451.6,473.4,401.1,0-10,-0.8
3600086,male,541.1,457.0,563.4,101-200,1.2
3600091,male,504.4,550.0,695.7,more than 500,0.9
3600093,female,391.7,437.9,347.3,101-200,0.2
3600094,male,356.5,357.4,413.7,11-25,-1.2
3600095,male,326.7,371.1,365.0,11-25,-1.2
3600096,female,401.5,402.0,450.5,101-200,0.1
3600097,female,491.7,419.5,392.0,201-500,0.7
3600100,male,362.9,358.0,352.7,11-25,0.3
3600101,female,456.9,511.3,458.8,101-200,0.8
3600102,male,469.2,473.0,476.6,0-10,0.7
3600103,female,555.2,732.6,674.4,more than 500,0.8
3600109,female,557.5,650.1,625.8,more than 500,1.0
3600110,female,421.5,509.3,464.1,201-500,0.6
3600112,female,479.9,446.6,504.1,201-500,0.4
3600114,female,540.3,550.7,618.0,101-200,-0.3
3600115,female,616.3,623.6,712.3,201-500,1.3
3600117,female,403.6,437.3,422.4,11-25,0.3
3600119,male,558.1,536.1,678.2,201-500,0.7
3600120,female,541.6,619.1,560.7,201-500,1.1
3600121,male,527.6,328.7,362.6,11-25,-2.5
3600123,male,522.7,518.6,493.2,26-100,0.1
3600124,male,621.1,521.8,626.1,more than 500,1.7
3600126,female,388.1,358.7,387.2,101-200,-0.3
3600127,female,286.8,276.0,312.1,11-25,0.2
3600128,male,631.0,605.4,705.9,more than 500,1.1
3600130,female,560.0,570.5,647.9,more than 500,1.3
3600132,male,680.9,662.6,690.9,more than 500,1.0
3600133,male,564.8,557.3,512.3,201-500,-0.2
3600134,male,367.6,371.0,365.5,201-500,0.9
3600135,female,521.5,518.6,554.3,201-500,0.4
3600136,male,588.9,520.1,572.2,201-500,0.3
3600138,male,414.3,335.8,397.6,26-100,0.6
3600141,male,565.8,599.3,729.7,0-10,1.2
3600142,male,647.0,661.2,778.4,201-500,1.4
3600143,female,624.2,676.3,628.5,201-500,1.3
3600147,female,460.9,503.0,528.6,26-100,-1.0
3600149,female,666.9,780.1,601.6,201-500,1.7
3600150,male,603.3,520.1,639.8,101-200,1.1
3600153,male,495.5,474.8,532.9,101-200,0.4
3600154,male,565.3,568.1,651.9,101-200,0.5
3600156,male,466.1,580.7,458.9,201-500,-0.7
3600158,female,311.3,320.8,353.0,more than 500,0.9
3600159,male,723.4,643.9,739.4,101-200,1.2
3600160,female,524.8,565.9,511.9,more than 500,1.6
3600163,female,437.0,507.5,445.2,101-200,0.8
3600165,female,582.9,590.4,508.7,101-200,-0.0
3600167,male,507.5,503.5,583.5,201-500,1.1
3600171,female,606.0,683.7,706.7,201-500,0.2
3600173,female,484.9,598.6,505.7,26-100,1.0
3600174,female,464.0,551.2,424.8,101-200,0.9
3600175,female,417.4,325.8,481.3,201-500,0.7
3600176,female,380.9,475.3,424.0,101-200,-0.9
3600177,female,460.7,503.9,496.4,101-200,0.9
3600178,male,381.3,310.7,358.1,26-100,-1.1
3600179,female,440.9,491.9,373.6,101-200,0.2
3600180,female,444.0,440.4,492.1,101-200,1.3
3600184,female,382.6,445.3,437.4,26-100,-0.2
3600189,female,658.1,785.0,604.5,101-200,0.2
3600190,male,554.9,432.5,592.4,26-100,0.0
3600191,male,526.7,475.2,571.0,26-100,-0.6
3600192,female,521.4,537.3,453.6,more than 500,0.8
3600195,female,411.3,460.2,479.5,26-100,0.7
3600196,female,431.1,496.2,422.8,101-200,0.3
3600197,female,507.9,540.5,512.3,more than 500,0.6
3600201,female,614.0,648.1,575.0,101-200,1.3
3600207,female,308.5,319.7,302.4,0-10,-0.5
3600209,female,508.8,533.1,585.8,101-200,1.5
3600211,male,516.1,449.5,479.6,11-25,-0.1
3600214,male,484.6,515.9,487.2,26-100,1.2
3600217,male,716.8,800.3,629.0,more than 500,1.1
3600220,male,378.0,406.1,347.4,26-100,0.3
3600221,male,637.0,524.1,682.1,more than 500,1.2
3600225,female,771.3,772.4,770.2,more than 500,1.7
3600226,female,374.3,391.0,451.2,101-200,-0.2
3600227,female,490.1,512.5,507.7,101-200,-0.5
3600229,male,527.1,513.6,468.6,101-200,0.2
3600231,male,501.3,443.1,568.7,more than 500,1.7
3600233,female,425.8,499.9,395.0,201-500,-0.9
3600235,female,520.3,572.8,532.4,201-500,0.9
3600237,male,534.6,518.0,516.6,201-500,1.0
3600239,female,599.5,672.6,642.5,more than 500,1.1
3600241,female,507.7,497.8,589.0,101-200,1.0
3600242,female,382.8,420.4,416.4,201-500,-0.4
3600243,male,363.4,320.0,404.3,more than 500,1.1
3600246,female,443.9,441.0,487.3,11-25,-0.4
3600247,female,598.9,574.0,596.4,101-200,-0.1
3600249,male,639.6,691.8,732.5,11-25,0.6
3600250,female,462.9,595.6,534.0,201-500,0.6
3600251,female,408.0,516.3,491.5,101-200,0.8
3600253,female,392.2,352.7,316.7,201-500,0.5
3600254,female,554.2,590.1,539.6,101-200,0.6
3600255,female,404.3,410.8,391.6,26-100,0.0
3600256,male,472.4,548.1,545.1,101-200,0.2
3600257,female,584.4,617.0,646.4,101-200,0.9
3600259,female,413.3,377.4,461.5,11-25,-0.7
3600260,female,366.3,447.3,444.4,101-200,-0.5
3600264,female,462.4,485.5,495.6,201-500,1.2
3600265,female,462.1,481.3,438.4,26-100,0.5
3600267,female,318.1,259.8,331.8,201-500,-1.5
3600269,male,353.5,373.7,278.2,11-25,-2.0
3600270,female,476.8,445.9,500.6,26-100,0.8
3600271,female,488.2,559.0,544.0,more than 500,-0.3
3600274,male,340.5,299.6,374.7,26-100,-0.7
3600275,female,503.7,486.9,520.2,201-500,1.2
3600277,female,445.5,419.7,510.9,more than 500,0.6
3600280,male,459.5,396.9,392.9,26-100,0.5
3600281,female,625.2,728.2,642.2,26-100,-2.6
3600282,female,552.7,670.3,470.5,101-200,0.8
3600283,male,510.8,443.3,567.4,101-200,1.2
3600284,male,460.5,460.4,454.4,26-100,-0.6
3600285,male,635.6,639.2,719.3,101-200,0.2
3600286,male,422.5,427.4,462.9,101-200,-0.3
3600287,male,450.0,536.3,447.8,201-500,1.8
3600288,male,371.7,385.1,359.0,0-10,-1.4
3600291,male,633.5,594.4,703.6,101-200,0.6
3600293,female,545.7,689.8,599.1,101-200,-0.2
3600294,male,513.6,458.5,570.2,0-10,0.4
3600298,male,267.3,381.6,426.8,101-200,-0.8
3600301,female,490.4,515.7,509.9,26-100,0.8
3600302,male,337.8,430.6,338.6,0-10,-0.7
3600303,female,506.8,539.2,543.3,101-200,1.4
3600305,male,671.9,651.9,719.1,201-500,-0.8
3600308,male,565.4,577.7,547.5,26-100,-0.5
3600312,male,621.0,595.7,611.0,201-500,1.6
3600313,female,418.3,471.7,486.6,101-200,-0.3
3600315,male,489.7,505.5,585.3,101-200,1.1
3600316,male,596.0,543.2,753.7,201-500,0.5
3600317,male,416.7,392.7,346.7,101-200,-0.5
3600318,male,410.1,441.8,466.4,0-10,-0.7
3600320,female,504.1,468.7,448.7,201-500,1.4
3600322,female,523.8,537.5,598.5,201-500,1.5
3600323,male,424.9,398.1,484.9,101-200,-0.1
3600325,female,522.5,449.4,531.0,26-100,0.8
3600326,female,684.2,713.2,628.2,26-100,-0.6
3600328,male,489.3,450.2,511.4,101-200,0.2
3600329,male,522.4,529.7,596.1,101-200,-0.4
3600331,male,556.7,487.5,560.4,more than 500,1.2
3600335,female,413.0,476.4,469.8,0-10,0.6
3600337,female,517.1,663.9,521.3,26-100,-0.1
3600338,female,628.5,577.6,639.0,more than 500,1.1
3600339,male,412.5,372.9,366.7,0-10,0.5
3600340,male,480.6,512.0,505.4,more than 500,-0.2
3600341,male,361.0,458.8,333.8,0-10,-2.3
3600343,male,532.0,534.8,555.3,101-200,0.4
3600344,male,430.1,551.9,422.9,more than 500,-1.0
3600345,male,625.3,548.8,588.2,more than 500,1.1
3600347,female,348.2,393.7,423.8,11-25,-2.1
3600348,female,506.8,480.0,468.2,101-200,1.3
3600349,male,472.1,549.6,460.0,201-500,0.3
3600350,male,394.1,375.1,371.9,26-100,-0.3
3600353,female,502.4,646.1,602.6,201-500,1.0
3600354,male,622.9,561.5,579.8,26-100,-0.7
3600355,female,417.8,422.7,489.9,more than 500,-0.2
3600356,female,465.2,333.3,319.6,26-100,-0.5
3600357,female,502.3,469.0,553.7,101-200,0.7
3600358,female,466.1,508.5,489.0,11-25,-2.2
3600359,male,502.1,443.3,500.8,0-10,-1.7
3600360,female,424.2,446.0,483.9,101-200,1.1
3600361,male,515.0,535.2,581.3,101-200,0.5
3600362,female,336.0,343.3,451.6,11-25,-0.0
3600363,female,488.0,524.5,634.8,101-200,-0.3
3600365,male,499.0,391.3,490.4,101-200,0.9
3600367,male,556.0,556.5,593.2,101-200,0.7
3600369,female,328.6,359.5,385.8,0-10,-0.8
3600370,male,414.3,436.7,441.3,101-200,0.0
3600371,female,502.6,464.7,556.4,201-500,1.3
3600373,male,501.4,467.0,444.8,11-25,-0.7
3600375,female,378.7,404.4,474.4,101-200,-0.9
3600376,male,559.5,572.2,580.7,more than 500,1.7
3600377,male,591.5,577.8,635.2,101-200,1.1
3600378,female,437.9,443.7,504.1,201-500,0.2
3600380,male,348.7,368.4,274.8,0-10,0.5
3600381,female,425.4,519.0,391.1,11-25,0.0
3600382,female,345.8,413.4,417.2,101-200,0.3
3600383,male,493.6,579.2,457.1,101-200,-0.3
3600384,male,682.1,583.2,650.8,more than 500,1.0
3600386,female,503.4,573.0,526.1,201-500,-0.5
3600387,male,518.2,531.8,509.1,101-200,1.3
3600390,male,656.1,662.5,662.2,more than 500,1.0
3600392,male,628.1,653.2,574.5,101-200,0.6
3600397,female,463.2,541.1,521.7,more than 500,0.8
3600398,female,418.4,425.9,458.6,26-100,-1.4
3600402,female,337.5,319.9,215.6,101-200,0.8
3600403,male,545.8,523.2,502.9,26-100,1.0
3600405,female,468.4,542.9,472.3,201-500,0.3
3600407,female,709.8,871.0,875.2,more than 500,1.3
3600408,female,471.1,584.0,524.1,101-200,0.3
3600409,male,435.3,443.6,407.9,11-25,1.2
3600411,female,386.3,395.4,481.6,201-500,-1.0
3600412,female,559.0,713.1,590.5,more than 500,1.2
3600413,female,507.3,481.5,534.4,26-100,-0.2
3600415,male,757.1,697.3,722.3,more than 500,1.4
3600416,male,577.7,628.2,657.7,101-200,0.7
3600420,female,614.9,614.0,551.6,more than 500,1.4
3600421,female,389.5,353.7,380.5,101-200,0.1
3600424,female,398.1,436.4,451.8,101-200,0.6
3600425,female,358.4,427.3,383.7,101-200,0.9
3600427,male,570.7,556.0,631.4,101-200,0.6
3600429,female,470.1,442.6,542.9,101-200,0.9
3600430,female,420.8,420.3,422.9,11-25,0.6
3600431,female,595.4,595.2,662.1,101-200,0.3
3600432,male,619.5,618.9,598.2,more than 500,0.2
3600433,female,275.9,334.1,257.4,26-100,0.1
3600434,male,586.0,520.1,626.2,201-500,1.0
3600435,female,574.3,631.1,596.6,more than 500,1.6
3600436,male,508.2,518.2,489.9,101-200,0.5
3600437,male,658.1,692.9,609.4,201-500,1.5
3600439,female,365.8,496.8,404.1,201-500,1.3
3600442,female,346.8,468.5,430.0,11-25,0.2
3600443,female,360.5,352.9,411.0,11-25,0.7
3600449,female,396.2,458.3,386.4,101-200,1.3
3600451,male,606.4,555.5,637.3,201-500,1.3
3600452,female,690.7,626.4,674.0,more than 500,1.4
3600455,female,545.5,458.2,542.0,26-100,0.7
3600457,male,474.2,393.5,452.4,26-100,-0.3
3600459,male,471.7,448.0,568.0,101-200,0.7
3600460,male,443.1,580.8,477.5,more than 500,0.9
3600461,male,324.2,252.7,330.1,101-200,1.0
3600462,male,460.7,398.8,483.5,201-500,-0.3
3600464,male,531.9,561.4,631.6,101-200,0.5
3600467,female,556.6,619.7,663.1,201-500,0.8
3600468,female,558.5,554.4,579.5,more than 500,0.1
3600469,female,327.0,305.2,308.8,11-25,-0.8
3600474,male,350.3,357.5,465.8,11-25,0.1
3600475,female,506.0,585.8,508.7,more than 500,1.0
3600476,female,540.2,500.2,553.6,101-200,-0.7
3600478,male,429.7,442.8,411.2,201-500,-0.6
3600480,female,495.7,546.2,477.6,201-500,0.1
3600481,male,496.2,507.7,567.2,101-200,0.9
3600482,female,282.1,381.2,288.7,101-200,1.1
3600483,male,691.1,605.0,622.3,more than 500,1.6
3600484,female,400.6,503.6,501.6,26-100,-0.3
3600486,male,506.6,444.9,525.7,more than 500,0.3
3600488,female,640.9,678.2,607.1,201-500,1.6
3600489,female,364.1,408.1,355.5,101-200,0.7
3600490,male,455.5,513.7,458.8,26-100,0.5
3600491,female,416.8,405.9,458.0,26-100,-0.9
3600492,male,398.9,443.1,460.3,11-25,0.6
3600494,male,563.8,567.9,689.6,26-100,0.7
3600499,male,391.9,425.3,449.8,0-10,0.1
3600500,female,431.8,502.9,435.9,101-200,0.7
3600504,female,567.3,600.0,655.7,201-500,1.1
3600506,female,388.8,328.6,411.4,more than 500,1.2
3600508,female,461.0,532.5,568.0,101-200,0.2
3600509,female,557.3,622.9,611.8,201-500,1.1
3600511,female,468.6,479.9,500.4,11-25,-1.2
3600512,female,547.6,577.5,597.1,201-500,0.9
3600513,male,424.0,356.2,366.3,101-200,-0.7
3600514,male,376.3,343.4,399.2,26-100,1.2
3600515,female,508.4,655.7,575.4,201-500,0.7
3600518,male,457.3,456.5,506.7,101-200,-0.4
3600519,male,487.6,516.4,528.3,11-25,-1.1
3600520,male,414.0,306.9,366.3,101-200,0.8
3600521,male,519.5,551.3,510.0,101-200,-1.0
3600522,male,554.5,526.7,515.3,101-200,0.8
3600523,male,522.3,507.0,607.3,26-100,0.8
3600525,male,590.3,597.6,623.2,101-200,0.4
3600526,female,629.6,809.1,699.3,201-500,1.3
3600527,female,381.2,318.7,372.9,26-100,-0.1
3600530,female,694.5,715.3,765.3,201-500,0.2
3600533,male,233.4,363.8,303.4,101-200,-1.2
3600535,male,680.2,629.5,689.2,101-200,1.2
3600536,male,561.5,452.3,557.7,101-200,0.6
3600537,male,703.2,686.5,689.8,more than 500,1.4
3600541,female,474.4,478.3,617.0,201-500,1.2
3600544,male,633.3,623.6,696.5,201-500,1.2
3600545,male,515.4,488.6,444.0,more than 500,0.8
3600546,male,426.2,450.2,403.8,101-200,0.4
3600547,male,509.7,549.0,525.3,101-200,0.6
3600548,male,493.4,520.5,581.6,101-200,0.5
3600549,male,481.5,462.1,561.8,26-100,0.4
3600550,male,447.3,450.4,441.6,11-25,-0.1
3600552,female,546.8,457.5,501.7,101-200,1.4
3600553,female,575.5,591.9,660.6,101-200,0.5
3600554,male,356.4,468.4,306.5,101-200,-3.1
3600555,male,512.4,553.6,533.5,101-200,-0.1
3600556,male,559.0,588.8,572.8,101-200,0.9
3600558,female,543.4,559.7,548.0,101-200,-0.3
3600559,male,515.0,472.9,492.4,101-200,0.9
3600560,male,554.0,706.8,644.3,201-500,-0.0
3600562,male,588.4,609.7,593.6,201-500,0.2
3600563,female,499.9,633.2,500.7,more than 500,0.1
3600564,female,377.7,395.4,426.7,0-10,0.0
3600565,male,438.6,488.7,483.0,26-100,0.4
3600566,male,494.7,515.0,494.8,26-100,1.3
3600567,female,461.0,530.1,500.2,more than 500,0.8
3600568,female,557.1,636.7,605.3,201-500,0.9
3600569,female,560.8,513.6,555.3,more than 500,1.2
3600570,male,691.2,701.3,756.8,201-500,0.8
3600573,female,679.4,694.8,655.9,201-500,0.8
3600576,male,424.0,438.2,428.0,0-10,0.1
3600577,male,777.9,709.9,792.4,201-500,1.6
3600580,female,618.4,594.5,622.4,more than 500,0.8
3600581,male,641.2,653.2,712.9,26-100,0.4
3600582,female,511.8,588.6,606.7,201-500,0.4
3600583,female,526.0,602.9,518.5,201-500,0.5
3600584,male,468.6,451.4,477.3,101-200,-0.6
3600586,female,430.8,449.9,557.9,101-200,1.4
3600587,female,331.1,258.8,310.4,201-500,-0.1
3600588,female,608.7,697.8,594.2,more than 500,1.5
3600589,male,629.2,511.9,613.0,26-100,1.4
3600590,female,495.0,513.4,655.5,26-100,0.7
3600591,male,503.7,576.8,488.0,201-500,1.8
3600592,male,549.5,395.9,598.6,101-200,1.2
3600593,male,455.1,436.1,513.5,201-500,1.3
3600594,female,345.4,493.0,404.4,101-200,-0.7
3600595,male,358.4,354.5,387.2,11-25,-1.9
3600596,male,504.2,619.0,543.3,201-500,1.8
3600597,female,463.9,517.5,588.7,101-200,0.8
3600600,male,432.1,484.7,392.5,101-200,1.5
3600601,male,365.8,368.8,493.5,101-200,-0.5
3600602,female,481.5,602.0,592.2,201-500,-0.9
3600604,male,487.4,434.7,427.7,11-25,-0.3
3600605,female,537.5,572.7,461.4,101-200,0.4
3600608,female,533.0,597.5,560.1,more than 500,1.2
3600609,female,424.8,473.9,464.1,101-200,-0.8
3600610,female,535.1,430.7,504.3,101-200,0.6
3600611,female,668.4,606.3,492.1,201-500,0.3
3600612,female,564.3,489.2,608.3,more than 500,-0.1
3600613,male,558.5,521.2,546.2,101-200,0.7
3600616,male,379.4,325.7,493.0,11-25,-0.9
3600617,female,491.6,427.0,473.5,26-100,1.2
3600618,male,350.8,474.5,414.9,26-100,0.9
3600619,female,472.0,556.8,504.3,more than 500,1.1
3600622,female,517.2,428.4,521.5,101-200,-0.4
3600624,male,468.0,446.2,444.8,11-25,-1.6
3600627,female,402.4,440.8,607.1,11-25,0.2
3600629,male,501.0,562.8,515.0,201-500,1.2
3600630,male,398.1,425.4,521.3,101-200,-0.7
3600631,female,359.4,329.8,377.7,26-100,-0.3
3600633,female,459.4,555.3,475.5,101-200,0.2
3600635,male,401.2,366.3,450.8,more than 500,0.4
3600636,female,581.7,556.3,594.6,26-100,-0.8
3600637,male,608.0,571.1,551.1,11-25,0.5
3600638,female,666.9,441.7,603.2,101-200,0.3
3600643,male,647.4,596.7,602.4,101-200,1.3
3600645,male,484.9,291.2,540.4,11-25,0.4
3600647,female,489.7,557.7,550.4,201-500,0.8
3600650,male,439.0,288.4,462.5,26-100,-0.0
3600651,female,356.0,406.4,512.1,26-100,0.6
3600652,male,430.4,408.7,447.2,0-10,0.9
3600653,female,567.4,588.2,578.3,more than 500,1.4
3600655,female,540.1,570.2,541.5,201-500,1.0
3600656,female,387.3,418.1,437.1,101-200,-0.9
3600657,female,559.2,608.1,565.1,26-100,1.1
3600658,female,509.2,479.2,618.5,more than 500,1.1
3600660,male,488.8,399.9,406.3,101-200,-1.5
3600662,female,480.3,500.6,458.5,more than 500,0.5
3600663,female,566.8,565.5,602.8,101-200,0.4
3600664,male,353.8,401.7,340.2,11-25,-0.1
3600665,female,653.0,684.8,586.8,201-500,1.7
3600666,female,395.6,568.4,516.6,101-200,0.6
3600668,female,361.6,450.0,414.6,11-25,0.0
3600670,female,451.2,333.7,415.4,101-200,0.5
3600672,female,556.8,493.6,582.5,101-200,1.2
3600673,female,386.8,439.1,374.8,201-500,0.4
3600676,female,585.7,681.4,575.6,more than 500,1.0
3600677,male,417.7,541.4,426.1,11-25,0.2
3600679,female,566.9,626.3,564.4,101-200,1.2
3600682,male,581.7,569.9,435.6,101-200,-0.2
3600683,female,571.8,625.1,601.2,101-200,0.7
3600684,male,417.9,388.3,367.5,101-200,0.1
3600690,female,516.3,509.4,489.0,101-200,-0.3
3600691,male,352.0,377.5,367.0,101-200,0.2
3600693,male,331.0,364.7,301.7,201-500,0.9
3600695,female,609.7,581.6,661.7,201-500,1.0
3600696,female,352.5,396.2,329.1,more than 500,1.5
3600698,male,499.2,464.7,530.7,26-100,1.2
3600701,male,505.6,632.9,592.4,201-500,1.5
3600704,male,373.6,227.7,392.4,11-25,1.5
3600705,male,435.6,457.9,512.0,201-500,0.5
3600706,female,372.1,492.4,341.0,0-10,-1.3
3600708,male,409.6,396.2,428.8,11-25,-0.5
3600709,female,398.9,370.7,487.1,11-25,-0.9
3600710,male,500.1,583.2,617.4,more than 500,1.4
3600712,male,539.4,549.6,531.5,101-200,1.1
3600714,female,503.2,564.7,535.0,101-200,1.1
3600715,female,394.9,270.7,329.5,26-100,0.7
3600716,male,488.2,461.1,554.3,more than 500,0.9
3600717,male,538.9,523.9,518.8,26-100,0.1
3600718,female,307.7,383.9,373.0,0-10,-0.3
3600719,male,236.7,259.8,246.4,101-200,1.1
3600721,male,565.1,569.0,548.0,201-500,0.5
3600722,female,412.6,493.1,373.1,26-100,0.7
3600724,female,493.8,544.6,516.2,more than 500,0.2
3600725,male,381.1,305.3,459.9,11-25,0.2
3600727,male,371.1,346.6,448.9,26-100,-1.3
3600728,male,456.3,423.8,449.5,26-100,0.0
3600729,male,525.1,422.9,404.2,11-25,0.2
3600730,female,329.3,429.9,248.9,more than 500,-0.8
3600731,female,443.6,515.8,455.7,101-200,-0.6
3600732,male,590.6,516.3,560.7,101-200,1.0
3600734,male,533.9,617.2,598.3,101-200,-0.1
3600735,male,398.4,422.9,536.3,101-200,-0.9
3600739,female,645.2,660.3,664.5,26-100,0.9
3600740,female,591.6,514.5,517.5,11-25,0.5
3600741,male,380.1,328.0,432.6,0-10,0.2
3600743,male,444.6,435.4,463.4,101-200,-0.0
3600746,female,392.9,481.1,446.3,26-100,0.2
3600747,male,428.6,366.5,449.3,11-25,-1.7
3600748,male,561.7,593.5,595.5,201-500,-0.0
3600749,male,472.0,450.5,510.2,11-25,0.5
3600752,male,450.7,372.6,494.8,101-200,0.3
3600753,male,560.5,544.2,625.9,26-100,0.9
3600754,female,590.0,586.1,647.8,more than 500,-0.6
3600756,male,710.5,762.3,721.1,201-500,-0.6
3600759,male,525.3,506.3,556.0,11-25,0.8
3600760,male,434.9,412.7,504.5,26-100,0.4
3600761,female,587.8,647.5,705.5,201-500,0.3
3600762,male,640.3,622.3,630.2,101-200,-0.0
3600764,female,714.0,729.4,751.9,201-500,1.2
3600765,female,402.0,482.0,437.4,11-25,0.0
3600766,female,287.0,389.3,389.9,11-25,-1.1
3600767,female,442.8,480.0,460.5,0-10,-0.6
3600769,male,517.3,669.5,594.0,101-200,0.2
3600771,male,454.6,540.9,475.9,101-200,-0.7
3600773,female,484.4,455.3,491.2,201-500,0.4
3600774,female,422.4,470.3,516.6,0-10,1.3
3600775,female,434.6,505.2,589.7,101-200,-0.0
3600778,male,484.5,540.4,502.1,101-200,0.7
3600783,male,472.1,511.2,507.2,26-100,0.8
3600784,male,475.7,498.9,542.6,201-500,-0.1
3600785,male,503.7,522.9,488.7,201-500,1.7
3600787,male,404.3,341.9,455.1,101-200,0.7
3600788,female,499.7,549.2,467.5,201-500,0.9
3600789,female,444.6,423.1,396.0,201-500,0.0
3600790,male,636.8,575.9,643.8,101-200,1.0
3600793,male,549.9,460.1,535.6,101-200,0.7
3600796,male,325.1,370.2,323.9,11-25,-3.3
3600797,male,288.1,236.7,327.7,26-100,-0.8
3600798,male,444.0,462.7,485.1,101-200,-0.6
3600800,female,596.8,545.5,668.6,more than 500,1.5
3600801,male,443.8,538.9,509.3,201-500,1.1
3600803,female,621.9,693.6,628.3,more than 500,1.3
3600806,male,354.3,413.9,378.4,26-100,-0.2
3600810,male,275.8,290.5,312.0,more than 500,1.1
3600811,female,538.8,608.0,568.2,26-100,0.8
3600813,male,445.3,530.2,459.5,101-200,-1.2
3600815,male,382.3,368.7,453.2,101-200,-0.2
3600816,female,496.8,417.5,431.4,101-200,-0.1
3600818,female,446.7,497.1,558.5,11-25,-0.1
3600819,female,487.9,508.4,557.3,more than 500,1.0
3600820,male,367.0,333.8,378.2,101-200,-0.4
3600823,female,604.0,696.0,556.3,201-500,1.5
3600824,female,572.9,502.4,423.3,201-500,0.9
3600825,male,516.6,456.2,444.2,201-500,-0.3
3600826,female,525.1,526.5,469.9,101-200,-0.0
3600829,female,366.9,351.5,287.6,26-100,0.7
3600831,male,623.7,626.5,664.1,more than 500,1.2
3600833,female,532.6,534.7,550.9,101-200,0.2
3600834,male,473.2,527.2,577.1,11-25,0.7
3600836,male,641.8,745.5,651.0,201-500,0.0
3600837,male,495.6,511.8,545.8,101-200,0.4
3600839,male,595.4,556.8,606.6,101-200,0.9
3600840,female,493.6,432.2,523.0,101-200,0.2
3600842,male,391.0,373.9,454.9,26-100,-2.5
3600844,female,312.9,327.5,358.5,201-500,0.1
3600845,male,554.6,569.5,607.3,101-200,-0.1
3600846,female,562.2,538.6,578.7,201-500,0.2
3600847,male,553.8,563.5,532.2,101-200,-0.5
3600850,female,466.0,608.3,500.7,more than 500,1.8
3600851,male,471.8,461.3,487.2,101-200,0.7
3600852,female,629.4,676.6,646.7,101-200,-0.6
3600853,male,520.6,569.2,571.2,201-500,0.9
3600855,female,427.9,516.8,457.0,101-200,1.0
3600858,female,397.8,501.0,443.4,101-200,0.7
3600861,male,587.3,595.2,636.1,101-200,1.4
3600862,female,446.0,529.0,440.0,more than 500,1.2
3600864,male,440.6,302.2,429.8,101-200,-0.4
3600868,female,456.5,428.8,501.1,101-200,1.2
3600870,male,399.0,323.0,390.7,101-200,0.5
3600871,female,271.6,408.4,300.8,101-200,0.3
3600873,male,685.8,660.7,650.0,101-200,0.6
3600874,male,517.7,480.5,511.7,26-100,0.9
3600875,female,548.1,617.4,523.4,201-500,0.6
3600877,male,506.4,548.7,481.4,11-25,0.5
3600878,male,393.3,450.5,421.8,more than 500,0.6
3600881,female,445.7,426.4,505.1,26-100,0.6
3600883,male,538.5,560.0,579.9,101-200,1.4
3600885,male,603.0,545.7,598.6,26-100,-0.6
3600886,female,584.5,513.3,625.9,101-200,0.2
3600887,male,267.7,345.8,309.5,26-100,-0.7
3600889,female,508.1,594.3,664.9,101-200,0.7
3600890,female,497.9,591.4,569.0,0-10,-0.4
3600891,female,780.6,763.0,777.4,more than 500,1.2
3600892,female,423.7,411.7,496.1,0-10,0.4
3600893,female,585.4,567.9,572.7,more than 500,0.9
3600896,male,518.3,470.9,563.4,101-200,0.9
3600897,male,627.6,599.5,632.8,more than 500,1.2
3600898,male,611.8,584.8,557.7,more than 500,0.9
3600901,female,460.6,464.9,482.3,more than 500,0.4
3600903,female,630.7,611.8,609.9,101-200,1.1
3600904,female,486.3,576.8,486.4,26-100,-0.8
3600905,female,434.4,467.2,486.5,11-25,0.1
3600906,female,468.7,497.4,507.8,201-500,1.1
3600907,male,457.5,427.9,455.0,201-500,1.1
3600909,female,453.2,497.3,484.8,more than 500,1.3
3600910,male,430.8,561.0,516.5,26-100,1.2
3600911,female,361.3,431.0,385.4,201-500,0.3
3600913,male,465.7,427.0,542.8,101-200,0.9
3600914,male,557.3,576.5,561.6,201-500,-0.2
3600915,male,609.5,535.4,594.4,26-100,0.6
3600918,female,400.9,402.5,464.1,26-100,0.2
3600920,male,276.0,229.6,305.3,101-200,-0.3
3600926,male,678.1,626.2,628.9,more than 500,1.4
3600927,male,679.1,640.1,691.3,more than 500,1.4
3600928,male,369.2,352.7,427.8,11-25,-0.3
3600929,female,554.6,460.0,578.5,26-100,-3.3
3600930,female,427.2,639.7,445.9,more than 500,1.4
3600931,male,609.7,535.6,603.8,201-500,1.6
3600932,female,598.4,593.0,569.4,more than 500,1.5
3600933,female,468.7,516.3,525.0,11-25,-0.5
3600935,female,657.4,581.1,620.5,201-500,0.7
3600937,female,422.7,505.0,461.6,26-100,-0.5
3600938,female,496.8,432.4,512.1,101-200,-0.5
3600939,male,644.2,636.2,589.0,101-200,0.3
3600940,male,506.2,486.2,573.6,26-100,0.4
3600941,male,529.6,520.7,574.1,more than 500,1.2
3600943,male,395.5,264.9,318.6,101-200,0.3
3600944,male,543.4,381.1,504.7,26-100,-0.2
3600946,female,407.2,451.5,426.5,26-100,-0.5
3600947,male,327.1,307.0,359.6,101-200,-1.6
3600948,female,359.4,414.3,359.0,26-100,-0.4
3600949,male,654.6,660.9,616.2,201-500,0.9
3600950,female,446.4,542.3,468.3,26-100,0.0
3600951,female,581.0,632.5,627.7,101-200,0.9
3600952,female,417.6,502.4,374.3,101-200,0.5
3600953,male,651.2,509.3,671.2,201-500,0.8
3600954,female,508.5,549.0,483.3,101-200,0.5
3600956,female,450.1,414.9,531.9,26-100,-0.8
3600957,female,643.2,759.4,751.6,201-500,0.7
3600958,male,531.8,507.3,509.8,101-200,1.0
3600959,male,445.6,373.6,420.4,11-25,-2.9
3600961,female,400.4,495.3,546.0,101-200,-0.4
3600964,female,374.5,464.7,464.5,11-25,-0.5
3600966,female,459.1,462.5,515.6,201-500,-0.1
3600967,female,423.1,480.5,493.0,101-200,-1.8
3600969,male,490.8,502.2,561.4,101-200,0.8
3600970,male,598.0,525.5,628.1,201-500,1.2
3600971,male,431.9,326.0,379.5,101-200,1.3
3600972,female,304.0,345.5,412.6,0-10,-0.6
3600973,female,534.2,651.8,521.1,101-200,0.7
3600974,female,364.9,284.3,316.2,26-100,-0.6
3600976,male,481.7,453.8,488.5,26-100,-2.7
3600977,male,541.5,608.8,630.6,more than 500,0.7
3600980,male,697.3,651.1,638.2,101-200,1.1
3600981,male,389.3,312.1,430.3,26-100,-1.1
3600983,female,488.7,424.3,438.5,more than 500,1.0
3600985,female,428.7,452.7,354.1,101-200,0.2
3600986,male,334.1,451.7,460.0,26-100,-0.6
3600989,female,493.4,446.6,471.7,101-200,-0.1
3600992,male,480.0,552.5,517.8,more than 500,-0.1
3600994,male,297.0,238.0,273.2,11-25,-0.4
3600995,male,334.2,314.9,359.8,11-25,-0.8
3600996,female,477.9,489.0,415.5,more than 500,0.8
3600999,female,392.1,516.5,394.8,11-25,0.3
3601000,male,518.9,617.4,549.7,201-500,0.0
3601001,female,579.5,561.9,659.9,11-25,0.4
3601002,male,315.8,354.7,272.0,101-200,1.1
3601003,female,549.5,422.3,456.2,26-100,-1.0
3601004,female,517.4,482.3,523.5,201-500,1.1
3601005,male,443.1,397.2,524.1,201-500,1.2
3601006,male,398.3,377.9,340.5,201-500,1.1
3601007,female,394.8,405.6,312.8,0-10,-1.4
3601008,male,713.6,625.4,717.1,more than 500,1.4
3601009,male,467.0,533.7,509.1,201-500,-1.3
3601011,male,612.5,554.6,623.7,11-25,-0.3
3601012,female,447.8,496.2,568.8,more than 500,1.5
3601015,male,590.2,530.1,553.5,101-200,1.1
3601016,female,418.2,459.0,430.0,201-500,0.7
3601017,female,360.6,442.3,477.4,11-25,-1.6
3601019,male,625.3,553.5,672.1,101-200,0.5
3601021,male,619.4,530.9,662.6,101-200,1.0
3601023,male,672.2,631.9,701.5,201-500,1.0
3601027,female,515.0,576.5,478.2,201-500,-0.4
3601028,female,443.7,566.7,434.6,101-200,1.1
3601029,male,353.2,355.6,431.2,26-100,0.9
3601030,female,424.6,480.1,465.9,26-100,0.6
3601031,male,633.0,585.3,688.3,more than 500,0.8
3601032,male,572.9,544.2,606.7,201-500,1.4
3601033,male,599.8,569.8,560.9,101-200,0.8
3601035,female,475.7,505.3,482.0,26-100,0.6
3601036,female,500.0,505.0,455.0,201-500,-0.1
3601039,male,557.8,638.5,634.5,201-500,0.1
3601040,male,431.0,375.6,491.6,201-500,-0.5
3601041,male,419.8,376.1,402.9,0-10,-0.2
3601042,male,602.0,638.8,709.1,26-100,0.9
3601044,female,561.0,537.8,627.1,201-500,0.9
3601045,male,566.5,506.0,533.1,101-200,0.1
3601047,male,577.2,661.5,691.1,101-200,1.3
3601048,male,412.1,395.0,424.5,11-25,0.5
3601049,female,447.7,449.3,424.3,201-500,0.6
3601050,female,515.2,549.1,459.2,101-200,1.0
3601053,male,482.7,458.5,484.7,201-500,0.5
3601054,male,498.7,518.3,572.6,11-25,-0.5
3601056,female,514.6,641.2,587.4,11-25,0.3
3601058,female,479.9,356.6,516.3,11-25,0.6
3601059,male,609.1,544.0,575.7,26-100,0.8
3601060,male,574.3,496.3,586.7,26-100,0.1
3601061,female,397.8,363.2,373.4,26-100,0.8
3601062,female,450.8,532.7,468.3,more than 500,0.9
3601063,male,291.0,338.5,297.0,0-10,0.3
3601065,female,424.8,529.2,474.7,more than 500,1.2
3601066,female,509.3,531.3,531.3,101-200,-0.7
3601067,male,548.6,511.4,525.6,101-200,1.0
3601068,female,407.5,479.7,452.6,101-200,-0.6
3601069,female,391.3,396.7,421.2,201-500,1.4
3601071,female,614.5,505.3,627.9,more than 500,1.4
3601073,female,489.6,569.6,527.5,more than 500,1.1
3601074,female,494.5,526.8,484.3,26-100,0.4
3601075,female,512.6,581.9,581.4,26-100,0.3
3601076,male,520.9,527.5,495.4,101-200,0.5
3601080,male,303.6,275.9,279.6,26-100,-0.3
3601082,male,557.3,619.4,595.6,101-200,-0.1
3601083,female,570.3,506.8,682.0,201-500,1.4
3601086,female,295.0,322.5,239.0,0-10,1.0
3601087,female,392.3,441.0,459.7,11-25,-0.4
3601089,female,528.4,582.3,562.9,101-200,0.9
3601091,female,457.1,538.5,451.0,101-200,-0.1
3601093,female,471.2,534.2,500.6,101-200,-0.2
3601094,male,293.8,321.0,240.1,101-200,-0.8
3601095,male,466.3,519.0,547.4,201-500,0.3
3601096,female,377.8,454.4,440.6,26-100,-0.7
3601097,female,497.1,561.4,606.4,201-500,1.1
3601098,female,584.6,566.5,594.4,more than 500,1.2
3601099,female,404.5,381.5,428.4,26-100,0.1
3601102,female,671.9,735.2,723.0,more than 500,1.0
3601103,male,464.9,395.9,496.0,0-10,-1.3
3601106,male,526.8,605.9,593.1,26-100,0.2
3601107,female,531.4,524.2,568.1,201-500,0.0
3601108,female,549.9,499.2,571.4,101-200,1.4
3601109,female,497.0,523.7,506.4,more than 500,0.6
3601110,female,505.3,648.7,567.6,101-200,-0.3
3601111,female,479.5,510.5,502.6,101-200,0.9
3601112,male,530.3,462.5,475.6,26-100,0.7
3601113,male,537.3,553.9,561.8,more than 500,0.7
3601114,female,568.3,573.2,542.3,101-200,1.3
3601115,male,489.7,414.1,473.7,101-200,-0.0
3601116,female,490.3,450.7,523.6,101-200,-0.4
3601118,female,292.6,397.6,332.3,26-100,-0.1
3601119,male,546.8,498.3,561.9,101-200,0.6
3601121,male,477.3,481.6,541.4,101-200,-0.6
3601123,male,460.5,481.4,508.8,101-200,0.8
3601125,male,624.6,622.2,616.5,more than 500,1.3
3601126,male,438.7,360.1,495.2,more than 500,1.1
3601128,female,490.3,597.7,570.3,201-500,0.6
3601129,male,410.6,527.4,429.7,26-100,-0.0
3601130,male,557.2,508.8,597.0,more than 500,1.6
3601133,female,606.7,647.8,577.5,more than 500,1.5
3601136,female,562.3,543.1,447.6,201-500,0.2
3601138,female,494.2,539.4,548.0,201-500,0.8
3601140,male,381.6,461.8,453.1,201-500,0.2
3601141,male,430.0,422.9,404.3,101-200,-0.6
3601142,male,578.6,542.9,583.3,201-500,0.5
3601143,female,487.2,563.8,505.0,more than 500,-0.2
3601150,male,455.5,540.3,507.9,201-500,0.3
3601151,male,550.8,464.6,524.1,101-200,0.3
3601152,male,356.7,413.1,400.4,101-200,0.2
3601156,male,544.6,527.6,460.0,11-25,-2.1
3601157,female,448.6,490.8,462.6,101-200,0.3
3601158,male,261.0,236.6,301.5,101-200,-0.2
3601161,female,516.3,606.8,513.2,201-500,1.0
3601162,female,465.8,468.0,454.0,201-500,1.0
3601163,female,631.6,752.6,668.6,201-500,1.1
3601168,male,523.1,441.0,512.4,201-500,-0.8
3601169,male,492.5,421.9,461.9,11-25,-0.1
3601170,male,491.2,542.2,485.3,201-500,1.1
3601172,male,691.0,695.2,783.7,201-500,0.8
3601177,male,698.3,637.7,778.0,101-200,0.8
3601178,female,458.9,495.5,471.9,101-200,-1.4
3601180,male,369.1,486.0,425.8,11-25,-1.7
3601181,male,371.4,278.7,306.3,26-100,-1.2
3601183,female,422.2,373.0,462.5,201-500,0.6
3601185,male,269.8,286.5,348.0,11-25,-1.6
3601186,female,621.2,693.1,652.1,201-500,0.8
3601187,female,421.4,404.0,512.3,201-500,-0.2
3601188,female,429.3,447.1,460.9,11-25,-0.1
3601189,male,539.1,528.2,525.9,201-500,1.0
3601191,female,548.0,604.7,600.8,101-200,0.5
3601192,male,710.8,713.5,695.6,201-500,1.5
3601193,female,451.4,488.9,517.9,more than 500,1.2
3601195,male,483.7,453.4,429.0,0-10,0.8
3601196,male,544.9,534.8,472.3,0-10,-0.0
3601197,male,434.0,411.9,456.3,101-200,0.9
3601198,female,606.9,723.4,630.9,101-200,1.0
3601199,male,334.3,338.0,323.3,101-200,-0.0
3601200,female,565.0,645.2,643.6,more than 500,0.7
3601202,male,462.2,580.9,581.5,101-200,0.7
3601206,female,599.4,615.0,627.4,201-500,1.1
3601208,female,387.5,574.8,448.1,101-200,-0.3
3601209,female,504.6,455.1,527.2,201-500,0.7
3601212,female,432.4,545.5,479.7,201-500,0.9
3601213,male,420.3,515.1,466.1,101-200,0.6
3601215,female,489.4,450.7,539.0,201-500,0.8
3601216,female,619.0,630.3,663.7,more than 500,1.4
3601217,male,455.5,403.0,397.6,11-25,-0.9
3601218,male,424.1,361.8,465.3,26-100,-0.4
3601220,male,561.1,501.7,665.7,11-25,0.9
3601221,female,753.1,743.6,729.5,101-200,1.2
3601222,female,505.6,623.4,524.8,26-100,0.9
3601224,male,448.4,484.7,452.8,more than 500,1.6
3601225,male,622.3,581.1,690.4,more than 500,1.0
3601226,male,423.9,522.7,461.1,26-100,-0.1
3601227,male,469.9,480.5,516.8,101-200,0.1
3601229,female,383.3,437.4,372.2,26-100,-0.1
3601230,male,593.4,557.8,657.3,more than 500,0.1
3601232,male,726.7,850.1,679.2,101-200,-0.6
3601235,male,622.1,539.2,661.7,26-100,1.2
3601237,female,464.9,605.7,560.2,26-100,-0.4
3601238,male,356.7,388.5,386.8,26-100,-0.4
3601239,male,586.9,486.9,462.0,201-500,0.5
3601240,male,707.9,641.2,744.7,101-200,0.4
3601242,female,526.1,686.7,522.5,more than 500,1.5
3601245,male,600.8,574.9,709.0,101-200,0.8
3601247,male,432.8,529.7,526.5,101-200,-0.8
3601248,female,366.8,418.4,422.9,101-200,-1.3
3601249,male,515.6,472.3,530.5,more than 500,1.3
3601250,female,537.1,598.8,573.8,26-100,-0.7
3601253,male,294.3,324.5,301.5,26-100,-0.3
3601254,male,372.9,356.2,464.2,0-10,-0.2
3601259,female,446.3,530.7,526.4,26-100,0.5
3601261,female,335.8,297.3,387.7,26-100,-0.8
3601262,female,505.6,496.7,433.2,11-25,-0.0
3601263,female,624.8,632.7,643.4,26-100,-0.3
3601265,female,542.8,531.7,610.5,201-500,1.3
3601269,female,433.4,559.9,491.4,26-100,-0.4
3601270,male,421.0,320.0,395.9,101-200,0.3
3601271,female,464.5,558.3,538.1,101-200,0.2
3601272,female,619.7,691.1,678.6,more than 500,1.1
3601276,female,252.6,335.6,318.3,26-100,-1.8
3601278,male,616.4,517.7,698.8,26-100,0.4
3601281,male,327.8,336.4,272.7,201-500,-0.7
3601282,female,517.5,530.6,553.6,11-25,0.1
3601283,female,480.5,461.4,543.4,201-500,1.2
3601284,female,550.6,521.8,567.0,101-200,0.6
3601285,female,384.8,494.1,452.0,101-200,0.9
3601288,male,609.1,646.4,611.9,201-500,0.9
3601291,male,545.0,554.3,553.3,26-100,0.1
3601293,male,411.1,454.3,364.3,0-10,0.4
3601295,female,378.7,541.8,423.0,26-100,-1.1
3601297,male,301.8,336.2,371.1,201-500,1.0
3601298,female,417.6,308.6,430.6,101-200,-0.1
3601299,male,664.9,595.0,672.0,26-100,0.7
3601300,female,357.5,378.0,358.4,26-100,-1.0
3601301,male,395.1,513.6,554.2,101-200,-0.0
3601302,male,490.9,450.3,511.3,201-500,1.1
3601304,male,329.5,287.2,289.9,11-25,-1.2
3601306,male,564.6,600.8,612.6,201-500,1.4
3601308,male,598.1,687.6,685.1,101-200,-0.3
3601309,male,357.3,421.9,325.8,26-100,-0.6
3601311,male,521.9,474.0,495.8,101-200,-1.7
3601312,male,461.0,371.9,432.6,101-200,-0.8
3601314,female,417.3,480.7,409.2,11-25,0.2
3601315,male,488.4,443.9,556.8,more than 500,0.5
3601316,male,516.7,366.8,595.4,201-500,0.6
3601317,female,643.1,572.4,629.8,101-200,1.3
3601318,male,459.7,465.2,462.4,more than 500,0.1
3601319,male,446.1,330.3,392.9,0-10,-0.2
3601320,female,279.4,215.3,259.9,101-200,-0.5
3601324,female,639.6,611.6,604.3,more than 500,1.4
3601325,male,516.4,596.7,594.3,26-100,-0.5
3601328,male,333.1,285.5,380.9,11-25,0.1
3601329,male,397.2,423.6,476.6,11-25,0.2
3601331,male,367.1,383.6,344.2,0-10,-1.1
3601333,female,579.4,621.3,647.6,more than 500,1.1
3601334,female,672.8,688.2,650.0,101-200,1.4
3601338,male,543.3,516.2,504.1,101-200,0.4
3601339,male,360.2,303.3,423.5,101-200,0.1
3601340,male,481.9,498.4,528.6,201-500,1.0
3601344,female,321.2,337.4,403.8,11-25,-0.7
3601345,female,607.4,577.6,537.2,26-100,0.2
3601347,male,658.0,658.4,656.8,201-500,1.0
3601352,female,568.5,621.3,656.8,101-200,0.9
3601353,male,420.1,480.1,461.3,101-200,-0.4
3601354,male,608.7,535.9,575.8,201-500,1.3
3601357,female,525.4,462.3,549.5,101-200,0.1
3601358,female,364.7,438.3,351.9,201-500,0.6
3601359,female,528.9,594.7,540.6,more than 500,1.2
3601360,female,605.2,528.4,565.5,more than 500,1.3
3601363,male,634.2,528.0,593.4,26-100,1.2
3601364,male,524.5,513.2,546.8,201-500,0.7
3601366,male,575.3,573.4,604.8,more than 500,1.3
3601367,male,305.2,329.0,289.7,26-100,-0.7
3601368,female,470.7,534.5,592.3,11-25,-0.1
3601369,female,452.3,470.8,434.4,101-200,0.7
3601370,male,565.8,512.9,634.0,201-500,1.4
3601371,female,585.4,584.4,568.6,101-200,-0.5
3601372,male,517.2,535.4,473.9,101-200,1.5
3601373,male,536.7,681.1,583.5,101-200,1.3
3601374,female,571.0,538.5,652.3,more than 500,1.1
3601376,male,563.8,522.4,637.7,101-200,1.0
3601378,male,561.0,613.4,502.6,201-500,1.3
3601380,male,322.1,287.5,284.4,11-25,-0.8
3601382,male,570.6,604.3,655.0,101-200,1.0
3601383,female,435.0,412.0,534.8,more than 500,1.1
3601384,male,460.4,384.4,396.4,11-25,0.2
3601385,female,481.8,669.2,485.3,26-100,-0.3
3601386,male,502.3,597.1,626.5,more than 500,1.0
3601387,female,450.1,432.2,513.6,101-200,0.7
3601389,female,516.0,587.0,651.4,201-500,-1.3
3601391,male,612.7,666.3,717.2,101-200,1.1
3601393,male,555.8,592.6,619.4,more than 500,1.2
3601395,female,575.9,669.9,666.5,26-100,0.1
3601396,male,567.7,606.0,576.3,201-500,1.0
3601397,male,460.2,594.5,549.7,101-200,1.1
3601399,male,327.4,367.2,370.9,101-200,-0.1
3601400,female,292.0,388.7,357.9,26-100,-0.5
3601401,male,434.4,481.6,393.7,101-200,0.5
3601402,female,554.3,633.7,606.5,more than 500,1.3
3601403,female,471.6,495.0,499.3,more than 500,1.4
3601404,male,350.1,266.4,326.4,101-200,0.5
3601405,male,568.9,548.4,536.8,201-500,0.7
3601407,male,562.2,659.5,523.8,201-500,1.5
3601408,male,483.6,452.3,482.7,101-200,1.0
3601409,male,384.1,373.8,416.3,101-200,1.1
3601411,male,530.3,554.5,630.5,more than 500,1.5
3601413,male,585.4,526.1,503.6,201-500,1.2
3601414,female,399.4,429.2,398.6,101-200,0.9
3601415,male,336.3,217.7,291.0,201-500,-0.5
3601417,female,566.2,544.4,593.4,101-200,0.2
3601418,female,626.7,600.1,662.4,more than 500,1.2
3601420,male,531.7,490.2,502.7,101-200,-0.3
3601421,male,455.8,402.2,525.3,0-10,-1.3
3601422,male,417.6,345.5,355.5,11-25,-0.1
3601425,female,583.5,589.4,568.1,101-200,1.4
3601427,female,478.2,501.1,459.4,101-200,0.5
3601428,female,405.4,348.4,425.9,26-100,-1.0
3601429,female,440.5,453.8,402.0,26-100,0.3
3601430,female,492.9,650.3,541.4,201-500,0.8
3601431,male,475.5,362.1,482.0,101-200,1.2
3601433,male,560.3,538.9,554.0,101-200,0.7
3601436,male,563.2,606.0,590.1,26-100,1.0
3601437,female,464.6,426.5,442.9,101-200,0.7
3601438,female,448.9,416.3,381.1,26-100,-0.6
3601439,male,527.6,420.9,584.7,101-200,0.9
3601440,male,502.8,530.7,567.8,201-500,1.2
3601441,female,713.5,635.9,726.4,more than 500,0.5
3601444,female,426.2,485.6,494.3,more than 500,-0.8
3601445,male,515.0,504.2,530.1,26-100,-0.8
3601449,male,559.6,610.8,650.5,more than 500,0.5
3601450,female,302.7,313.5,284.0,26-100,0.2
3601451,male,665.7,605.1,704.2,101-200,1.3
3601452,female,665.6,694.3,646.0,101-200,-0.1
3601454,male,525.8,525.0,570.9,101-200,0.7
3601455,male,514.6,619.9,484.1,101-200,0.9
3601457,female,386.4,512.3,460.9,26-100,0.3
3601458,male,504.8,528.8,508.9,201-500,1.1
3601459,female,512.2,652.2,544.9,26-100,-0.8
3601461,female,411.7,521.6,403.3,101-200,-0.5
3601462,female,682.8,619.9,649.6,26-100,0.9
3601463,female,677.6,653.1,692.5,201-500,1.4
3601464,male,345.8,344.4,331.4,0-10,0.8
3601465,female,340.7,365.0,413.5,11-25,-0.6
3601469,female,379.8,324.8,292.8,101-200,-0.3
3601471,male,347.1,395.1,349.4,more than 500,1.1
3601473,male,527.5,605.7,527.8,201-500,1.1
3601477,female,533.7,562.7,594.2,101-200,1.1
3601479,female,550.3,559.6,603.2,201-500,1.1
3601480,female,697.0,721.5,611.8,101-200,1.2
3601481,female,483.0,521.4,535.5,201-500,0.9
3601484,female,450.5,422.2,367.9,11-25,-1.3
3601488,female,506.1,597.2,575.4,101-200,0.5
3601491,male,342.4,397.2,438.6,101-200,-0.5
3601492,female,410.4,443.6,444.5,101-200,0.9
3601493,male,608.8,630.5,621.9,more than 500,0.2
3601494,female,573.8,611.8,752.3,more than 500,0.9
3601496,male,506.1,528.0,542.2,201-500,1.3
3601500,female,577.9,505.9,534.8,more than 500,1.5
3601502,male,463.2,469.7,442.4,101-200,0.4
3601505,female,471.7,549.9,504.1,26-100,-0.1
3601506,male,452.5,489.6,482.1,26-100,-1.0
3601507,female,500.8,667.6,563.3,more than 500,1.5
3601508,female,403.3,435.3,460.8,11-25,0.7
3601509,female,461.3,475.7,516.2,201-500,0.7
3601511,female,335.5,328.6,289.6,0-10,-0.8
3601512,female,554.8,646.2,656.5,101-200,0.8
3601513,female,589.7,688.3,677.5,101-200,1.1
3601514,female,476.1,393.2,399.0,101-200,0.7
3601517,female,366.1,369.2,403.0,101-200,1.0
3601518,male,430.1,419.3,467.2,11-25,-0.6
3601519,female,474.9,519.8,566.9,more than 500,0.0
3601520,male,398.8,366.3,458.1,26-100,-0.4
3601521,female,395.0,465.0,415.6,101-200,-0.6
3601522,male,463.4,505.4,515.0,101-200,-1.2
3601523,female,548.9,590.8,586.4,101-200,1.2
3601524,male,369.0,529.1,384.8,11-25,0.4
3601525,female,583.7,653.4,668.8,101-200,-0.4
3601526,male,504.0,496.3,544.7,101-200,0.9
3601528,male,507.8,401.2,505.5,101-200,1.3
3601531,female,396.1,479.1,450.4,26-100,0.6
3601532,female,526.7,684.9,625.0,more than 500,-0.4
3601533,male,473.8,377.1,416.3,26-100,-0.9
3601534,female,442.7,621.4,531.4,more than 500,0.8
3601536,male,360.5,297.0,401.0,101-200,0.3
3601537,male,567.9,553.7,536.0,more than 500,1.0
3601540,male,494.1,462.4,486.8,101-200,1.1
3601541,female,565.3,549.5,566.7,101-200,1.4
3601542,female,646.5,649.8,632.4,more than 500,0.3
3601544,female,384.7,448.2,438.0,more than 500,1.1
3601546,male,607.7,617.0,574.9,201-500,0.3
3601547,female,491.8,536.3,574.3,201-500,1.2
3601549,female,488.2,400.7,470.8,26-100,-0.6
3601551,male,359.9,237.9,370.8,101-200,-0.2
3601552,female,505.0,545.4,664.9,101-200,1.1
3601553,male,682.7,596.4,645.4,11-25,0.3
3601554,male,601.9,761.7,700.2,101-200,0.8
3601556,female,503.9,470.0,521.1,more than 500,0.4
3601559,male,566.9,589.0,687.4,more than 500,1.2
3601560,female,402.4,460.5,416.3,26-100,1.2
3601568,female,496.3,546.9,576.3,26-100,0.8
3601569,male,419.5,460.6,459.4,11-25,-1.0
3601571,male,382.9,300.7,346.2,26-100,-0.6
3601573,female,585.3,584.0,603.8,201-500,1.1
3601575,female,531.1,517.4,524.1,101-200,-0.1
3601576,female,318.2,345.4,343.2,26-100,0.5
3601579,female,551.4,563.5,458.1,101-200,0.6
3601581,male,708.5,699.2,722.6,201-500,1.5
3601582,male,569.6,595.0,548.7,more than 500,0.7
3601583,male,492.3,493.3,489.1,26-100,-1.1
3601585,male,459.1,411.2,479.5,more than 500,0.1
3601586,female,548.6,609.8,541.1,201-500,0.2
3601587,male,414.9,408.4,412.8,11-25,0.5
3601588,male,527.6,442.5,539.2,201-500,0.5
3601592,male,506.2,520.2,525.3,more than 500,1.0
3601593,female,437.7,464.3,476.5,26-100,0.7
3601596,male,464.1,415.7,490.4,101-200,0.3
3601597,female,506.8,487.6,490.9,201-500,-0.0
3601598,male,422.0,531.6,518.2,more than 500,1.1
3601599,male,505.2,373.9,419.2,more than 500,-0.4
3601602,male,711.6,705.4,694.1,201-500,1.6
3601603,male,431.3,519.5,451.7,201-500,-0.2
3601605,female,494.9,612.9,547.7,26-100,0.6
3601606,female,539.7,589.4,573.7,more than 500,0.9
3601607,male,422.7,331.0,460.7,101-200,0.1
3601608,male,415.8,442.4,455.7,11-25,-0.7
3601609,female,480.8,441.0,483.7,101-200,-0.0
3601611,female,382.0,428.6,394.9,11-25,-1.5
3601612,female,603.5,671.5,579.0,201-500,-0.1
3601613,male,514.7,470.3,556.9,101-200,0.3
3601614,male,548.6,468.8,555.5,26-100,0.6
3601615,male,613.1,637.1,634.9,101-200,1.4
3601616,male,471.0,473.5,493.4,201-500,-0.0
3601617,male,700.1,592.0,754.9,201-500,0.3
3601619,male,441.1,475.1,425.3,0-10,-1.0
3601621,female,520.9,598.0,574.7,more than 500,1.3
3601622,female,444.0,358.2,458.7,101-200,0.9
3601625,female,521.5,587.9,643.1,201-500,1.1
3601629,female,362.4,381.4,372.2,201-500,0.5
3601630,female,493.4,539.0,549.4,26-100,1.2
3601633,male,495.1,548.8,453.7,101-200,-0.3
3601634,male,583.3,636.7,560.0,101-200,1.3
3601635,male,476.7,634.0,555.9,101-200,0.8
3601640,female,350.1,440.9,332.2,0-10,-0.6
3601641,female,444.1,395.2,511.5,201-500,0.5
3601643,male,424.1,469.6,401.2,201-500,-0.3
3601644,female,666.1,673.5,753.6,more than 500,1.2
3601645,male,637.2,632.8,655.5,26-100,-0.1
3601646,male,392.3,464.0,427.4,101-200,0.6
3601647,male,389.2,393.5,431.1,201-500,-0.1
3601648,male,548.6,520.4,588.2,11-25,-0.8
3601650,male,588.5,636.0,601.8,more than 500,1.2
3601653,female,590.6,606.6,633.9,more than 500,1.0
3601655,female,486.5,495.4,526.1,26-100,-0.4
3601658,male,562.1,591.0,551.7,101-200,0.6
3601659,male,596.3,556.7,650.7,26-100,0.2
3601661,male,527.3,573.9,497.4,26-100,0.1
3601663,male,507.8,596.6,523.6,101-200,-0.4
3601664,male,321.4,316.3,280.7,0-10,-0.5
3601667,male,527.3,502.5,438.7,101-200,-0.4
3601668,male,716.6,632.4,714.9,101-200,0.9
3601669,male,506.8,469.4,482.8,11-25,-1.2
3601671,female,432.0,461.2,486.9,more than 500,1.3
3601672,male,354.3,337.9,326.4,26-100,0.8
3601673,male,367.7,415.8,390.6,26-100,-1.4
3601675,female,513.8,529.8,639.5,101-200,1.1
3601678,female,384.9,405.7,389.6,11-25,0.8
3601679,female,489.2,521.2,564.0,101-200,1.3
3601681,female,563.1,562.1,520.5,more than 500,1.1
3601683,female,473.8,610.0,512.7,26-100,-0.2
3601687,female,494.1,514.1,535.4,more than 500,1.2
3601688,male,481.9,570.5,539.0,26-100,0.3
3601690,male,591.0,515.4,656.2,more than 500,1.3
3601693,male,524.0,505.5,417.0,201-500,0.1
3601694,female,275.5,332.1,328.3,101-200,0.2
3601697,female,589.4,523.2,678.3,more than 500,-0.3
3601698,male,468.4,433.3,545.1,101-200,-0.5
3601700,female,632.8,624.4,603.9,201-500,1.4
3601701,female,520.4,512.4,525.9,101-200,1.2
3601702,male,589.0,612.7,715.7,201-500,0.2
3601708,male,357.9,268.0,460.1,11-25,-1.1
3601709,male,338.7,332.5,373.9,101-200,0.9
3601710,male,471.1,518.2,512.4,201-500,0.1
3601711,male,589.9,512.0,566.4,26-100,-2.2
3601713,female,415.2,496.3,484.0,201-500,-0.2
3601714,male,593.8,609.1,650.8,26-100,-0.6
3601716,female,463.7,541.6,494.5,101-200,0.6
3601717,female,487.2,466.0,478.0,101-200,-2.8
3601719,female,532.5,474.6,593.9,101-200,0.7
3601721,male,423.6,391.0,503.2,201-500,0.3
3601725,male,344.1,294.8,384.6,101-200,-0.4
3601726,male,316.4,268.5,337.1,101-200,-0.2
3601727,male,691.9,640.9,635.2,201-500,-1.6
3601728,male,599.5,482.2,566.7,101-200,1.2
3601730,male,371.6,332.7,361.8,101-200,-1.3
3601731,female,493.9,602.9,650.9,101-200,-0.3
3601732,female,537.5,540.4,518.7,26-100,0.9
3601733,male,380.4,369.3,270.5,201-500,0.2
3601734,male,465.7,485.6,585.6,11-25,-0.7
3601735,male,463.0,530.8,440.7,101-200,1.1
3601736,female,459.1,650.5,510.7,101-200,-0.0
3601737,male,343.5,334.6,338.2,101-200,0.3
3601738,male,572.3,622.3,615.1,201-500,1.2
3601740,female,565.7,655.6,585.9,201-500,1.2
3601741,female,454.1,516.5,563.0,201-500,-0.1
3601742,male,449.5,421.0,506.7,101-200,0.5
3601746,female,502.2,603.4,613.2,more than 500,1.4
3601747,female,499.6,421.4,495.8,101-200,1.3
3601750,male,439.2,558.6,452.5,26-100,-0.4
3601751,male,549.9,504.0,482.8,101-200,0.8
3601754,male,444.2,415.3,468.0,101-200,1.3
3601755,female,658.5,804.2,701.4,more than 500,1.5
3601758,male,543.8,516.6,556.9,101-200,0.5
3601759,female,522.0,461.3,537.6,201-500,1.2
3601762,female,562.7,647.6,664.6,more than 500,1.3
3601765,male,483.9,445.4,561.4,101-200,1.6
3601766,male,579.1,514.2,630.8,26-100,-0.7
3601769,male,328.5,307.4,359.3,0-10,-0.6
3601772,female,642.3,573.7,579.0,201-500,1.2
3601775,male,581.3,578.4,671.9,201-500,0.2
3601777,female,468.8,454.7,413.0,101-200,-0.9
3601778,female,417.3,402.0,536.9,26-100,0.5
3601780,male,441.0,563.9,461.2,26-100,0.4
3601781,male,412.1,447.4,460.9,101-200,0.2
3601782,male,508.2,531.3,606.4,101-200,0.9
3601783,male,439.0,420.3,427.8,201-500,0.8
3601784,female,329.6,289.6,283.1,11-25,-2.8
3601786,male,371.0,405.2,336.0,0-10,-2.4
3601787,female,550.1,531.1,570.9,26-100,-0.3
3601788,male,544.9,632.6,639.3,101-200,-1.1
3601790,male,335.0,303.5,219.5,0-10,0.1
3601791,male,444.8,527.9,426.1,101-200,0.9
3601792,male,401.5,444.8,360.6,11-25,-0.1
3601793,male,327.5,348.6,312.6,101-200,1.0
3601794,male,440.0,437.7,500.1,101-200,0.8
3601795,female,449.1,559.5,551.2,11-25,-0.8
3601797,female,467.7,420.5,618.5,101-200,0.7
3601798,male,517.6,590.3,599.5,26-100,-0.8
3601799,female,498.7,505.4,534.4,101-200,0.6
3601801,female,547.2,654.5,565.1,26-100,-0.8
3601804,male,488.8,468.7,506.2,26-100,-0.3
3601805,male,669.6,755.9,758.2,26-100,0.4
3601807,female,560.2,644.3,574.6,more than 500,0.4
3601810,male,541.8,550.5,617.7,101-200,0.7
3601817,female,343.9,346.0,345.3,101-200,0.7
3601819,male,432.9,403.6,440.1,0-10,-1.4
3601820,female,644.5,645.6,652.5,more than 500,1.3
3601823,male,524.1,472.0,465.9,201-500,0.5
3601825,male,432.9,421.7,441.3,101-200,0.9
3601827,male,440.9,583.9,506.2,101-200,0.5
3601829,female,396.4,447.9,426.5,101-200,-0.6
3601835,male,524.0,482.1,513.0,11-25,0.4
3601836,male,592.5,365.7,489.4,101-200,-1.7
3601837,male,525.5,520.5,529.5,101-200,0.1
3601839,female,364.5,460.3,380.2,201-500,0.8
3601840,female,498.8,533.3,565.1,11-25,-0.1
3601842,female,566.1,535.8,695.1,101-200,0.3
3601844,male,407.7,362.7,443.4,201-500,0.3
3601845,female,559.1,556.9,626.9,26-100,0.9
3601846,female,492.8,511.4,498.3,101-200,1.1
3601847,female,485.4,554.8,492.7,26-100,0.5
3601848,female,421.5,471.3,455.8,201-500,-0.6
3601849,female,505.0,427.5,431.6,more than 500,1.6
3601853,male,488.5,422.3,528.5,26-100,-1.6
3601855,male,703.1,686.8,615.5,more than 500,0.7
3601856,male,509.3,449.2,506.5,more than 500,1.5
3601857,male,650.4,586.1,685.4,201-500,1.4
3601859,male,568.7,600.2,618.4,more than 500,1.5
3601860,female,364.3,290.0,427.7,201-500,0.1
3601862,male,614.9,597.4,618.7,101-200,1.2
3601863,male,440.3,389.4,532.8,26-100,-0.5
3601864,male,502.5,534.4,450.3,11-25,-1.3
3601865,female,610.5,545.7,609.5,more than 500,1.1
3601867,male,550.4,531.0,567.5,201-500,0.9
3601870,female,348.7,226.4,357.5,101-200,1.3
3601872,male,346.9,488.6,367.8,101-200,-0.7
3601874,female,326.9,404.9,397.0,101-200,-0.7
3601875,female,464.1,513.3,536.2,101-200,-1.4
3601880,female,562.8,688.0,635.4,more than 500,-0.6
3601882,male,612.0,585.7,549.9,101-200,1.2
3601887,male,318.2,268.9,315.8,0-10,1.9
3601889,male,444.9,432.0,501.8,26-100,0.6
3601890,male,364.2,418.7,381.6,11-25,0.3
3601892,male,480.0,482.4,545.4,101-200,0.2
3601893,female,572.4,536.2,577.5,201-500,0.9
3601895,female,562.3,551.3,558.9,101-200,1.3
3601896,male,509.5,445.2,359.9,201-500,1.5
3601897,female,380.2,318.5,359.1,11-25,-0.6
3601898,male,508.9,404.2,484.3,more than 500,1.7
3601899,male,534.0,631.6,668.0,201-500,0.1
3601901,male,502.3,526.6,554.3,101-200,0.8
3601904,female,474.1,390.6,469.5,101-200,-0.0
3601906,male,572.0,614.5,527.8,26-100,1.4
3601911,female,396.8,445.6,353.5,201-500,1.1
3601912,female,481.0,531.2,575.9,more than 500,1.1
3601913,female,469.4,572.3,475.5,201-500,1.0
3601914,female,454.4,431.4,448.7,26-100,0.9
3601915,female,387.6,480.6,447.8,201-500,-0.4
3601916,female,567.6,617.8,587.3,11-25,1.1
3601917,male,370.3,384.3,390.0,201-500,-0.1
3601921,male,529.2,502.6,555.2,201-500,-0.3
3601922,male,577.7,596.6,548.9,201-500,1.1
3601923,male,430.0,321.8,484.2,26-100,0.0
3601924,female,519.3,618.4,557.4,more than 500,1.0
3601927,female,278.6,263.6,285.1,11-25,-0.0
3601930,male,589.4,560.5,682.1,26-100,0.7
3601931,male,567.8,559.9,456.5,26-100,0.7
3601933,female,331.1,458.0,351.7,101-200,0.7
3601935,male,431.6,345.0,511.5,101-200,0.1
3601936,female,418.3,511.5,468.2,201-500,0.9
3601938,male,358.2,332.6,376.3,11-25,0.1
3601939,female,425.1,411.6,526.8,11-25,-0.8
3601940,male,678.6,667.0,651.7,101-200,0.5
3601941,female,564.9,575.5,639.2,more than 500,1.2
3601945,female,477.5,421.6,439.8,101-200,1.0
3601947,female,599.7,596.0,647.7,more than 500,1.0
3601948,male,582.2,515.8,553.2,101-200,1.0
3601949,female,568.2,621.4,673.4,more than 500,1.4
3601954,female,404.0,351.7,344.1,26-100,0.6
3601955,female,391.5,457.8,491.7,201-500,0.1
3601957,female,420.8,451.3,421.1,101-200,1.0
3601963,female,497.7,579.2,490.0,0-10,0.1
3601964,male,674.0,604.6,720.5,101-200,1.0
3601967,male,415.8,369.6,388.7,26-100,-2.5
3601968,male,460.3,517.9,499.2,101-200,1.2
3601969,male,427.3,431.7,472.8,26-100,0.9
3601971,female,361.1,388.0,391.1,11-25,-0.9
3601974,male,517.0,502.9,526.0,more than 500,1.0
3601975,male,455.0,526.2,586.5,201-500,-1.9
3601976,female,448.8,523.0,535.2,26-100,1.0
3601977,female,749.6,744.8,737.6,more than 500,1.3
3601981,female,317.5,477.7,390.7,26-100,1.0
3601983,male,351.0,367.0,355.0,26-100,-0.4
3601984,male,560.0,518.9,513.3,26-100,-1.3
3601985,female,555.8,581.0,616.0,201-500,1.1
3601986,male,605.9,598.1,642.5,101-200,0.9
3601987,male,533.0,591.6,561.3,more than 500,0.8
3601988,female,668.4,566.3,657.2,201-500,1.2
3601989,male,506.6,503.6,533.9,101-200,0.9
3601990,female,537.6,615.2,535.8,more than 500,1.6
3601991,female,580.8,671.4,723.3,201-500,0.9
3601993,male,514.4,428.9,499.9,101-200,1.3
3601995,male,406.6,229.3,271.1,0-10,-0.5
3601998,female,398.6,400.3,333.7,26-100,-0.9
3601999,female,494.3,575.1,545.4,101-200,-0.4
3602000,female,456.6,527.3,386.9,more than 500,-0.0
3602001,male,581.2,563.2,546.7,201-500,0.1
3602002,male,628.2,724.2,688.6,101-200,-0.1
3602003,female,611.6,538.7,739.8,more than 500,0.9
3602004,male,330.6,303.4,370.7,11-25,-0.8
3602005,female,436.4,450.6,426.0,11-25,-0.1
3602009,female,479.2,475.0,397.4,101-200,0.3
3602011,female,536.0,510.7,622.6,201-500,0.3
3602014,male,499.2,495.0,516.1,101-200,0.7
3602015,male,488.7,501.4,614.8,101-200,0.9
3602016,male,392.5,367.3,413.5,11-25,-0.8
3602017,female,384.0,528.8,438.4,11-25,-0.8
3602018,female,552.2,597.4,520.0,101-200,0.9
3602020,female,416.2,450.8,399.0,26-100,0.5
3602022,male,678.2,689.2,689.6,201-500,1.7
3602026,male,535.6,620.4,562.8,101-200,1.2
3602028,male,648.5,610.9,659.0,more than 500,1.1
3602029,female,500.7,452.0,563.6,11-25,-0.4
3602034,male,388.7,402.9,343.2,201-500,0.7
3602035,female,491.0,453.3,552.9,101-200,-0.9
3602036,male,428.6,474.8,477.3,26-100,-1.3
3602038,female,377.1,336.7,438.7,101-200,0.2
3602039,female,631.4,566.3,718.6,more than 500,1.1
3602040,male,596.5,659.0,667.5,more than 500,2.1
3602041,female,460.8,388.5,397.5,26-100,-0.2
3602044,female,601.2,694.5,647.5,26-100,-0.2
3602047,male,361.9,434.1,419.2,0-10,0.2
3602048,male,595.6,540.7,560.8,11-25,0.2
3602049,female,469.4,486.4,461.8,201-500,0.5
3602050,female,629.7,675.3,711.5,more than 500,1.6
3602053,male,532.4,454.0,490.9,more than 500,0.9
3602055,male,388.1,506.6,436.5,0-10,-1.5
3602057,male,654.4,624.8,670.9,201-500,1.7
3602058,female,405.0,462.9,366.9,201-500,-0.0
3602061,male,453.5,434.4,475.9,more than 500,0.9
3602062,male,517.3,529.4,517.2,101-200,0.6
3602064,male,547.4,478.0,562.4,101-200,-0.0
3602065,male,745.8,792.7,742.5,more than 500,1.3
3602067,male,338.0,319.4,274.9,0-10,-0.7
3602069,male,368.0,272.1,308.5,11-25,0.0
3602071,female,585.8,524.3,550.6,26-100,0.9
3602072,male,373.8,337.1,447.7,0-10,-1.7
3602073,female,603.2,659.6,585.2,more than 500,1.3
3602074,male,575.5,611.6,570.5,201-500,1.1
3602075,male,440.2,451.5,411.5,11-25,-0.4
3602076,male,537.3,556.1,598.9,201-500,0.7
3602077,female,448.9,447.0,474.5,201-500,1.4
3602078,female,595.5,605.8,654.2,more than 500,1.0
3602079,male,637.3,505.7,689.0,201-500,0.3
3602081,male,466.9,412.7,530.3,201-500,0.2
3602082,male,403.4,482.4,425.0,101-200,-0.5
3602083,male,382.2,416.7,466.0,201-500,0.6
3602084,male,495.3,613.7,609.1,201-500,0.6
3602085,female,567.2,584.8,528.5,more than 500,1.0
3602086,female,489.1,540.4,513.8,101-200,1.2
3602088,male,579.6,592.9,553.5,201-500,0.3
3602090,female,422.6,513.2,507.4,11-25,-1.9
3602091,male,393.6,482.1,475.9,101-200,-0.6
3602093,male,560.9,620.2,481.1,26-100,-1.5
3602097,female,521.8,558.3,570.9,101-200,0.8
3602099,female,467.9,496.5,460.3,101-200,-0.1
3602100,female,474.4,530.4,534.6,201-500,-0.2
3602102,male,346.6,460.2,435.5,more than 500,-0.6
3602105,female,602.0,662.4,597.9,101-200,-0.3
3602106,male,482.6,416.9,634.2,more than 500,1.3
3602108,male,617.8,527.5,644.4,201-500,1.2
3602111,male,634.5,686.9,676.3,26-100,0.8
3602112,male,416.3,399.3,475.7,101-200,1.3
3602114,female,547.7,562.2,519.3,101-200,-0.9
3602116,female,362.5,376.9,372.9,0-10,-2.0
3602117,male,458.0,519.2,427.4,11-25,0.3
3602118,male,398.6,516.3,461.4,11-25,0.0
3602119,male,705.2,702.9,674.7,201-500,1.2
3602120,male,575.8,602.5,644.7,101-200,-0.6
3602121,male,384.6,487.1,328.8,26-100,-0.4
3602123,female,389.5,301.9,313.2,201-500,0.9
3602126,male,522.8,445.5,485.5,26-100,-0.1
3602131,male,552.1,648.9,472.6,201-500,0.7
3602132,male,373.9,395.3,440.0,11-25,-0.2
3602133,male,340.0,241.6,333.1,101-200,1.0
3602135,male,504.8,510.8,573.3,more than 500,1.4
3602136,female,382.6,425.1,387.4,101-200,0.7
3602140,male,415.7,482.2,454.7,11-25,0.8
3602141,male,389.8,358.5,416.0,101-200,1.2
3602143,female,595.1,655.5,697.5,26-100,-1.3
3602144,male,405.6,352.8,346.2,0-10,-0.8
3602145,female,472.0,535.6,432.4,more than 500,1.6
3602146,female,477.6,433.0,511.0,201-500,1.2
3602148,male,656.3,735.6,691.9,201-500,1.2
3602149,male,615.0,588.2,600.5,101-200,0.9
3602151,male,464.4,615.4,522.3,201-500,-0.1
3602152,male,520.1,579.2,666.2,101-200,0.0
3602156,male,607.9,631.0,620.7,201-500,1.2
3602158,male,584.8,585.7,599.1,26-100,0.6
3602163,female,373.7,415.3,445.0,101-200,1.0
3602165,female,503.4,530.2,519.2,201-500,0.8
3602166,female,320.4,367.0,323.0,26-100,0.7
3602170,male,384.6,371.3,431.8,201-500,0.5
3602175,male,385.8,324.7,348.0,26-100,1.0
3602176,female,684.1,738.7,747.2,more than 500,1.1
3602178,female,598.3,663.0,642.4,101-200,1.3
3602182,female,439.3,422.7,492.8,101-200,0.8
3602186,female,397.4,368.4,360.7,more than 500,0.8
3602187,male,312.8,344.9,382.8,0-10,-0.5
3602188,male,628.7,606.6,654.6,101-200,0.3
3602191,female,465.1,452.7,468.2,26-100,1.2
3602192,female,410.8,410.2,375.8,101-200,-0.9
3602193,male,360.5,368.9,425.1,101-200,0.3
3602194,female,528.8,347.8,537.2,201-500,0.9
3602195,male,465.6,516.2,621.9,201-500,-0.6
3602197,female,431.0,526.0,565.1,101-200,0.8
3602198,female,444.6,659.1,522.1,26-100,0.8
3602200,female,523.0,518.9,527.2,26-100,0.8
3602202,male,376.8,327.1,405.0,201-500,1.2
3602204,male,755.8,660.5,803.0,201-500,1.2
3602206,female,439.6,452.1,409.3,101-200,0.4
3602207,female,585.0,521.6,584.2,201-500,1.5
3602209,female,579.0,571.2,601.3,26-100,0.8
3602210,female,476.7,427.1,584.2,11-25,0.4
3602213,male,576.1,503.0,585.3,101-200,0.9
3602214,male,355.8,309.3,330.3,101-200,0.9
3602217,female,683.8,751.1,808.3,101-200,1.0
3602220,male,601.9,602.3,604.6,101-200,0.4
3602222,female,431.8,416.1,457.0,101-200,-0.9
3602223,female,573.4,671.5,612.6,more than 500,1.1
3602225,female,485.1,467.1,407.6,11-25,0.2
3602226,female,556.5,523.1,568.4,201-500,1.3
3602227,male,503.4,513.9,514.6,201-500,1.7
3602228,male,343.6,376.6,340.8,26-100,0.5
3602229,male,750.7,694.3,666.8,more than 500,0.8
3602232,male,604.1,500.3,509.5,101-200,-0.1
3602235,male,598.0,553.9,535.2,26-100,0.4
3602238,female,407.9,534.4,415.5,101-200,1.1
3602239,female,482.2,578.6,508.6,101-200,-1.2
3602240,female,354.6,409.0,393.5,11-25,0.9
3602242,male,430.7,444.3,488.3,201-500,0.1
3602243,female,370.8,452.4,313.3,26-100,0.2
3602244,male,288.5,277.0,315.6,201-500,-0.2
3602246,male,654.9,678.0,604.1,more than 500,-0.7
3602247,female,587.3,679.9,616.7,11-25,0.2
3602248,female,552.7,628.3,621.5,more than 500,1.7
3602249,male,404.9,528.2,420.4,201-500,0.5
3602252,female,565.2,618.9,600.4,11-25,-0.2
3602253,male,577.7,563.1,478.6,101-200,1.2
3602254,male,572.1,545.2,545.5,101-200,1.3
3602255,male,546.5,434.8,603.7,201-500,0.5
3602256,female,478.0,564.1,522.9,more than 500,0.8
3602257,male,376.9,318.8,378.9,11-25,-2.9
3602259,female,265.4,417.8,358.4,11-25,-0.9
3602263,male,507.4,456.6,533.7,101-200,0.5
3602264,female,462.9,541.4,486.5,201-500,1.1
3602265,male,573.9,603.4,515.4,26-100,-0.2
3602266,male,561.7,541.5,573.6,201-500,0.9
3602267,female,517.5,497.1,564.3,201-500,0.5
3602268,male,592.2,630.4,635.8,0-10,0.6
3602269,female,466.1,564.7,557.8,201-500,-0.5
3602271,female,545.0,662.1,549.2,101-200,0.7
3602273,male,601.1,541.8,704.2,201-500,1.3
3602274,female,399.7,381.6,413.5,more than 500,0.1
3602275,male,698.1,668.3,698.8,101-200,1.5
3602278,male,501.0,373.8,374.4,11-25,0.8
3602279,male,542.9,426.3,578.8,101-200,1.0
3602281,female,302.7,357.7,373.0,101-200,1.1
3602282,female,398.2,474.4,433.0,0-10,0.4
3602283,female,547.2,742.0,600.8,101-200,1.4
3602284,female,498.6,615.5,585.7,more than 500,1.1
3602286,male,445.6,408.0,405.4,101-200,0.6
3602287,female,326.6,262.6,329.5,101-200,0.1
3602289,female,582.0,563.4,513.9,26-100,0.1
3602290,male,313.9,301.2,282.9,26-100,-0.5
3602292,male,538.7,519.6,540.9,more than 500,0.8
3602293,female,401.6,384.1,508.4,101-200,0.8
3602294,female,490.2,414.6,520.6,201-500,1.0
3602295,female,440.0,574.1,473.9,101-200,-0.8
3602296,female,580.5,545.6,572.2,201-500,0.7
3602297,female,289.9,397.1,311.6,26-100,-0.2
3602298,female,359.5,395.3,398.8,26-100,0.5
3602299,female,500.2,480.5,579.1,more than 500,0.3
3602300,female,515.9,515.5,533.5,101-200,0.9
3602301,female,622.3,661.4,525.2,101-200,0.9
3602303,female,485.2,571.1,477.4,201-500,1.3
3602304,female,509.3,551.5,520.8,101-200,-0.3
3602305,female,518.6,515.1,534.3,201-500,0.1
3602306,female,595.4,613.2,621.4,201-500,-0.0
3602307,male,636.4,636.7,661.7,101-200,1.2
3602309,male,518.1,526.3,580.8,more than 500,-0.5
3602311,female,634.4,645.6,567.5,more than 500,0.9
3602313,female,538.7,523.8,426.4,26-100,-0.6
3602314,male,448.6,432.2,507.4,more than 500,1.0
3602316,male,656.9,624.3,581.5,more than 500,1.1
3602318,female,572.7,635.4,573.7,more than 500,1.3
3602319,female,447.2,456.1,502.2,26-100,0.1
3602320,female,456.6,492.3,579.3,101-200,-1.4
3602321,female,494.4,493.6,594.9,more than 500,1.7
3602322,male,603.6,541.8,654.6,26-100,1.0
3602323,female,520.5,580.8,463.6,101-200,-1.1
3602325,female,400.4,456.0,418.8,26-100,-0.8
3602326,female,530.6,534.9,550.5,101-200,0.1
3602327,female,530.0,534.8,587.5,201-500,0.4
3602328,male,643.5,567.8,630.3,101-200,-0.1
3602329,male,434.4,454.7,391.3,101-200,0.0
3602330,female,375.4,365.6,302.3,26-100,0.2
3602331,female,476.9,559.2,488.9,201-500,0.7
3602332,male,630.5,636.1,624.9,more than 500,1.4
3602333,female,314.4,371.5,295.9,11-25,0.7
3602335,female,397.4,294.9,295.5,101-200,-0.4
3602336,female,519.9,575.9,541.2,101-200,0.6
3602338,female,536.0,531.6,523.6,more than 500,1.6
3602340,female,525.4,621.6,557.3,26-100,1.1
3602341,female,386.4,427.9,364.5,101-200,0.4
3602342,male,329.1,393.6,375.0,101-200,0.8
3602343,female,302.6,222.8,313.1,more than 500,1.4
3602344,male,470.3,565.1,581.6,201-500,1.0
3602346,female,533.0,494.3,548.8,101-200,-0.5
3602351,male,343.8,426.6,350.6,11-25,0.2
3602352,male,644.1,622.0,702.0,201-500,1.0
3602354,female,369.2,360.7,375.4,11-25,-1.0
3602355,male,647.7,675.4,673.4,201-500,1.2
3602359,male,306.2,352.8,335.9,11-25,-0.5
3602360,male,393.7,525.4,462.7,26-100,1.0
3602361,female,528.2,606.0,636.0,201-500,0.6
3602362,female,564.7,614.1,565.5,101-200,0.6
3602363,male,494.7,438.1,566.4,26-100,0.1
3602364,female,740.3,688.5,720.6,more than 500,1.7
3602365,female,448.3,479.8,539.1,26-100,0.9
3602366,female,576.8,601.9,620.3,201-500,0.1
3602367,male,459.7,546.8,600.0,26-100,-1.1
3602369,female,404.1,362.7,370.9,201-500,1.0
3602370,male,532.7,530.8,516.6,201-500,0.9
3602371,female,419.7,493.4,388.2,101-200,0.8
3602375,female,463.1,515.6,522.5,101-200,1.3
3602376,male,448.7,502.5,493.2,11-25,0.6
3602377,male,635.4,539.4,590.0,more than 500,1.2
3602378,male,469.3,504.9,475.0,101-200,1.5
3602379,male,662.4,644.3,628.8,more than 500,1.1
3602381,female,705.0,691.5,751.4,more than 500,1.0
3602382,female,504.3,545.0,493.6,101-200,1.2
3602385,male,400.2,526.8,454.6,101-200,0.2
3602386,female,436.6,454.4,517.2,201-500,1.5
3602388,female,465.5,487.4,473.6,26-100,0.9
3602389,female,491.8,521.9,434.0,101-200,0.5
3602393,male,638.7,571.1,645.7,101-200,1.1
3602394,male,484.0,486.5,546.4,more than 500,-1.5
3602395,female,362.7,403.7,362.6,more than 500,0.0
3602398,female,442.9,445.4,565.3,101-200,-0.8
3602402,male,651.1,721.4,781.9,101-200,1.2
3602403,female,419.3,428.8,417.4,201-500,1.0
3602407,male,469.1,450.7,490.4,201-500,0.7
3602409,male,359.7,337.3,342.6,0-10,-0.8
3602410,female,432.8,405.9,458.6,101-200,1.3
3602411,male,546.7,580.7,565.6,26-100,-1.1
3602415,male,346.3,374.1,399.4,201-500,0.9
3602417,male,327.9,339.4,366.6,26-100,0.6
3602420,male,495.4,502.9,440.9,0-10,0.0
3602422,female,559.5,540.2,494.8,201-500,1.5
3602423,female,473.3,398.9,393.5,26-100,-0.3
3602424,female,510.9,504.2,530.3,26-100,1.2
3602425,female,456.0,435.4,504.8,more than 500,1.3
3602426,male,526.1,543.1,527.5,26-100,1.1
3602427,male,579.5,531.5,543.2,101-200,0.1
3602428,male,309.1,398.0,346.7,101-200,0.2
3602430,female,386.8,458.9,422.6,201-500,0.8
3602433,male,646.5,545.9,639.0,201-500,0.4
3602435,female,439.6,394.8,506.2,26-100,0.1
3602436,male,438.0,422.8,517.0,more than 500,1.2
3602437,female,366.4,398.1,324.1,201-500,1.3
3602442,female,350.2,522.6,399.1,11-25,0.2
3602443,female,496.8,502.2,522.6,101-200,1.3
3602445,female,686.0,761.6,680.8,more than 500,1.5
3602447,male,360.5,384.9,419.0,11-25,0.4
3602450,female,585.4,658.9,629.2,201-500,1.2
3602451,female,691.5,618.0,782.9,201-500,1.6
3602452,male,751.8,672.1,774.8,more than 500,1.1
3602453,female,386.4,378.1,355.0,101-200,1.1
3602456,male,579.0,551.9,623.8,more than 500,1.3
3602457,female,563.7,624.4,562.1,101-200,0.6
3602458,male,482.0,439.1,575.2,26-100,0.8
3602461,female,360.0,432.4,442.1,11-25,-1.1
3602462,male,671.2,619.6,646.3,more than 500,1.6
3602463,female,319.7,448.4,399.0,201-500,1.3
3602464,female,622.9,648.1,664.3,more than 500,1.4
3602465,female,509.4,521.8,563.8,more than 500,0.6
3602467,male,429.6,294.7,419.1,101-200,1.1
3602470,male,449.1,495.4,482.6,201-500,1.0
3602471,female,402.2,366.4,365.0,201-500,0.9
3602472,male,497.6,531.8,502.5,101-200,-0.4
3602473,male,580.2,552.2,655.2,more than 500,1.0
3602474,female,452.6,560.2,494.6,more than 500,1.5
3602475,male,684.1,633.8,653.4,more than 500,1.1
3602476,female,464.4,424.9,529.1,101-200,1.2
3602479,male,464.9,450.8,523.6,26-100,0.6
3602480,male,553.6,583.5,573.2,26-100,0.8
3602481,female,464.0,546.1,432.3,101-200,-0.1
3602482,male,453.9,562.4,406.6,26-100,0.3
3602483,female,399.9,400.0,412.4,0-10,0.2
3602484,female,382.6,424.7,469.7,101-200,-1.1
3602486,male,487.0,376.7,548.2,26-100,0.5
3602487,female,522.3,540.4,682.0,more than 500,1.3
3602488,female,673.5,729.5,744.0,101-200,0.9
3602491,female,505.6,556.6,578.0,more than 500,1.1
3602494,female,554.9,598.7,664.2,101-200,0.8
3602495,female,421.9,522.7,369.7,201-500,1.4
3602497,female,441.5,397.4,441.8,101-200,0.4
3602499,male,510.6,538.6,613.1,101-200,-0.4
3602500,male,506.6,452.0,520.7,26-100,0.1
3602502,male,376.1,323.9,337.1,11-25,-0.3
3602503,female,547.0,500.7,539.1,more than 500,1.6
3602505,female,632.5,580.4,644.0,101-200,0.1
3602506,female,455.8,395.4,368.9,11-25,-0.7
3602507,female,424.5,442.8,482.6,more than 500,-0.1
3602508,female,416.7,398.4,474.5,201-500,1.0
3602510,male,471.1,429.2,446.3,101-200,0.0
3602512,female,430.6,530.1,475.0,26-100,0.3
3602514,female,580.9,590.6,574.3,201-500,0.3
3602515,female,395.4,422.1,303.8,11-25,-0.6
3602516,male,639.8,686.1,673.5,more than 500,1.3
3602518,male,503.9,499.3,480.8,101-200,0.1
3602519,female,575.2,656.6,694.2,more than 500,0.9
3602520,male,507.5,573.8,426.9,26-100,0.8
3602521,male,518.9,523.2,530.8,101-200,-0.2
3602522,male,554.2,527.5,496.2,more than 500,1.5
3602523,female,400.6,323.7,346.5,101-200,1.2
3602524,male,481.7,578.7,624.8,more than 500,0.8
3602526,male,378.8,350.9,499.3,0-10,-0.4
3602529,female,481.1,456.9,376.7,101-200,0.1
3602530,male,655.8,656.9,608.0,more than 500,0.1
3602531,female,490.2,514.6,529.7,101-200,1.2
3602532,female,484.5,550.2,499.0,0-10,-0.7
3602533,female,441.6,501.7,450.6,101-200,-1.0
3602534,male,588.5,498.1,638.9,26-100,-0.2
3602536,female,315.3,320.0,298.7,11-25,-0.2
3602537,female,415.1,491.0,387.5,101-200,0.4
3602540,male,584.1,533.3,589.5,11-25,-0.3
3602541,male,502.1,474.1,523.0,26-100,0.3
3602542,male,478.3,455.1,577.1,26-100,-1.0
3602543,male,357.7,375.8,327.7,26-100,-1.2
3602544,female,561.8,595.6,545.0,101-200,0.9
3602545,female,370.2,448.4,413.7,101-200,-0.0
3602547,female,533.7,671.4,603.3,201-500,0.4
3602548,female,615.7,641.8,657.7,more than 500,0.8
3602550,female,523.0,501.6,534.0,201-500,0.9
3602551,female,641.2,589.2,612.9,101-200,-0.6
3602552,female,506.6,510.9,479.6,26-100,0.9
3602553,female,285.4,232.7,354.7,26-100,0.3
3602554,female,384.7,355.6,424.0,26-100,0.0
3602555,male,554.2,532.8,630.7,101-200,1.4
3602557,female,558.3,561.4,676.2,more than 500,1.0
3602560,male,523.5,554.1,611.5,26-100,0.5
3602562,male,599.4,643.2,660.5,101-200,1.5
3602564,female,586.6,511.4,599.6,101-200,1.3
3602567,female,552.5,628.3,556.7,more than 500,0.5
3602570,female,494.9,503.4,487.4,26-100,1.2
3602572,female,430.7,467.8,509.4,101-200,0.8
3602573,male,570.4,578.5,609.8,26-100,0.8
3602575,female,499.7,480.2,426.1,11-25,-0.0
3602576,male,579.8,511.8,614.0,201-500,0.7
3602577,male,379.6,494.1,444.8,more than 500,1.3
3602579,male,461.1,556.5,526.8,101-200,0.5
3602583,male,341.6,311.0,335.1,101-200,-1.4
3602584,male,562.3,553.7,541.3,11-25,-2.2
3602586,male,511.0,551.4,585.5,101-200,0.9
3602587,female,436.8,443.5,407.0,101-200,0.7
3602588,male,582.9,710.4,672.2,201-500,1.2
3602589,male,312.8,390.7,295.7,101-200,-1.0
3602590,male,618.7,667.8,741.8,more than 500,0.9
3602595,female,430.8,380.4,480.6,11-25,-0.7
3602596,female,557.1,606.7,651.5,201-500,0.8
3602597,female,425.9,485.8,362.0,26-100,0.8
3602600,female,396.9,305.6,336.1,101-200,0.6
3602603,female,550.8,616.3,527.2,11-25,0.6
3602606,female,507.1,538.2,573.3,more than 500,0.1
3602607,female,384.9,415.2,521.6,more than 500,1.6
3602608,male,316.1,397.3,413.6,101-200,0.6
3602609,male,701.0,614.2,586.6,101-200,1.0
3602610,female,692.9,669.4,629.8,more than 500,0.7
3602611,female,404.2,408.7,412.0,101-200,0.4
3602612,female,588.0,575.1,656.6,201-500,1.3
3602613,female,424.6,458.8,516.0,101-200,0.8
3602614,female,567.8,657.7,572.0,more than 500,1.0
3602616,male,323.5,341.3,340.0,26-100,-1.5
3602618,male,340.8,311.3,348.9,101-200,-0.5
3602620,male,551.4,485.9,487.7,101-200,-0.3
3602621,male,517.1,521.7,494.7,26-100,-0.4
3602622,male,509.1,484.8,531.6,26-100,0.6
3602623,male,490.6,531.5,549.2,101-200,1.2
3602624,male,561.7,616.2,543.8,101-200,1.3
3602627,male,489.6,430.6,515.6,26-100,0.2
3602630,female,518.2,466.8,501.7,101-200,1.0
3602631,female,578.4,626.9,619.3,101-200,0.8
3602632,male,513.8,497.9,470.9,201-500,0.3
3602636,male,445.9,539.0,487.7,101-200,0.8
3602639,male,532.8,333.2,528.4,101-200,0.8
3602641,male,659.2,717.6,583.1,101-200,0.9
3602642,female,520.8,712.6,681.4,more than 500,0.9
3602643,female,480.7,554.2,426.5,26-100,1.0
3602644,female,419.1,452.3,464.7,101-200,-0.1
3602645,male,443.1,532.0,544.7,26-100,0.5
3602646,male,382.8,387.1,448.6,0-10,-1.6
3602648,male,400.5,394.6,477.4,201-500,-0.1
3602649,female,493.0,450.7,570.4,0-10,-1.1
3602650,female,421.8,415.0,462.3,101-200,1.1
3602653,female,434.0,479.5,480.1,26-100,0.7
3602659,male,410.5,431.7,441.0,101-200,0.1
3602660,female,338.9,445.3,418.0,0-10,0.1
3602661,female,333.0,322.3,395.8,101-200,-0.1
3602662,female,610.1,637.7,603.9,26-100,0.7
3602663,male,389.7,460.7,487.2,101-200,-0.8
3602665,female,581.0,633.2,609.2,more than 500,1.0
3602666,female,543.6,584.2,531.1,101-200,0.8
3602667,male,475.4,507.3,536.9,101-200,-1.6
3602668,female,454.7,533.6,520.4,more than 500,1.4
3602670,male,341.4,385.1,467.3,101-200,-1.6
3602672,male,723.8,656.2,765.9,more than 500,1.5
3602674,female,496.0,536.7,616.2,201-500,-1.9
3602675,female,547.0,592.6,620.1,201-500,1.7
3602676,male,575.9,634.9,616.0,201-500,0.8
3602679,female,498.5,448.0,530.4,201-500,0.9
3602680,female,543.7,519.8,510.6,201-500,0.9
3602681,male,689.2,573.8,658.3,101-200,-0.2
3602683,female,484.8,603.6,488.7,101-200,-0.0
3602686,female,406.0,484.0,350.3,11-25,0.3
3602690,male,527.1,557.7,515.1,more than 500,1.0
3602691,female,428.5,532.8,411.9,26-100,1.0
3602692,female,506.7,577.7,437.7,101-200,-0.6
3602695,male,586.5,689.8,598.0,more than 500,1.1
3602698,female,594.5,557.4,623.0,more than 500,0.3
3602702,male,682.9,722.1,689.2,more than 500,1.2
3602703,male,525.7,543.7,525.3,201-500,0.8
3602707,female,395.9,389.2,434.2,201-500,-0.8
3602708,male,530.8,442.6,511.5,11-25,0.1
3602709,male,513.6,558.7,494.9,201-500,0.9
3602711,male,549.2,549.3,617.3,26-100,-0.5
3602713,female,497.1,579.0,593.5,101-200,0.8
3602715,male,459.4,612.9,503.3,more than 500,1.2
3602716,male,377.9,437.8,400.5,201-500,1.5
3602717,female,473.6,520.4,527.2,more than 500,1.5
3602718,female,574.3,624.8,635.3,0-10,-1.5
3602720,male,413.3,406.7,470.7,26-100,-1.2
3602721,female,552.7,658.9,574.0,101-200,0.8
3602723,female,446.0,480.4,456.3,101-200,1.2
3602725,male,430.4,518.6,492.4,101-200,-0.2
3602728,male,363.9,193.6,337.3,11-25,-0.9
3602729,female,628.2,702.3,629.5,101-200,1.0
3602732,female,469.2,448.8,430.5,0-10,-1.2
3602733,female,633.7,602.2,679.1,more than 500,1.9
3602734,female,557.9,752.4,600.6,101-200,0.2
3602735,male,499.4,469.7,575.7,101-200,0.7
3602737,female,469.5,464.2,452.1,11-25,-0.6
3602739,male,645.0,661.0,646.1,201-500,1.3
3602740,female,373.8,335.8,496.1,201-500,-0.2
3602741,male,402.8,345.7,396.5,26-100,-0.4
3602744,female,514.3,529.5,597.5,201-500,-0.5
3602748,female,420.1,413.9,500.5,201-500,0.8
3602749,female,410.1,383.1,342.2,101-200,0.1
3602750,female,394.9,336.4,391.9,101-200,-0.8
3602751,male,480.5,545.3,569.4,26-100,-0.5
3602753,female,319.9,509.5,439.2,101-200,0.4
3602755,female,390.5,555.7,414.5,101-200,-0.7
3602756,male,611.8,546.2,690.8,11-25,-0.5
3602757,female,384.4,392.5,415.2,201-500,0.5
3602758,female,520.3,635.9,642.2,201-500,1.4
3602760,female,458.8,519.5,426.7,11-25,-0.3
3602761,female,705.6,680.1,633.1,101-200,0.9
3602764,female,493.1,533.6,500.9,201-500,0.4
3602766,male,509.0,561.4,545.0,11-25,-0.9
3602767,male,502.3,441.4,558.1,26-100,1.0
3602768,male,611.3,493.4,580.7,101-200,0.2
3602771,female,351.7,324.7,439.8,101-200,1.2
3602772,female,381.0,424.3,429.3,26-100,0.3
3602776,male,451.8,476.8,564.5,more than 500,1.2
3602777,female,356.5,380.0,376.2,more than 500,1.3
3602778,male,565.7,523.1,549.9,26-100,1.1
3602779,male,380.6,474.5,465.9,201-500,0.2
3602780,male,562.3,610.0,700.4,101-200,0.6
3602781,male,532.7,575.8,545.1,201-500,1.0
3602782,male,563.5,581.9,557.1,201-500,0.8
3602783,female,455.4,466.3,466.3,11-25,0.9
3602786,female,550.0,578.0,484.6,101-200,1.0
3602787,female,368.4,458.4,404.7,101-200,0.8
3602788,female,447.8,444.6,490.5,101-200,0.6
3602789,male,503.8,460.1,543.7,26-100,-0.2
3602794,female,508.8,537.7,542.2,more than 500,0.9
3602795,female,575.6,535.6,537.6,101-200,-0.2
3602798,male,694.1,535.5,625.7,101-200,1.0
3602800,female,455.7,369.3,469.7,101-200,1.0
3602802,male,622.8,587.5,609.0,26-100,-0.5
3602803,male,593.2,601.9,564.7,101-200,0.2
3602804,female,407.8,425.2,408.2,101-200,-0.0
3602805,female,485.0,483.9,490.9,more than 500,1.5
3602806,male,437.4,449.9,415.9,101-200,0.7
3602807,male,538.0,534.6,571.3,more than 500,0.9
3602808,female,453.0,503.0,447.3,26-100,0.7
3602809,male,539.5,527.2,617.8,26-100,0.6
3602811,female,593.8,594.2,624.9,26-100,0.8
3602812,female,357.5,445.7,320.1,0-10,1.6
3602813,male,426.7,498.4,504.2,101-200,-0.8
3602814,female,632.1,718.0,734.6,201-500,1.2
3602815,male,636.2,581.4,618.9,more than 500,1.2
3602816,male,625.1,577.6,641.8,201-500,0.6
3602817,male,622.5,500.9,676.5,more than 500,1.3
3602819,male,422.2,359.9,429.8,101-200,1.1
3602822,male,595.2,566.8,646.4,more than 500,1.4
3602823,male,554.3,579.9,518.1,more than 500,1.5
3602825,female,499.2,443.0,584.0,11-25,-0.2
3602826,male,472.8,551.7,466.7,0-10,0.4
3602827,male,227.8,242.6,315.2,201-500,0.2
3602830,female,316.1,490.1,350.5,101-200,0.5
3602834,female,391.2,283.8,387.3,101-200,0.3
3602835,male,509.4,512.3,533.8,201-500,-0.2
3602836,female,639.5,656.6,616.4,more than 500,1.7
3602838,female,458.5,515.5,450.8,101-200,1.0
3602839,female,390.5,411.1,358.8,201-500,-1.0
3602840,female,545.9,497.3,455.7,101-200,0.3
3602842,male,638.1,526.0,650.1,201-500,-0.1
3602843,female,358.0,391.7,345.0,201-500,0.6
3602845,female,505.2,500.6,499.2,101-200,0.9
3602847,female,454.4,416.2,411.9,26-100,-0.1
3602849,female,445.9,626.1,556.6,26-100,0.2
3602850,female,460.2,425.5,505.5,101-200,-0.3
3602851,female,642.6,635.4,688.7,more than 500,1.4
3602853,female,594.5,648.2,691.6,more than 500,1.7
3602854,male,413.8,485.6,472.8,101-200,-0.1
3602856,female,354.0,314.9,396.5,11-25,1.1
3602857,male,355.5,326.2,309.8,201-500,1.8
3602860,male,520.6,561.5,677.8,201-500,0.2
3602861,female,472.0,495.0,456.1,101-200,1.4
3602863,male,395.5,346.8,364.7,201-500,1.4
3602864,male,584.2,613.6,532.9,101-200,0.9
3602865,male,415.5,375.2,369.2,26-100,0.1
3602869,male,605.8,700.3,624.8,101-200,0.4
3602870,male,373.8,355.2,483.1,26-100,0.4
3602871,female,420.3,462.8,413.1,26-100,0.0
3602874,female,537.4,599.0,583.7,201-500,0.9
3602875,female,281.3,292.7,322.5,11-25,-1.1
3602876,male,638.0,642.3,636.0,201-500,0.0
3602879,male,415.5,405.8,444.1,101-200,0.7
3602881,female,540.1,697.3,632.7,101-200,0.6
3602882,female,432.6,497.3,491.2,201-500,0.8
3602885,female,389.9,452.6,420.4,11-25,-0.1
3602886,male,518.7,504.2,565.1,26-100,0.6
3602888,female,363.7,450.9,421.6,101-200,1.2
3602889,female,303.5,348.1,402.2,11-25,-0.8
3602890,female,350.6,310.5,319.9,11-25,-0.8
3602891,male,565.7,561.6,696.8,201-500,1.2
3602894,male,441.8,575.5,485.8,201-500,0.5
3602895,male,414.4,441.4,468.0,101-200,0.7
3602900,male,639.0,569.9,568.6,201-500,0.5
3602902,male,505.2,610.6,558.2,26-100,-1.5
3602903,male,392.1,458.1,410.7,101-200,-0.7
3602904,female,624.3,563.6,586.3,101-200,1.2
3602905,female,520.5,494.6,490.6,26-100,0.6
3602906,female,356.7,385.8,372.4,101-200,-0.4
3602908,male,405.2,378.5,411.1,201-500,0.7
3602909,female,504.5,616.7,561.6,more than 500,0.8
3602910,female,421.7,518.9,489.9,more than 500,1.2
3602913,male,450.5,435.0,461.2,11-25,-1.1
3602914,male,360.6,328.9,424.9,101-200,-1.4
3602916,female,471.4,500.4,523.1,201-500,0.9
3602918,female,588.7,713.9,596.9,101-200,-0.8
3602919,male,434.0,350.8,291.8,11-25,-1.5
3602920,male,551.7,544.1,566.1,more than 500,0.6
3602921,female,483.8,424.7,407.4,more than 500,0.8
3602923,male,611.7,583.9,602.0,26-100,0.6
3602927,male,484.9,462.0,454.6,26-100,-1.0
3602928,female,445.9,353.6,457.2,101-200,-0.1
3602929,male,637.5,616.5,658.1,201-500,-0.1
3602930,male,373.7,436.4,447.1,201-500,-0.4
3602931,male,465.6,399.5,421.5,11-25,0.4
3602934,male,782.2,726.7,679.4,26-100,0.6
3602935,male,285.2,227.6,346.0,26-100,-1.4
3602936,male,345.5,233.9,335.5,11-25,-1.4
3602938,female,534.8,592.8,646.5,101-200,0.0
3602939,male,437.7,404.7,506.6,more than 500,0.9
3602940,female,320.5,285.4,281.1,11-25,-0.8
3602941,male,450.5,447.0,533.7,11-25,0.8
3602944,female,623.5,586.5,616.1,101-200,-0.7
3602945,female,373.9,401.8,408.7,201-500,0.9
3602946,male,560.2,529.0,492.6,201-500,1.1
3602947,female,389.8,316.4,416.5,11-25,0.3
3602948,male,367.6,301.1,378.4,101-200,0.7
3602950,male,401.9,478.0,408.4,0-10,-2.0
3602951,female,553.7,599.7,583.8,more than 500,1.1
3602952,male,600.7,587.9,599.0,26-100,-0.2
3602953,male,420.5,394.3,542.0,101-200,0.2
3602954,female,561.2,579.6,510.0,101-200,0.9
3602958,male,562.1,508.7,582.0,more than 500,1.0
3602959,male,507.6,493.8,525.4,101-200,-0.2
3602963,female,500.6,584.0,550.4,more than 500,1.2
3602964,male,481.7,402.3,453.5,0-10,0.5
3602965,male,557.8,581.2,583.4,201-500,0.6
3602967,male,493.0,327.1,456.6,101-200,0.8
3602968,male,367.4,475.6,325.1,101-200,0.7
3602970,male,473.2,531.6,508.3,101-200,0.1
3602972,female,431.2,425.4,449.0,201-500,0.5
3602973,female,598.4,492.2,531.5,26-100,-1.0
3602975,female,488.9,537.7,490.0,101-200,1.4
3602976,male,398.5,450.2,342.7,26-100,0.8
3602977,female,471.4,471.3,508.3,26-100,0.8
3602980,male,500.4,547.5,500.2,101-200,-0.1
3602981,female,442.7,526.0,442.4,26-100,-0.5
3602982,male,627.9,527.4,558.6,201-500,1.5
3602983,female,519.9,458.5,507.5,26-100,-0.7
3602984,male,591.1,539.2,624.5,101-200,1.5
3602989,male,552.3,625.9,556.0,101-200,-0.3
3602990,female,529.6,462.7,518.9,201-500,1.1
3602996,female,537.9,660.8,597.0,101-200,0.9
3603001,female,431.5,481.7,501.2,101-200,-0.8
3603003,male,459.5,499.6,547.7,11-25,0.7
3603004,male,423.6,462.5,407.7,101-200,-0.8
3603005,male,467.4,497.8,519.8,26-100,0.3
3603008,female,313.5,290.1,272.1,101-200,0.2
3603009,female,497.0,473.0,537.3,101-200,1.7
3603011,female,577.8,611.0,613.2,101-200,1.4
3603012,female,527.5,528.4,571.9,more than 500,1.4
3603013,female,506.3,569.9,553.0,more than 500,-0.5
3603015,female,602.2,702.5,688.3,26-100,-0.3
3603017,female,390.2,314.6,467.6,201-500,1.3
3603020,female,592.8,670.2,629.5,201-500,1.3
3603022,male,439.6,445.8,419.6,101-200,-0.2
3603024,male,575.5,527.1,574.9,101-200,1.8
3603025,female,371.9,377.0,422.9,more than 500,-0.7
3603029,female,481.4,539.0,553.7,201-500,1.9
3603030,male,453.8,460.8,513.4,101-200,-0.3
3603031,female,700.1,644.2,633.8,11-25,0.7
3603033,female,704.2,695.7,745.1,101-200,1.3
3603034,male,552.9,535.7,600.9,201-500,1.3
3603035,female,382.2,433.7,382.8,101-200,0.2
3603036,female,595.6,606.8,513.0,26-100,1.4
3603037,female,486.9,481.0,495.1,0-10,0.5
3603038,female,272.3,307.9,244.0,201-500,0.7
3603039,male,478.5,513.6,482.0,11-25,-0.1
3603040,female,697.0,693.3,753.2,more than 500,1.5
3603041,male,548.2,600.0,534.3,201-500,1.1
3603043,female,564.1,621.6,612.4,26-100,0.8
3603044,male,503.5,371.4,590.9,101-200,0.9
3603045,female,518.3,578.1,571.9,201-500,1.0
3603046,female,508.4,572.6,475.2,201-500,0.4
3603049,female,543.9,633.2,628.4,101-200,0.7
3603050,male,588.2,508.2,531.3,101-200,0.8
3603052,male,568.2,598.2,556.5,26-100,0.7
3603055,male,539.6,388.3,563.8,11-25,0.4
3603059,male,617.9,641.5,597.6,more than 500,1.5
3603060,male,552.9,538.7,613.3,101-200,0.2
3603061,female,604.2,649.4,645.1,101-200,1.1
3603062,male,422.1,381.6,394.8,101-200,0.9
3603063,female,521.2,562.9,628.9,101-200,0.8
3603065,female,547.5,579.6,636.2,101-200,1.2
3603067,female,534.6,603.0,610.4,more than 500,0.7
3603068,male,466.3,321.0,472.0,26-100,-1.1
3603069,male,410.1,474.0,365.1,101-200,0.5
3603072,male,347.7,297.8,338.4,26-100,-0.9
3603073,male,452.0,262.2,406.6,101-200,0.8
3603074,female,484.0,445.9,543.6,101-200,0.9
3603075,male,564.8,528.3,536.5,more than 500,0.6
3603078,female,517.5,575.1,566.5,201-500,1.3
3603079,female,465.6,490.0,528.7,101-200,0.1
3603081,male,634.4,614.1,557.6,101-200,0.7
3603083,female,447.9,526.0,474.0,201-500,1.0
3603084,female,524.4,711.0,516.6,more than 500,1.2
3603086,female,532.4,606.3,505.1,101-200,0.3
3603088,male,350.5,373.1,348.9,more than 500,-0.2
3603089,female,600.5,626.8,636.7,more than 500,1.3
3603090,female,316.0,336.7,400.1,more than 500,1.3
3603095,male,472.0,415.1,503.4,101-200,0.2
3603096,male,347.1,373.1,312.7,201-500,-1.8
3603097,male,358.2,419.9,457.7,201-500,-0.1
3603100,male,467.0,581.3,427.0,26-100,-0.8
3603101,female,439.5,384.2,405.1,101-200,0.9
3603108,female,533.7,550.6,595.1,101-200,1.1
3603109,male,485.4,469.9,451.3,101-200,1.4
3603110,female,496.6,520.9,501.9,26-100,1.5
3603111,male,567.2,578.1,583.0,201-500,0.0
3603113,female,460.5,479.8,508.7,101-200,-0.2
3603115,male,390.7,519.6,474.1,11-25,-0.6
3603117,female,663.0,644.8,722.2,201-500,1.2
3603120,male,544.6,591.1,616.4,201-500,1.4
3603122,female,241.6,405.4,277.8,101-200,0.7
3603124,male,403.4,376.3,462.0,101-200,1.2
3603127,female,409.6,506.2,413.3,101-200,0.7
3603128,female,458.4,506.7,494.0,101-200,-0.2
3603131,female,419.0,410.7,393.5,0-10,-1.8
3603136,male,346.0,298.4,397.1,11-25,-0.8
3603137,female,428.8,491.2,488.9,more than 500,1.3
3603138,male,627.4,604.5,655.1,201-500,1.5
3603139,female,480.9,481.0,546.1,26-100,0.1
3603141,male,376.5,345.6,400.0,26-100,0.2
3603142,male,333.4,322.1,358.8,101-200,1.0
3603145,male,426.0,537.0,446.3,26-100,0.7
3603148,male,699.8,597.2,615.3,101-200,1.0
3603149,female,358.8,443.4,434.7,101-200,-1.9
3603155,female,626.6,581.6,687.8,101-200,-0.4
3603158,female,426.3,511.5,439.6,101-200,1.0
3603159,female,461.4,436.8,417.3,101-200,-0.5
3603160,male,511.0,583.7,561.1,11-25,-0.4
3603162,female,514.9,543.1,460.6,101-200,0.3
3603163,female,459.5,493.4,494.8,101-200,-0.2
3603164,female,436.0,487.7,530.7,101-200,-0.6
3603167,female,486.8,555.5,557.4,101-200,-0.4
3603168,male,437.0,369.2,426.6,201-500,0.9
3603169,male,435.5,362.8,456.7,more than 500,0.3
3603170,female,351.2,415.1,448.0,11-25,-0.6
3603173,female,563.6,538.5,575.8,101-200,-0.4
3603174,male,409.2,443.6,441.8,101-200,1.1
3603175,female,608.5,717.5,649.2,more than 500,0.9
3603179,female,583.2,626.3,554.1,more than 500,0.9
3603180,male,651.0,682.6,603.9,101-200,0.6
3603181,female,365.9,342.5,365.1,101-200,-0.5
3603182,male,368.3,421.7,305.4,101-200,0.0
3603183,female,394.6,408.9,412.2,more than 500,1.2
3603184,male,637.2,583.7,752.1,more than 500,0.9
3603185,female,339.4,420.1,300.4,11-25,-0.3
3603187,female,466.6,533.9,602.0,101-200,0.2
3603188,male,643.8,577.8,626.9,more than 500,2.0
3603189,male,467.9,491.3,465.9,201-500,1.1
3603190,male,467.5,503.0,618.4,more than 500,0.5
3603191,male,310.8,241.2,349.0,201-500,-0.9
3603196,female,572.3,650.9,685.4,201-500,-0.7
3603198,male,398.9,368.3,449.8,26-100,0.4
3603200,female,546.8,538.9,518.3,more than 500,1.3
3603201,male,610.0,612.4,636.8,11-25,0.3
3603203,female,483.7,466.0,506.9,101-200,0.8
3603204,male,526.4,478.5,586.4,201-500,0.7
3603205,male,613.8,597.1,628.0,11-25,0.7
3603206,female,578.8,613.6,666.9,26-100,0.2
3603207,male,409.3,435.6,454.3,101-200,-0.0
3603209,male,568.7,487.5,582.5,more than 500,1.6
3603210,male,347.2,325.0,321.7,11-25,0.3
3603211,male,469.3,434.4,522.8,more than 500,0.7
3603212,male,383.8,436.8,445.5,201-500,-0.2
3603215,male,602.3,643.1,610.5,more than 500,1.5
3603218,female,630.5,693.1,668.8,101-200,0.7
3603219,male,444.8,442.2,458.7,101-200,-0.2
3603223,male,371.3,385.7,343.5,0-10,-1.2
3603224,female,604.5,685.1,671.4,101-200,-0.0
3603225,female,642.6,630.8,648.3,more than 500,1.3
3603226,male,389.5,366.4,482.2,101-200,-0.1
3603227,male,613.7,510.1,560.2,26-100,1.2
3603228,female,403.4,351.8,378.0,101-200,-0.5
3603230,male,733.5,716.7,706.3,201-500,0.4
3603231,male,373.5,372.5,446.9,26-100,-1.0
3603232,male,597.7,622.5,636.1,101-200,1.3
3603234,female,578.9,679.6,607.2,101-200,1.0
3603235,male,407.5,500.6,464.9,more than 500,0.7
3603236,female,542.5,589.3,597.8,201-500,0.9
3603237,male,377.3,449.6,449.5,11-25,-0.9
3603238,female,506.8,526.2,541.8,201-500,0.7
3603239,female,476.3,485.6,507.4,201-500,1.4
3603241,female,303.3,313.0,310.4,26-100,0.8
3603244,male,323.5,329.1,286.2,26-100,1.2
3603245,male,453.7,480.2,473.8,26-100,-0.9
3603246,female,340.1,383.9,343.3,201-500,0.4
3603247,male,691.9,623.1,634.1,26-100,-1.9
3603249,female,463.7,510.1,533.6,201-500,-0.4
3603250,female,463.1,541.0,486.9,201-500,1.3
3603251,female,522.3,498.7,418.9,101-200,1.2
3603252,male,328.2,256.7,337.9,26-100,0.0
3603253,female,377.4,458.0,405.6,101-200,0.1
3603254,male,404.0,396.0,298.3,11-25,0.2
3603256,male,551.1,636.8,533.5,201-500,1.2
3603259,male,509.4,533.3,574.8,101-200,1.3
3603260,female,531.2,623.5,575.4,101-200,0.8
3603261,male,561.6,572.1,524.8,201-500,-0.2
3603264,male,456.9,509.2,515.9,more than 500,0.8
3603266,female,428.3,422.6,439.7,101-200,0.2
3603268,male,589.7,642.4,707.2,more than 500,1.2
3603269,female,563.2,602.2,678.0,201-500,0.1
3603270,male,503.7,570.3,571.1,101-200,0.9
3603271,male,545.7,627.7,458.9,more than 500,1.4
3603272,male,533.1,624.6,604.2,26-100,-0.0
3603273,female,593.6,513.2,615.8,more than 500,1.4
3603274,male,465.1,541.2,417.2,201-500,0.7
3603279,female,506.7,623.6,500.0,201-500,0.4
3603280,male,294.8,220.5,304.1,101-200,0.1
3603281,male,519.5,420.0,459.5,26-100,0.6
3603282,female,499.7,537.0,638.5,201-500,-0.5
3603284,female,460.6,577.0,453.6,more than 500,0.8
3603286,female,398.4,488.9,429.5,26-100,-0.7
3603287,male,628.0,474.3,624.9,201-500,0.9
3603288,male,466.6,454.4,428.9,201-500,-0.1
3603289,male,534.4,531.8,528.7,101-200,1.5
3603290,male,402.0,416.7,509.7,101-200,1.0
3603293,male,306.0,390.3,349.1,11-25,-0.3
3603294,female,628.9,689.6,702.4,201-500,1.4
3603295,male,546.4,530.0,580.2,11-25,0.7
3603296,female,431.5,459.4,431.8,more than 500,1.2
3603297,male,423.9,393.7,419.2,101-200,0.3
3603299,male,451.8,535.5,462.4,26-100,0.2
3603301,male,647.6,648.0,610.9,101-200,1.3
3603303,female,567.4,507.3,561.6,26-100,-0.3
3603304,male,589.9,534.8,555.8,101-200,-0.2
3603306,female,582.7,636.1,517.0,more than 500,0.2
3603307,female,510.7,364.3,429.4,11-25,0.4
3603308,male,567.1,460.3,489.5,101-200,1.3
3603309,male,539.0,488.4,559.6,101-200,0.9
3603314,female,461.0,546.0,601.3,101-200,0.8
3603315,male,426.1,366.6,426.0,26-100,0.3
3603316,male,584.7,567.9,591.2,more than 500,0.2
3603319,male,381.7,321.0,457.9,201-500,0.9
3603320,female,364.2,435.6,426.6,more than 500,-0.7
3603321,male,669.2,533.5,544.5,101-200,1.2
3603322,female,364.7,421.1,335.5,11-25,0.1
3603323,male,584.1,529.6,589.6,201-500,0.8
3603324,male,586.5,582.8,593.7,26-100,0.1
3603325,female,487.2,465.6,454.7,201-500,-0.4
3603330,male,461.7,454.3,532.9,101-200,0.4
3603331,female,537.3,660.1,608.7,26-100,0.8
3603332,male,579.8,617.0,661.8,26-100,-0.5
3603334,female,407.8,515.1,488.8,more than 500,0.1
3603337,female,485.7,554.5,496.8,more than 500,1.1
3603338,female,565.1,530.4,673.0,201-500,1.1
3603343,male,344.0,358.1,386.9,201-500,1.5
3603345,male,541.0,578.9,515.9,more than 500,0.4
3603348,female,474.5,421.8,554.5,101-200,0.9
3603349,female,362.2,462.1,434.2,more than 500,1.3
3603351,male,339.6,433.6,403.6,101-200,0.3
3603354,female,443.2,481.2,420.7,101-200,-0.1
3603355,female,511.4,497.3,517.1,201-500,0.6
3603357,female,455.8,544.1,532.1,201-500,-0.8
3603359,female,331.2,374.9,320.7,0-10,-0.9
3603362,female,373.9,486.6,465.7,101-200,0.7
3603366,female,504.8,599.0,542.0,more than 500,0.9
3603367,female,567.9,628.0,526.3,201-500,-0.5
3603368,male,405.4,268.1,382.1,26-100,0.1
3603369,female,522.9,547.9,548.6,26-100,0.1
3603370,male,330.0,357.3,330.4,101-200,1.1
3603371,male,659.3,522.6,539.5,26-100,0.3
3603372,female,558.7,592.6,517.0,101-200,1.0
3603373,male,489.3,447.0,390.5,26-100,0.6
3603374,male,500.2,578.9,527.5,11-25,0.3
3603376,male,466.3,392.9,486.0,201-500,-1.0
3603377,female,373.3,353.8,412.4,101-200,-0.0
3603380,female,537.8,630.9,572.6,11-25,0.7
3603382,male,642.5,670.3,646.1,201-500,1.3
3603385,male,508.8,575.7,514.7,0-10,-0.3
3603386,male,398.5,460.7,457.0,101-200,1.0
3603388,female,411.1,460.1,521.9,101-200,1.1
3603389,male,466.8,484.7,464.9,101-200,-0.3
3603391,male,527.4,476.0,456.8,101-200,0.4
3603392,male,450.3,484.8,533.5,101-200,-0.2
3603393,male,542.7,574.0,555.7,201-500,0.7
3603396,female,405.5,476.2,443.6,more than 500,0.9
3603397,female,351.9,375.6,483.4,101-200,-1.1
3603398,female,328.1,431.6,331.6,101-200,-0.5
3603399,female,476.1,508.2,532.5,11-25,-0.2
3603401,male,339.0,310.8,291.2,11-25,0.4
3603402,female,206.4,309.1,286.7,11-25,-1.3
3603404,female,598.4,618.9,655.0,101-200,-0.6
3603405,male,542.5,408.8,534.9,201-500,0.5
3603406,female,390.9,406.3,332.2,26-100,-0.3
3603408,male,669.3,635.6,694.5,201-500,1.5
3603409,male,480.2,485.2,543.4,201-500,0.6
3603410,male,526.6,460.2,573.5,101-200,-0.9
3603412,male,444.6,387.4,444.0,11-25,-0.1
3603419,female,609.0,663.6,606.9,101-200,0.8
3603420,female,427.5,499.6,485.6,201-500,0.8
3603421,female,644.7,503.8,694.0,101-200,-0.9
3603425,male,526.7,630.7,541.4,101-200,1.0
3603426,female,516.3,614.9,584.8,more than 500,1.0
3603427,male,420.4,419.0,378.4,0-10,0.3
3603429,female,571.8,632.4,549.7,101-200,0.6
3603430,male,599.4,492.0,588.6,11-25,-0.1
3603431,female,563.3,602.8,578.9,more than 500,-0.1
3603432,female,463.3,586.6,538.6,201-500,1.2
3603433,female,388.6,526.1,459.9,201-500,-0.9
3603434,female,573.9,529.8,635.9,101-200,0.4
3603437,female,451.7,367.3,521.5,101-200,0.6
3603438,female,550.5,589.9,573.3,201-500,1.0
3603439,male,373.5,263.0,422.3,201-500,0.1
3603440,male,613.1,683.2,546.6,101-200,0.2
3603441,female,439.5,400.2,572.2,101-200,-0.4
3603443,male,654.1,630.8,699.6,more than 500,-0.5
3603447,male,385.7,473.8,378.9,101-200,0.9
3603448,male,567.0,576.9,636.3,101-200,1.0
3603449,female,669.7,599.6,691.8,101-200,1.0
3603450,female,571.2,631.3,608.2,101-200,0.2
3603452,male,319.9,323.5,333.8,26-100,1.1
3603455,male,354.0,131.2,253.7,101-200,0.5
3603457,male,548.2,552.6,590.9,101-200,1.0
3603458,female,590.9,684.2,626.8,26-100,-0.0
3603460,female,577.3,679.6,607.0,26-100,1.0
3603461,male,712.2,602.8,650.0,more than 500,1.1
3603462,male,555.3,541.7,505.5,26-100,0.9
3603463,male,408.9,305.4,410.1,101-200,1.3
3603464,male,664.6,589.7,644.8,201-500,0.7
3603468,male,458.7,399.1,457.7,101-200,0.5
3603469,female,408.8,409.1,422.9,201-500,0.5
3603470,female,556.4,599.1,633.1,201-500,1.1
3603471,male,488.2,521.1,357.7,26-100,0.6
3603473,female,495.5,541.7,568.0,201-500,1.0
3603475,female,515.8,605.0,645.8,101-200,1.0
3603477,male,469.6,451.0,521.6,101-200,-0.4
3603478,female,457.9,413.5,399.2,26-100,-1.0
3603479,male,676.4,750.9,665.8,201-500,0.4
3603480,female,410.6,430.1,460.4,11-25,0.3
3603482,male,492.9,398.4,568.2,more than 500,1.2
3603483,female,360.3,421.4,369.7,11-25,-0.8
3603484,male,529.4,589.7,575.1,11-25,0.1
3603486,female,583.4,573.3,563.7,more than 500,0.6
3603487,female,388.5,498.6,419.2,201-500,1.2
3603488,male,667.6,685.6,666.3,201-500,1.3
3603489,female,351.8,491.0,396.1,101-200,-0.3
3603490,female,562.4,512.0,535.5,26-100,0.7
3603491,male,513.3,601.9,619.6,201-500,1.6
3603492,male,618.5,659.2,673.8,26-100,0.7
3603493,female,455.9,565.7,521.0,101-200,1.0
3603494,female,364.2,338.9,353.1,11-25,0.3
3603496,male,582.7,584.8,644.6,201-500,1.4
3603497,male,495.4,400.3,433.8,101-200,1.0
3603498,female,399.0,367.9,501.5,26-100,-2.1
3603500,female,399.6,345.7,428.9,11-25,-1.9
3603503,male,509.4,457.1,600.8,more than 500,-0.1
3603504,male,541.1,540.4,528.0,101-200,-0.3
3603505,male,506.0,380.9,460.4,201-500,1.3
3603507,female,490.0,489.9,460.0,201-500,1.4
3603509,female,377.5,312.5,322.9,201-500,0.9
3603511,female,358.2,417.7,355.7,201-500,-0.7
3603515,male,501.0,514.6,520.9,201-500,-0.5
3603517,male,447.5,430.7,477.9,101-200,1.1
3603519,male,672.5,626.4,671.2,101-200,1.3
3603520,male,484.3,420.8,411.0,101-200,0.7
3603521,male,656.9,662.2,612.8,101-200,0.9
3603523,female,454.0,564.0,464.5,more than 500,0.0
3603524,male,573.9,605.8,624.1,more than 500,0.9
3603525,female,590.2,593.4,470.8,101-200,1.3
3603527,male,665.1,565.9,643.0,26-100,1.0
3603529,male,523.9,500.1,514.3,101-200,0.2
3603530,male,692.5,633.9,711.3,101-200,1.0
3603531,female,636.6,597.6,662.6,101-200,0.0
3603536,female,466.3,450.3,416.4,101-200,-1.2
3603537,female,515.8,612.6,645.9,201-500,-0.4
3603539,female,308.3,295.2,414.6,0-10,0.1
3603541,male,467.5,353.2,469.3,201-500,0.9
3603542,male,628.1,483.0,582.4,more than 500,1.8
3603543,female,537.4,595.7,548.3,101-200,0.5
3603544,male,492.7,542.0,506.8,101-200,0.1
3603546,male,480.2,390.9,475.7,201-500,0.7
3603547,female,533.1,595.9,619.0,101-200,0.5
3603548,female,427.6,464.6,501.0,more than 500,1.8
3603552,female,600.1,692.2,622.7,101-200,0.8
3603553,male,475.6,505.5,594.4,201-500,1.2
3603554,male,630.0,685.4,659.7,more than 500,1.3
3603555,male,503.9,492.9,555.9,26-100,-1.0
3603557,male,415.9,415.6,400.3,26-100,-0.8
3603558,male,526.6,491.9,471.3,0-10,0.1
3603559,male,373.3,429.7,373.8,11-25,-0.5
3603560,female,695.7,685.6,773.2,201-500,-1.1
3603562,male,321.3,262.2,330.2,101-200,-0.4
3603564,female,378.2,447.7,405.4,201-500,-0.5
3603566,male,593.3,600.9,690.4,more than 500,1.3
3603567,male,563.1,623.4,626.9,11-25,0.1
3603568,male,508.5,475.6,518.6,201-500,0.2
3603570,male,575.1,522.5,589.9,201-500,1.4
3603571,male,560.9,587.9,440.6,101-200,0.4
3603572,female,560.2,435.4,515.0,201-500,1.0
3603574,male,536.5,526.9,517.7,101-200,0.9
3603575,male,222.0,250.2,303.5,11-25,-0.5
3603580,female,429.1,543.6,437.3,101-200,0.9
3603581,female,670.9,776.0,665.8,101-200,0.7
3603582,female,439.6,425.1,555.8,201-500,1.5
3603583,female,488.9,510.4,508.7,101-200,0.7
3603584,male,506.7,397.0,433.9,101-200,-1.7
3603585,male,659.7,598.9,665.1,101-200,0.8
3603586,female,502.4,486.0,553.2,11-25,0.8
3603587,male,521.4,472.3,519.4,more than 500,1.0
3603589,female,498.8,567.5,533.4,101-200,0.2
3603590,female,441.5,401.8,540.4,101-200,0.9
3603591,female,546.8,611.4,531.4,more than 500,1.1
3603592,male,616.0,545.9,650.6,more than 500,2.1
3603594,female,428.2,517.7,455.8,101-200,-0.2
3603596,female,483.7,656.3,592.2,201-500,0.0
3603597,male,511.4,592.0,516.1,101-200,0.8
3603599,female,616.2,651.8,556.3,101-200,1.8
3603601,male,599.8,582.8,552.6,more than 500,1.1
3603603,male,363.2,297.7,430.5,101-200,-0.8
3603604,male,665.4,685.2,770.1,201-500,1.1
3603606,female,542.2,656.3,585.6,201-500,1.2
3603608,male,418.1,373.8,401.6,11-25,0.1
3603609,female,560.6,699.0,596.0,26-100,0.8
3603611,female,391.1,500.5,435.2,201-500,-0.4
3603612,male,520.6,613.5,627.0,101-200,1.0
3603613,male,536.4,558.3,547.2,26-100,0.8
3603616,female,430.9,532.7,596.4,201-500,0.3
3603617,male,263.3,337.5,269.7,26-100,0.1
3603619,male,418.0,283.1,436.7,101-200,0.1
3603620,male,503.7,588.7,532.6,201-500,0.6
3603622,male,567.2,546.6,613.4,11-25,-0.9
3603623,male,387.0,376.3,446.3,101-200,-0.1
3603625,male,428.0,499.7,467.1,11-25,0.4
3603626,male,393.3,383.4,438.3,26-100,-0.8
3603629,female,593.7,660.1,649.1,more than 500,1.0
3603631,male,664.3,727.0,626.3,11-25,-1.4
3603632,female,378.0,476.2,430.1,201-500,1.0
3603633,female,468.7,432.4,466.2,more than 500,1.4
3603635,male,694.0,621.8,713.7,more than 500,1.1
3603636,male,393.0,477.9,427.5,more than 500,1.0
3603638,female,570.7,692.5,673.4,101-200,0.9
3603640,female,474.8,486.5,470.6,201-500,1.2
3603641,male,572.5,477.4,537.7,201-500,1.0
3603642,female,474.5,426.2,461.5,101-200,0.5
3603643,female,503.9,494.4,501.6,101-200,0.3
3603644,male,593.7,537.2,561.6,101-200,0.5
3603645,male,533.6,368.2,412.2,201-500,1.2
3603646,male,560.3,642.1,580.2,101-200,0.7
3603649,male,692.7,667.6,726.3,101-200,-0.7
3603650,male,457.6,491.3,399.5,201-500,0.1
3603651,female,541.3,643.7,574.0,201-500,1.5
3603652,female,575.1,497.6,537.5,201-500,-0.5
3603653,male,570.6,532.1,611.6,101-200,0.0
3603655,female,661.6,712.2,696.6,201-500,1.8
3603657,male,524.8,547.7,510.3,101-200,1.2
3603659,female,484.1,535.1,509.6,201-500,1.3
3603660,male,324.8,335.1,250.8,26-100,-0.2
3603662,female,378.1,381.9,485.9,101-200,-0.6
3603663,male,584.2,587.1,640.3,201-500,1.0
3603664,male,477.0,508.9,564.0,101-200,-0.5
3603665,male,655.3,620.8,645.8,more than 500,1.0
3603667,female,398.5,420.9,459.4,101-200,-0.2
3603669,male,742.3,730.5,768.1,more than 500,1.6
3603671,male,319.3,336.0,368.5,26-100,-0.1
3603673,female,482.1,506.4,512.9,101-200,0.3
3603676,male,556.4,459.9,536.7,201-500,-0.8
3603677,male,616.2,547.0,540.2,more than 500,1.0
3603678,female,461.6,525.1,413.1,more than 500,0.3
3603679,female,474.5,591.8,506.2,201-500,0.9
3603680,female,578.5,512.6,538.5,201-500,1.6
3603681,male,702.8,628.3,782.2,101-200,1.3
3603683,female,519.3,460.6,474.0,101-200,0.4
3603686,female,533.7,638.0,624.7,101-200,1.3
3603687,male,503.2,520.1,517.2,101-200,1.3
3603688,female,566.9,560.8,537.0,201-500,0.6
3603689,female,393.9,492.3,485.4,201-500,1.1
3603690,male,349.9,406.1,429.0,101-200,-0.1
3603692,male,360.8,398.0,354.3,101-200,0.9
3603693,female,407.9,469.7,412.0,11-25,0.7
3603694,female,567.1,469.9,647.4,201-500,1.3
3603695,female,605.5,646.3,544.5,201-500,0.8
3603697,male,538.0,616.9,590.0,11-25,-1.8
3603700,female,275.3,354.1,408.6,101-200,1.7
3603701,male,451.6,378.9,428.4,26-100,0.2
3603702,male,349.8,434.5,374.0,101-200,0.1
3603703,female,481.4,497.6,521.5,201-500,-1.5
3603704,female,367.8,450.8,384.5,101-200,-0.3
3603705,female,523.6,649.8,631.2,more than 500,1.1
3603708,female,533.3,530.4,595.1,26-100,0.6
3603714,male,303.2,338.9,262.5,11-25,1.2
3603715,female,277.4,199.5,217.1,0-10,-1.3
3603717,female,598.7,715.9,589.9,more than 500,1.6
3603719,female,569.9,590.3,550.6,201-500,0.8
3603721,male,646.4,721.7,698.6,201-500,1.7
3603722,male,470.4,464.7,516.5,more than 500,0.8
3603724,female,517.0,597.7,509.5,101-200,0.7
3603727,male,587.4,547.2,610.8,201-500,1.1
3603728,male,381.6,452.6,409.0,more than 500,1.2
3603729,male,549.0,506.1,527.6,101-200,1.4
3603732,male,426.6,392.0,336.0,26-100,-0.9
3603733,female,415.8,406.2,428.3,101-200,-0.7
3603734,male,483.7,466.9,518.5,101-200,-0.7
3603735,male,559.0,514.4,516.4,more than 500,1.2
3603736,male,317.1,355.7,377.4,101-200,1.0
3603740,male,492.1,303.9,484.3,11-25,-0.3
3603742,female,570.1,480.1,561.6,more than 500,1.6
3603744,female,349.2,460.4,398.2,more than 500,1.1
3603745,female,549.7,582.2,603.7,201-500,1.1
3603748,female,500.4,546.0,488.8,101-200,0.5
3603750,female,494.4,484.3,496.5,201-500,1.1
3603751,male,604.6,577.1,674.0,101-200,0.2
3603753,female,374.6,410.5,383.1,26-100,-0.2
3603760,female,503.4,541.3,653.8,201-500,1.9
3603761,male,527.9,518.8,496.9,101-200,0.9
3603763,male,478.5,468.2,526.5,101-200,-0.5
3603764,female,464.2,575.7,536.2,101-200,-0.5
3603765,female,325.9,291.8,358.2,0-10,-1.8
3603766,male,529.8,657.0,578.5,201-500,0.4
3603767,female,524.3,635.4,625.8,201-500,0.9
3603768,female,441.6,511.2,510.4,101-200,0.4
3603769,female,588.0,561.4,530.3,101-200,-0.3
3603770,male,242.7,408.6,331.6,101-200,-0.3
3603771,male,713.4,663.0,672.3,201-500,0.6
3603774,female,467.0,374.9,436.8,201-500,0.8
3603775,male,631.9,563.5,677.7,201-500,1.2
3603776,male,337.3,254.3,391.8,0-10,-1.2
3603777,female,467.5,617.7,471.8,more than 500,1.1
3603780,male,438.3,468.6,555.4,more than 500,1.1
3603781,male,513.7,424.5,536.4,101-200,0.4
3603782,female,481.4,502.0,486.5,11-25,0.2
3603783,female,675.7,673.7,684.0,26-100,1.4
3603784,female,394.4,433.2,383.0,201-500,0.7
3603785,male,479.2,550.9,486.6,101-200,-0.4
3603788,female,378.9,420.2,493.8,more than 500,-0.2
3603790,female,679.1,680.5,637.0,201-500,1.4
3603794,male,316.8,452.6,399.9,0-10,-2.0
3603795,male,463.0,482.0,572.5,26-100,-0.7
3603796,male,460.1,490.5,491.5,201-500,-0.1
3603797,female,434.3,578.3,533.3,26-100,-1.1
3603798,male,389.9,395.2,373.3,101-200,-1.1
3603799,female,310.5,385.4,403.1,26-100,-0.3
3603800,male,680.2,619.0,659.1,201-500,1.5
3603803,female,288.5,298.9,230.7,more than 500,1.6
3603804,male,361.2,389.8,398.5,201-500,-1.0
3603805,female,566.5,548.6,608.1,26-100,0.8
3603806,male,508.8,537.6,602.2,more than 500,1.1
3603807,male,545.2,503.6,543.6,101-200,0.5
3603808,female,560.3,484.6,645.3,11-25,0.6
3603809,male,488.1,509.4,536.7,101-200,-0.6
3603812,male,464.0,403.4,506.4,0-10,-1.5
3603813,male,608.1,595.4,641.3,26-100,0.7
3603814,male,424.8,488.4,450.7,201-500,0.0
3603816,female,370.0,409.2,379.0,101-200,-2.2
3603817,female,515.7,667.6,683.5,26-100,-0.1
3603818,female,588.7,558.8,637.0,201-500,0.2
3603819,female,424.8,401.0,399.5,101-200,0.9
3603820,male,451.3,506.4,436.4,201-500,1.0
3603821,male,552.5,507.5,548.4,201-500,0.8
3603822,female,468.1,436.2,474.0,11-25,0.9
3603824,male,431.4,391.1,433.5,26-100,-1.7
3603827,male,475.6,523.7,576.7,more than 500,0.7
3603828,female,412.9,562.3,527.1,101-200,1.3
3603831,female,661.8,671.2,693.7,more than 500,1.0
3603832,male,406.5,408.1,419.8,201-500,0.2
3603833,male,518.7,514.5,523.6,more than 500,0.6
3603834,male,654.7,515.2,634.2,201-500,-0.7
3603835,male,573.3,643.1,603.1,201-500,0.7
3603837,male,513.3,556.2,478.6,101-200,0.8
3603838,male,477.2,390.3,500.0,101-200,0.3
3603839,female,519.4,650.1,632.8,201-500,0.7
3603840,female,365.7,390.5,327.6,26-100,1.2
3603843,female,508.9,706.9,515.8,more than 500,0.8
3603845,female,421.5,360.5,401.5,11-25,-0.1
3603850,male,481.4,357.3,341.6,26-100,-0.3
3603852,female,507.0,559.1,536.1,201-500,0.2
3603854,male,424.2,493.9,452.7,101-200,0.9
3603856,male,502.0,575.5,496.1,201-500,0.9
3603858,female,634.6,577.2,677.5,101-200,1.2
3603859,female,482.0,419.6,532.8,201-500,-0.3
3603860,male,495.5,501.3,507.6,more than 500,1.5
3603861,male,537.3,445.4,518.2,201-500,-0.8
3603864,male,481.1,495.7,465.2,101-200,-0.1
3603865,male,447.0,452.2,479.1,201-500,0.0
3603866,female,403.3,444.5,389.5,101-200,0.6
3603868,female,467.7,486.3,449.6,101-200,-0.8
3603870,female,564.0,583.2,669.2,more than 500,1.4
3603871,male,651.9,602.4,708.1,101-200,1.1
3603873,male,357.3,535.5,465.9,26-100,0.1
3603874,female,460.0,557.5,474.2,101-200,0.4
3603875,male,727.3,652.6,660.0,26-100,1.0
3603876,male,539.3,542.8,565.1,101-200,1.0
3603877,female,541.6,435.5,581.2,101-200,-1.1
3603878,male,508.1,491.0,580.0,201-500,-0.1
3603879,male,579.4,586.0,612.5,201-500,1.1
3603880,male,590.6,485.9,685.3,101-200,1.0
3603885,male,520.9,565.5,553.6,26-100,-0.2
3603886,female,623.2,638.5,612.7,101-200,1.3
3603889,male,536.3,573.7,539.7,more than 500,1.3
3603890,male,442.5,556.3,560.4,101-200,0.0
3603891,male,437.3,580.2,401.0,101-200,1.2
3603895,male,517.1,524.7,494.3,26-100,0.8
3603896,male,481.8,402.6,487.0,more than 500,0.7
3603897,female,387.7,490.2,398.1,101-200,1.5
3603899,male,442.2,415.9,405.8,101-200,-1.1
3603905,male,348.7,329.2,406.8,0-10,-0.8
3603906,female,594.2,606.1,639.3,26-100,0.3
3603912,male,407.4,424.0,396.9,26-100,-0.3
3603915,male,521.6,625.7,628.6,26-100,0.4
3603918,male,327.1,271.2,332.4,0-10,-1.3
3603920,male,472.0,450.8,513.5,11-25,-0.1
3603921,female,426.9,472.9,393.8,11-25,0.3
3603923,male,383.7,345.8,425.5,101-200,-1.0
3603924,female,549.5,608.3,572.1,101-200,-0.1
3603927,female,401.2,434.3,364.6,201-500,-0.8
3603928,male,554.0,582.7,501.6,more than 500,1.5
3603930,male,424.8,363.4,453.5,201-500,0.0
3603931,female,598.5,669.1,698.5,more than 500,1.4
3603932,female,591.4,563.5,653.1,101-200,0.6
3603934,male,512.6,502.5,645.5,more than 500,1.2
3603936,male,332.6,378.6,274.4,0-10,0.4
3603937,male,370.1,287.1,400.3,101-200,-0.3
3603938,male,382.5,324.1,361.3,101-200,1.0
3603943,male,647.4,626.3,676.4,101-200,1.2
3603944,female,350.9,354.2,416.0,101-200,0.7
3603945,female,472.9,545.4,499.1,101-200,-1.5
3603946,male,414.7,438.6,367.4,11-25,-0.0
3603950,male,411.6,448.9,374.7,101-200,-0.5
3603951,female,636.4,604.6,644.5,more than 500,1.1
3603952,female,531.9,600.3,555.4,101-200,1.2
3603954,female,388.2,439.2,398.7,201-500,0.8
3603955,male,582.9,606.3,607.2,more than 500,0.9
3603957,male,496.1,441.6,571.6,201-500,1.3
3603958,female,502.4,458.5,516.5,201-500,1.4
3603959,female,354.7,439.9,391.6,201-500,0.4
3603960,male,556.8,610.0,524.8,201-500,0.8
3603961,female,575.3,559.6,572.8,101-200,-0.4
3603963,male,639.8,595.9,645.0,more than 500,1.4
3603964,male,510.0,513.4,493.8,101-200,0.5
3603965,male,376.6,417.0,390.4,201-500,1.2
3603966,female,254.5,269.3,146.0,0-10,-2.2
3603969,male,556.1,628.9,529.2,201-500,1.4
3603970,male,408.5,443.0,446.9,0-10,-0.5
3603972,male,576.2,419.5,543.3,101-200,0.5
3603981,male,445.2,478.7,502.6,26-100,0.6
3603984,male,383.6,360.3,400.4,more than 500,0.5
3603987,male,429.0,427.0,374.2,101-200,0.2
3603988,male,514.2,663.5,505.7,201-500,1.3
3603990,male,323.2,367.7,278.4,0-10,0.2
3603991,male,537.3,428.6,513.3,201-500,0.4
3603992,female,632.6,727.2,748.4,more than 500,1.3
3603993,female,392.5,315.4,331.4,11-25,0.1
3603994,female,597.6,630.7,599.9,201-500,1.2
3603996,male,540.0,550.0,555.7,101-200,1.4
3603997,male,567.1,570.7,665.0,201-500,0.1
3603998,male,560.4,623.2,538.6,101-200,0.2
3603999,female,491.9,463.4,447.7,201-500,-0.5
3604000,male,573.8,420.2,580.3,201-500,1.4
3604002,female,417.6,435.0,436.0,11-25,-0.5
3604003,female,448.2,471.9,491.1,101-200,0.7
3604004,female,502.3,559.0,533.6,101-200,1.3
3604005,female,413.2,537.7,472.4,101-200,0.9
3604007,male,430.8,517.9,534.8,201-500,1.1
3604008,male,458.7,424.0,460.9,26-100,1.0
3604009,female,576.5,707.3,536.1,101-200,1.4
3604010,male,567.6,542.6,640.7,101-200,1.5
3604011,male,610.5,645.0,609.5,101-200,0.9
3604012,male,424.2,460.8,423.1,more than 500,1.3
3604014,female,568.0,645.5,704.2,more than 500,1.3
3604015,male,311.4,290.4,396.1,101-200,-1.2
3604017,female,452.8,412.9,460.4,26-100,0.1
3604018,male,402.0,362.1,376.1,more than 500,-0.4
3604019,female,320.5,397.7,337.4,101-200,-0.0
3604020,female,507.9,538.8,484.1,26-100,0.6
3604021,female,498.1,557.1,571.8,101-200,1.0
3604025,female,370.9,456.6,414.5,26-100,0.8
3604026,male,402.1,416.8,443.3,11-25,0.6
3604027,male,368.6,376.4,351.0,201-500,0.7
3604028,male,502.7,454.3,466.3,101-200,-0.9
3604031,male,616.6,603.7,625.5,201-500,1.5
3604032,male,608.0,496.3,549.7,201-500,0.8
3604034,female,444.1,498.5,427.0,201-500,0.1
3604035,female,415.9,532.2,540.8,26-100,-0.4
3604036,male,594.3,646.5,651.8,more than 500,1.7
3604038,male,488.3,482.6,512.0,201-500,-0.0
3604042,male,342.1,367.6,361.2,more than 500,-0.0
3604043,male,430.9,405.8,444.5,101-200,-0.6
3604045,male,605.5,670.3,662.4,201-500,0.9
3604046,female,419.9,452.9,355.8,26-100,1.1
3604047,male,440.0,546.1,553.5,101-200,0.2
3604048,male,553.7,564.5,560.5,201-500,0.6
3604049,female,475.2,516.5,437.9,201-500,1.0
3604050,male,471.3,532.5,463.7,more than 500,0.1
3604051,female,521.9,434.1,498.0,26-100,-2.6
3604053,female,443.4,429.8,472.7,101-200,0.3
3604054,female,596.6,641.0,618.2,201-500,0.4
3604055,male,550.5,411.1,604.2,101-200,0.1
3604057,male,505.8,391.6,502.6,201-500,0.5
3604059,male,550.0,532.9,590.9,101-200,-0.0
3604061,female,501.8,433.9,442.9,11-25,-0.6
3604062,female,461.0,385.3,400.4,101-200,1.5
3604063,male,331.6,247.6,370.0,26-100,0.1
3604065,female,414.3,470.2,464.2,201-500,0.1
3604068,female,579.2,709.9,629.7,101-200,1.4
3604069,male,465.7,469.6,445.8,11-25,-0.3
3604073,female,523.0,582.9,492.6,more than 500,1.7
3604074,female,518.7,549.6,612.1,26-100,0.3
3604075,female,572.2,502.7,584.8,26-100,-0.1
3604076,male,321.0,233.3,354.0,0-10,-5.3
3604077,male,457.0,438.8,397.7,101-200,0.6
3604080,male,463.3,399.6,540.1,26-100,-1.8
3604081,female,470.0,496.2,483.7,201-500,0.0
3604082,male,338.0,364.2,288.1,0-10,0.2
3604083,female,488.6,423.3,467.4,201-500,1.2
3604084,male,421.4,419.7,481.4,101-200,0.8
3604085,female,333.2,447.9,472.5,26-100,-0.1
3604087,female,436.8,517.7,538.3,11-25,-0.6
3604090,female,505.4,544.7,521.2,101-200,0.8
3604091,male,526.8,500.4,595.8,26-100,0.8
3604093,female,468.0,551.4,467.4,101-200,1.0
3604095,female,500.2,493.7,461.9,more than 500,0.9
3604096,female,682.6,661.7,783.9,101-200,0.9
3604097,female,638.6,654.9,663.5,101-200,1.0
3604099,male,545.7,541.1,571.4,101-200,1.4
3604100,male,590.6,603.1,639.0,101-200,-0.2
3604101,male,596.9,570.3,642.8,101-200,-1.0
3604105,female,500.8,557.9,612.7,101-200,0.8
3604106,female,443.4,559.4,428.5,101-200,0.9
3604109,male,512.4,468.6,568.0,101-200,0.8
3604114,male,469.3,531.4,627.0,101-200,0.7
3604115,male,577.3,474.7,610.2,more than 500,0.8
3604116,female,541.6,588.4,688.5,201-500,0.4
3604118,female,410.6,338.2,436.5,26-100,-0.5
3604119,male,447.2,421.0,564.7,101-200,-1.0
3604120,female,479.5,458.6,461.7,101-200,0.8
3604122,male,702.9,594.2,703.2,more than 500,1.4
3604123,female,537.3,587.5,466.0,0-10,-0.9
3604125,male,441.1,516.2,467.0,201-500,0.4
3604126,male,505.9,442.8,495.1,101-200,0.3
3604128,female,582.9,564.4,631.9,more than 500,1.3
3604130,female,375.7,503.0,516.6,101-200,-0.2
3604131,female,548.6,511.4,609.2,more than 500,1.8
3604133,female,474.2,501.9,537.8,201-500,0.2
3604135,male,501.4,563.7,543.2,more than 500,-0.6
3604136,male,520.4,508.2,505.6,26-100,-0.1
3604137,male,524.3,589.4,562.3,101-200,1.1
3604138,male,495.6,493.6,580.8,more than 500,0.2
3604142,female,562.4,622.9,640.5,201-500,1.2
3604143,male,370.2,400.0,367.0,more than 500,0.8
3604144,female,497.0,518.0,579.6,101-200,0.8
3604146,male,635.4,425.2,676.6,101-200,-0.7
3604148,female,340.7,345.8,337.0,11-25,-0.1
3604150,female,522.4,557.2,579.3,101-200,-0.3
3604151,male,511.5,469.3,495.4,26-100,0.6
3604152,male,360.3,335.9,470.5,0-10,-4.3
3604153,male,498.6,456.0,578.6,26-100,-1.1
3604154,female,619.5,636.3,571.4,more than 500,1.2
3604155,male,409.6,440.2,526.3,101-200,1.0
3604157,female,455.2,516.7,494.0,101-200,0.6
3604158,male,445.0,473.7,458.6,101-200,0.9
3604159,female,536.4,736.8,519.9,201-500,0.7
3604160,male,419.2,441.3,456.4,11-25,0.2
3604162,female,501.1,470.2,522.6,201-500,1.0
3604164,male,431.9,493.7,362.2,101-200,-0.3
3604167,male,368.1,256.7,405.0,0-10,-0.2
3604168,male,479.9,476.3,378.3,101-200,-0.8
3604169,male,718.3,578.4,732.2,26-100,1.5
3604171,male,403.1,377.5,492.9,0-10,-2.0
3604172,female,404.9,414.0,373.9,101-200,1.3
3604174,male,519.1,535.0,602.6,201-500,0.1
3604175,female,589.5,577.6,666.8,more than 500,0.6
3604176,female,421.2,456.3,448.5,101-200,-0.8
3604178,female,376.0,282.8,397.8,101-200,1.3
3604179,male,457.2,552.4,526.4,101-200,0.9
3604181,male,436.0,522.5,458.9,201-500,1.3
3604182,male,570.2,498.5,557.3,201-500,1.1
3604183,female,616.9,664.9,616.3,101-200,0.9
3604184,male,414.5,385.9,465.2,26-100,0.4
3604185,male,553.9,374.9,581.6,101-200,0.3
3604186,female,471.2,501.9,529.0,101-200,0.2
3604187,female,550.3,575.8,655.6,101-200,1.4
3604188,male,606.8,560.3,690.9,101-200,0.8
3604190,male,584.4,520.9,607.2,26-100,0.5
3604191,female,490.3,542.0,578.1,101-200,0.5
3604192,male,531.5,580.1,559.5,101-200,0.3
3604194,male,388.5,300.5,368.5,101-200,0.8
3604195,female,409.9,514.6,487.7,more than 500,1.1
3604197,female,673.1,667.5,656.0,more than 500,-0.1
3604198,female,521.7,597.6,555.4,26-100,0.3
3604201,female,389.7,419.2,383.3,101-200,-2.0
3604203,male,554.6,542.5,588.8,more than 500,0.0
3604205,male,408.2,445.0,392.7,26-100,0.2
3604209,female,621.4,686.6,736.6,more than 500,1.3
3604210,male,558.6,559.7,566.8,201-500,1.0
3604211,female,382.7,312.3,373.7,11-25,0.6
3604213,female,494.4,584.1,515.2,101-200,-0.6
3604214,female,363.0,446.3,371.4,101-200,-0.1
3604217,male,391.5,348.5,402.0,101-200,-0.6
3604218,female,497.1,492.7,420.1,0-10,-0.7
3604220,male,518.3,512.0,540.3,101-200,0.6
3604221,male,628.6,622.7,634.8,101-200,1.1
3604222,female,656.8,683.7,676.9,more than 500,1.0
3604223,male,413.2,400.7,353.1,0-10,-1.0
3604224,female,326.3,409.6,403.6,26-100,-1.7
3604225,female,645.8,678.3,577.7,101-200,0.6
3604226,male,461.6,404.1,424.3,201-500,1.4
3604229,female,642.8,585.0,618.7,201-500,0.0
3604231,female,380.1,490.6,495.4,more than 500,-1.1
3604232,male,291.0,277.5,312.4,11-25,-1.4
3604235,male,518.0,477.1,505.5,201-500,0.4
3604236,male,440.4,385.3,425.6,101-200,0.5
3604237,male,601.6,495.2,558.0,101-200,0.9
3604238,female,562.4,539.6,514.2,more than 500,1.0
3604240,male,543.9,553.4,576.1,26-100,-0.3
3604241,female,561.8,629.0,599.4,more than 500,-0.3
3604243,male,463.9,500.8,461.5,101-200,1.3
3604245,female,455.1,444.4,542.9,more than 500,0.9
3604247,female,360.2,445.9,370.9,26-100,-0.6
3604248,male,406.8,348.1,484.5,101-200,0.3
3604249,male,559.6,641.7,541.0,201-500,0.8
3604250,male,640.3,638.3,698.0,201-500,1.0
3604251,female,344.6,340.1,303.8,101-200,0.7
3604255,male,458.3,420.9,454.3,more than 500,1.3
3604256,female,420.4,517.8,456.6,26-100,-1.0
3604258,male,529.0,348.9,489.7,201-500,-0.5
3604259,female,450.3,355.0,425.3,11-25,-0.8
3604261,female,437.3,558.9,494.5,26-100,0.8
3604272,male,275.4,249.9,304.3,101-200,0.3
3604273,male,530.5,496.4,568.0,201-500,1.5
3604274,female,467.0,442.7,443.6,201-500,-1.2
3604275,male,605.8,601.1,596.1,more than 500,1.2
3604276,male,417.0,465.6,386.8,more than 500,1.1
3604278,female,475.9,549.1,501.9,more than 500,1.5
3604279,female,461.3,605.3,498.8,201-500,0.1
3604283,male,590.1,609.4,535.2,101-200,-0.1
3604284,male,626.2,632.9,601.6,101-200,0.7
3604285,female,346.7,286.4,406.0,101-200,-0.4
3604288,female,601.1,533.5,612.6,101-200,0.6
3604289,female,400.4,354.3,414.0,101-200,-0.5
3604291,female,544.4,515.3,488.8,201-500,-0.5
3604294,male,492.1,475.7,605.0,101-200,0.4
3604297,female,307.3,499.7,394.7,11-25,-3.0
3604300,female,517.2,530.7,482.0,101-200,1.1
3604301,female,566.7,541.2,692.8,11-25,0.4
3604302,female,606.4,564.5,633.5,201-500,1.2
3604303,male,535.5,557.1,597.3,201-500,1.3
3604306,female,567.9,646.1,554.1,201-500,1.0
3604307,male,626.0,567.6,544.3,101-200,1.1
3604308,female,516.9,476.9,492.4,101-200,0.2
3604310,male,606.5,582.9,584.4,26-100,0.7
3604312,male,481.3,456.0,483.0,26-100,1.0
3604314,male,435.1,344.0,296.1,11-25,0.2
3604316,male,531.3,577.2,576.0,more than 500,1.4
3604318,male,596.8,722.0,653.2,more than 500,1.3
3604319,female,515.4,520.6,507.4,more than 500,1.0
3604320,male,493.7,623.9,538.7,201-500,1.2
3604321,female,392.2,392.2,335.6,201-500,-0.3
3604322,male,466.9,524.8,532.5,more than 500,0.5
3604324,female,477.5,501.7,505.4,26-100,-0.4
3604329,female,339.1,387.5,273.0,201-500,-0.1
3604330,male,572.1,575.2,609.6,101-200,0.6
3604331,female,359.0,330.8,389.9,11-25,0.3
3604333,female,614.3,664.0,606.7,101-200,0.7
3604334,female,549.7,515.2,558.3,201-500,1.5
3604336,female,348.8,189.4,401.3,0-10,0.2
3604339,female,419.7,380.0,383.5,11-25,-0.7
3604340,female,314.2,456.4,420.7,201-500,0.2
3604341,female,646.4,680.9,660.6,more than 500,1.2
3604344,male,427.4,322.7,425.7,26-100,0.5
3604346,male,409.0,387.4,419.4,26-100,-0.3
3604347,female,365.3,454.4,528.5,11-25,-1.1
3604349,female,484.2,504.4,403.6,11-25,-0.4
3604350,female,596.5,553.7,635.6,more than 500,1.2
3604351,male,551.4,618.3,508.3,11-25,1.4
3604352,female,356.0,345.6,435.4,26-100,-0.8
3604355,female,601.3,744.0,535.6,more than 500,1.9
3604358,male,626.2,583.6,600.7,more than 500,-0.8
3604360,female,635.0,583.3,556.6,more than 500,1.2
3604363,male,531.3,505.9,537.6,11-25,0.1
3604364,female,537.5,579.0,496.7,more than 500,1.0
3604365,female,650.0,667.5,620.6,more than 500,1.3
3604367,male,507.0,444.9,507.4,201-500,0.7
3604370,male,613.2,595.8,669.0,201-500,1.3
3604371,male,572.9,585.6,574.7,more than 500,-0.6
3604372,male,500.3,632.3,523.9,26-100,0.8
3604373,male,516.4,581.4,668.6,26-100,0.5
3604374,female,571.9,523.4,530.6,101-200,1.6
3604377,female,483.4,549.5,539.5,11-25,0.6
3604378,female,571.5,572.0,579.7,201-500,1.3
3604380,female,389.7,441.2,435.1,101-200,1.0
3604381,male,352.5,420.0,412.9,26-100,0.3
3604382,female,627.5,687.8,680.0,more than 500,1.0
3604384,male,474.3,485.1,542.0,201-500,1.1
3604387,female,529.5,479.2,568.7,101-200,1.5
3604388,male,485.2,530.3,503.6,26-100,-0.6
3604389,male,468.7,399.5,517.7,101-200,1.1
3604390,female,456.8,478.1,476.1,26-100,0.3
3604391,female,442.2,442.8,351.9,101-200,0.3
3604392,male,426.5,448.7,445.8,26-100,-0.7
3604396,female,477.4,494.0,471.9,101-200,-0.1
3604397,male,493.8,576.7,575.1,201-500,1.3
3604398,male,541.7,381.3,527.3,11-25,0.4
3604401,male,669.1,644.7,697.9,201-500,0.9
3604402,female,389.5,402.8,408.3,0-10,-0.7
3604403,female,510.9,562.6,550.0,more than 500,1.3
3604404,female,413.9,392.7,392.0,101-200,0.5
3604405,female,378.2,430.9,407.3,101-200,0.8
3604406,male,394.2,509.9,400.4,26-100,0.5
3604409,male,615.0,516.9,584.5,101-200,1.2
3604411,female,289.5,430.7,342.3,26-100,0.1
3604412,female,519.6,559.1,576.5,101-200,-0.4
3604415,female,433.0,537.3,551.3,201-500,1.1
3604416,female,511.8,568.9,507.4,more than 500,1.2
3604418,female,484.0,613.6,582.3,201-500,1.0
3604421,female,483.7,523.0,521.7,201-500,0.7
3604422,male,449.8,347.3,443.4,101-200,0.1
3604423,male,693.7,634.0,709.8,101-200,1.0
3604427,male,652.1,604.7,642.7,101-200,1.2
3604428,male,597.7,593.3,547.3,101-200,1.0
3604429,male,649.3,660.4,715.4,101-200,0.9
3604430,female,540.9,550.2,511.5,101-200,0.4
3604431,female,365.2,478.0,431.5,101-200,0.1
3604433,female,486.8,523.7,506.6,101-200,0.1
3604434,male,537.1,560.3,508.5,more than 500,1.0
3604438,female,498.1,521.1,521.5,more than 500,1.3
3604440,male,440.3,223.9,381.4,101-200,-2.9
3604442,male,541.1,599.5,554.8,101-200,1.4
3604443,male,473.4,441.4,547.0,0-10,-0.7
3604445,female,585.8,656.8,628.9,201-500,1.0
3604446,female,486.3,564.4,582.3,26-100,-0.9
3604447,male,352.7,375.1,307.7,101-200,-0.0
3604448,female,506.5,477.3,477.6,101-200,1.7
3604450,female,512.8,487.0,485.4,26-100,0.9
3604451,female,563.6,683.2,624.1,201-500,1.5
3604452,male,463.2,421.3,571.8,101-200,-0.9
3604454,female,562.9,673.6,569.7,more than 500,0.9
3604456,female,511.6,486.8,460.5,201-500,1.0
3604457,male,704.0,770.1,645.4,201-500,1.1
3604459,male,413.3,446.0,383.9,0-10,0.8
3604460,male,590.5,599.8,670.7,201-500,1.4
3604461,female,536.9,492.6,523.7,201-500,0.4
3604462,female,444.3,456.2,542.5,more than 500,0.9
3604463,male,567.0,675.0,612.3,11-25,-0.5
3604465,female,403.2,545.3,476.9,201-500,-0.5
3604466,female,547.4,597.9,509.5,201-500,-0.6
3604470,male,528.6,617.4,476.9,11-25,-3.1
3604475,female,269.1,281.8,370.6,more than 500,1.1
3604477,male,457.1,489.0,460.6,201-500,1.4
3604478,female,322.7,382.6,300.7,11-25,-1.1
3604479,male,471.1,440.8,448.9,26-100,0.2
3604480,female,385.1,329.7,378.3,11-25,-1.3
3604482,female,659.5,646.8,654.2,201-500,1.4
3604483,male,504.0,488.6,606.4,201-500,1.2
3604484,female,663.2,714.6,733.1,101-200,1.2
3604485,female,475.3,490.2,493.6,101-200,1.3
3604486,female,479.0,453.1,560.7,11-25,-0.1
3604489,female,235.1,384.6,300.1,11-25,-0.6
3604492,male,563.0,565.7,560.0,more than 500,1.4
3604493,male,497.1,422.6,482.6,201-500,1.4
3604494,female,584.1,588.3,531.7,101-200,1.2
3604495,female,393.3,571.8,502.5,101-200,1.0
3604496,female,541.9,563.8,501.7,101-200,0.9
3604497,male,400.7,455.1,367.9,26-100,-0.5
3604498,female,371.9,418.9,407.2,101-200,1.5
3604499,female,523.4,502.0,539.9,more than 500,0.4
3604500,male,490.8,434.9,518.0,101-200,-0.5
3604501,male,670.4,609.3,684.7,more than 500,0.5
3604502,male,469.2,522.4,480.8,201-500,-0.7
3604503,female,655.4,757.2,729.4,201-500,1.1
3604504,male,417.3,533.3,502.7,101-200,0.6
3604505,male,255.4,340.1,276.2,101-200,0.6
3604507,male,370.9,416.1,424.9,0-10,0.5
3604508,female,653.6,647.6,551.6,101-200,1.4
3604509,male,409.8,485.5,400.5,0-10,-2.1
3604510,female,460.4,548.0,486.0,201-500,1.0
3604512,female,640.2,601.6,716.5,26-100,0.1
3604513,female,426.4,460.9,490.3,101-200,0.5
3604514,female,370.9,354.8,350.1,101-200,0.0
3604517,female,508.0,579.6,565.3,101-200,0.6
3604518,male,496.0,481.5,533.5,101-200,0.3
3604519,female,604.9,666.7,724.5,26-100,1.1
3604521,female,491.2,600.0,563.4,101-200,-0.1
3604522,female,406.4,518.3,386.8,11-25,-0.8
3604523,female,392.2,442.5,418.2,101-200,-0.8
3604524,male,427.7,372.3,499.1,101-200,0.6
3604526,male,447.8,392.7,424.3,101-200,0.8
3604528,female,371.1,409.5,421.1,26-100,1.2
3604530,male,339.2,384.8,302.1,0-10,0.2
3604531,male,638.0,632.2,714.5,201-500,-0.3
3604532,female,494.6,572.1,521.5,more than 500,0.8
3604535,female,577.5,634.9,643.2,201-500,-1.2
3604537,male,442.2,406.3,389.6,11-25,-0.3
3604538,female,366.1,432.5,419.4,101-200,0.5
3604539,male,442.6,531.8,479.4,201-500,0.6
3604540,female,515.6,569.0,569.6,201-500,0.0
3604541,male,413.8,422.1,466.8,26-100,0.0
3604544,male,420.7,461.4,481.8,201-500,0.5
3604546,male,548.4,593.7,515.2,11-25,-0.2
3604553,male,599.3,573.5,571.8,11-25,0.2
3604554,female,548.1,480.0,628.2,201-500,0.2
3604555,female,547.6,545.4,569.2,26-100,1.1
3604556,male,435.8,309.0,487.3,101-200,-0.7
3604558,female,549.2,452.9,558.3,201-500,1.3
3604559,female,522.9,568.5,556.7,201-500,-1.4
3604560,female,698.5,701.9,668.2,more than 500,0.9
3604562,male,564.0,425.3,461.2,101-200,0.3
3604563,female,293.7,315.4,309.3,26-100,0.6
3604565,male,520.5,484.2,581.1,more than 500,0.6
3604566,male,515.1,586.9,490.7,101-200,0.0
3604567,female,611.7,595.5,639.2,more than 500,1.4
3604569,female,438.9,393.5,360.3,11-25,-1.3
3604570,male,523.5,487.6,585.2,101-200,1.1
3604572,male,522.8,457.4,595.5,101-200,0.2
3604573,male,378.8,439.1,362.0,11-25,-0.8
3604575,female,616.0,580.9,681.7,101-200,1.2
3604577,female,620.3,621.2,668.6,201-500,0.9
3604578,female,526.5,615.1,572.0,101-200,0.1
3604579,female,530.9,661.9,572.5,201-500,1.2
3604580,female,512.0,641.0,485.9,101-200,-0.1
3604584,male,543.4,586.6,560.6,26-100,0.6
3604585,male,497.0,704.6,593.7,more than 500,1.3
3604588,female,479.8,540.2,459.5,more than 500,1.7
3604589,male,412.3,374.1,422.5,26-100,0.7
3604590,female,492.5,636.5,572.9,101-200,-0.8
3604592,female,492.3,600.4,520.2,101-200,0.7
3604593,female,477.9,644.9,416.8,26-100,-0.3
3604595,female,338.9,360.3,351.7,101-200,0.2
3604596,male,529.0,522.2,584.5,101-200,-0.2
3604599,male,527.1,638.7,584.5,101-200,-1.4
3604600,male,421.8,443.9,366.8,201-500,-0.6
3604601,male,683.9,590.6,692.9,101-200,0.6
3604603,male,399.6,401.0,389.9,26-100,-0.2
3604604,female,383.6,367.5,471.0,101-200,-1.2
3604605,male,462.5,484.2,486.8,more than 500,-0.1
3604606,male,600.9,536.1,534.0,201-500,1.6
3604608,male,429.6,415.3,535.5,0-10,0.2
3604611,male,369.4,376.7,458.8,26-100,0.4
3604612,male,398.7,394.4,358.5,26-100,-1.1
3604613,male,605.4,616.9,703.3,201-500,1.1
3604614,female,452.5,576.9,536.3,101-200,-0.1
3604616,female,442.3,515.2,438.5,101-200,1.0
3604617,female,427.7,566.9,459.4,201-500,-0.7
3604619,female,590.6,511.9,636.7,26-100,0.3
3604620,female,357.8,372.2,463.7,101-200,0.4
3604623,male,334.2,402.5,329.6,11-25,0.1
3604625,male,503.8,411.3,427.1,26-100,0.8
3604627,male,375.3,440.9,383.9,more than 500,-0.9
3604630,female,436.5,468.0,366.0,101-200,1.0
3604631,male,526.6,413.8,584.2,101-200,-0.4
3604633,male,436.9,402.3,373.0,101-200,0.7
3604634,male,512.9,342.0,446.0,more than 500,0.7
3604637,male,514.1,539.5,489.8,201-500,-0.4
3604640,male,378.8,397.9,383.4,101-200,0.0
3604641,male,242.8,202.2,199.2,11-25,-1.1
3604642,female,487.8,493.7,577.8,201-500,0.5
3604643,female,405.6,427.5,398.8,26-100,-1.3
3604644,female,467.3,569.8,457.7,26-100,-0.8
3604646,male,502.4,526.8,603.7,26-100,-1.2
3604649,female,405.7,462.0,454.7,201-500,1.1
3604650,male,564.2,563.8,678.8,201-500,0.8
3604651,female,328.5,297.3,297.9,201-500,-0.1
3604654,female,361.6,390.0,406.9,101-200,0.6
3604655,female,390.5,460.8,467.6,26-100,1.3
3604660,male,375.6,346.7,323.4,11-25,-2.0
3604662,male,540.5,521.1,532.1,101-200,-0.3
3604663,female,337.9,407.6,335.8,26-100,-1.1
3604664,male,496.4,412.8,505.4,11-25,-0.5
3604665,female,402.8,428.4,444.6,26-100,0.2
3604666,male,396.3,426.8,390.4,101-200,1.4
3604670,female,404.6,625.3,459.4,101-200,0.4
3604673,female,392.3,451.9,478.9,more than 500,0.9
3604674,female,509.0,505.0,505.0,101-200,0.3
3604676,female,565.8,536.1,659.2,201-500,1.3
3604677,female,567.2,560.2,617.1,more than 500,1.2
3604678,male,559.1,514.7,513.5,101-200,0.7
3604681,female,380.1,442.9,470.1,201-500,-0.3
3604682,female,414.0,354.9,430.4,101-200,0.7
3604683,female,453.8,449.9,530.9,more than 500,1.5
3604684,male,488.9,454.3,435.4,26-100,0.2
3604685,male,260.2,302.6,276.1,11-25,-0.5
3604686,female,453.7,606.4,493.0,11-25,-1.4
3604688,male,508.6,498.0,524.8,26-100,-0.5
3604691,male,431.0,427.3,535.2,201-500,0.9
3604692,male,653.2,628.2,644.4,11-25,-0.5
3604693,female,309.8,386.9,380.4,201-500,-0.2
3604695,female,430.0,464.2,370.9,26-100,1.2
3604696,male,505.6,525.1,451.6,201-500,0.7
3604698,male,404.1,425.5,413.8,more than 500,0.3
3604701,male,685.2,659.6,699.7,101-200,-0.6
3604702,female,536.9,571.7,531.5,101-200,0.8
3604703,male,418.2,320.1,370.6,101-200,0.0
3604707,male,560.2,542.6,433.6,101-200,-0.6
3604708,male,441.5,505.1,479.4,101-200,0.6
3604709,male,351.9,299.3,306.8,26-100,1.5
3604712,female,491.6,667.3,652.4,more than 500,1.2
3604713,male,660.7,727.9,636.2,201-500,1.7
3604714,male,519.2,530.8,504.6,more than 500,0.7
3604715,female,472.2,560.8,561.7,201-500,-0.2
3604718,female,606.2,592.0,665.5,more than 500,1.1
3604719,female,500.6,501.2,513.1,101-200,0.6
3604720,female,328.8,367.5,376.9,0-10,-0.7
3604721,male,732.2,642.0,657.4,201-500,1.0
3604722,female,406.4,431.8,502.2,more than 500,1.1
3604723,female,421.7,429.6,421.0,26-100,0.2
3604724,female,596.6,690.7,739.0,more than 500,0.2
3604725,male,540.4,451.3,493.2,101-200,0.0
3604726,male,439.5,420.9,450.2,101-200,1.4
3604727,female,320.5,295.2,374.6,0-10,1.0
3604728,male,493.2,624.2,603.7,0-10,-0.2
3604730,male,509.2,470.9,532.3,26-100,-1.6
3604731,male,651.5,702.8,605.3,201-500,1.0
3604735,female,469.4,505.4,527.0,101-200,-0.2
3604736,female,609.4,594.1,665.0,more than 500,1.1
3604737,male,382.4,390.8,443.0,101-200,-0.3
3604739,female,318.4,425.1,253.7,11-25,0.3
3604740,male,540.4,489.3,539.5,201-500,0.7
3604743,male,720.1,688.6,718.8,101-200,1.3
3604744,female,600.9,709.1,679.0,201-500,0.4
3604750,male,701.5,683.1,719.3,101-200,1.3
3604751,female,451.0,505.7,599.8,11-25,-1.1
3604754,male,433.9,386.1,516.4,11-25,-0.6
3604758,male,508.9,525.9,574.9,11-25,0.4
3604759,male,552.1,573.2,564.3,201-500,1.0
3604760,female,399.2,466.4,390.0,0-10,-0.6
3604761,male,420.9,379.0,389.0,0-10,-1.8
3604762,female,486.4,473.8,415.2,11-25,0.3
3604764,male,523.8,576.5,633.0,26-100,0.4
3604765,male,398.3,375.6,510.5,101-200,0.6
3604766,male,527.8,572.7,648.9,more than 500,1.1
3604767,male,508.9,463.0,592.2,more than 500,1.0
3604768,female,449.1,478.9,465.9,26-100,0.7
3604770,male,476.4,537.4,543.0,11-25,0.3
3604771,female,514.9,517.4,530.4,201-500,0.5
3604772,female,586.2,492.1,565.2,101-200,0.6
3604773,female,473.3,592.5,497.3,201-500,1.5
3604774,female,483.6,483.4,512.7,more than 500,1.0
3604775,male,547.1,598.2,526.4,26-100,0.1
3604777,female,543.0,545.4,525.6,101-200,1.3
3604780,male,409.6,511.8,530.5,101-200,1.0
3604782,male,475.5,516.3,448.4,101-200,-0.0
3604783,female,366.2,157.1,383.6,101-200,0.9
3604784,female,456.6,500.2,413.7,201-500,0.4
3604787,male,445.7,464.0,412.7,26-100,0.0
3604789,male,320.2,339.7,415.1,26-100,-1.0
3604790,female,343.8,454.9,381.4,201-500,0.2
3604792,male,450.4,442.3,427.6,101-200,-0.1
3604795,female,359.3,324.5,404.1,201-500,1.4
3604796,female,494.7,519.0,532.4,26-100,0.4
3604799,female,371.7,423.2,398.6,11-25,-1.3
3604800,female,278.7,265.6,279.9,11-25,-0.4
3604801,male,500.0,527.8,516.4,101-200,0.6
3604802,female,470.8,480.1,486.3,101-200,-0.1
3604803,male,183.0,314.3,186.2,0-10,-1.8
3604804,male,550.4,609.0,539.6,101-200,0.0
3604806,male,479.1,418.6,436.8,201-500,0.7
3604807,male,389.3,424.5,477.8,more than 500,1.0
3604808,female,489.8,483.9,510.6,more than 500,0.3
3604812,female,443.0,466.7,472.7,101-200,-0.2
3604818,male,425.9,544.3,473.2,101-200,1.0
3604819,male,303.8,296.8,400.4,26-100,0.6
3604823,female,478.0,549.6,556.1,101-200,-0.4
3604827,female,666.4,686.8,754.3,101-200,0.0
3604829,male,613.1,536.8,528.6,more than 500,-0.4
3604832,female,555.5,658.1,578.1,101-200,1.0
3604834,female,558.7,632.9,692.2,201-500,-0.2
3604836,male,434.8,482.1,434.9,101-200,-0.9
3604837,female,549.2,605.9,565.7,26-100,0.8
3604838,female,477.7,499.9,494.7,201-500,-0.1
3604840,male,460.5,466.4,443.1,201-500,0.9
3604841,female,423.4,530.1,643.9,101-200,-1.2
3604842,female,627.9,756.4,693.6,201-500,1.3
3604843,female,371.5,412.3,383.1,11-25,-1.7
3604846,male,428.5,361.0,463.8,26-100,0.7
3604847,female,435.0,442.4,469.2,201-500,0.4
3604848,male,426.6,420.7,508.2,201-500,1.0
3604849,male,533.1,642.0,644.0,201-500,-0.0
3604851,male,606.0,599.1,634.4,more than 500,1.4
3604852,male,517.0,569.4,555.0,11-25,-0.4
3604853,male,420.8,453.2,478.7,101-200,-0.2
3604855,male,389.3,309.7,416.1,0-10,-1.5
3604857,female,427.5,402.9,512.6,101-200,-0.2
3604859,female,630.8,660.9,626.1,more than 500,1.2
3604860,male,697.1,582.1,696.7,more than 500,0.4
3604861,female,277.8,387.7,304.8,101-200,-0.2
3604862,male,400.2,360.2,460.7,26-100,-0.7
3604864,female,463.7,503.4,454.4,more than 500,1.4
3604865,male,633.7,587.1,700.8,101-200,0.5
3604866,female,580.5,624.3,619.2,201-500,-0.0
3604867,male,745.6,642.6,742.8,more than 500,1.7
3604868,female,509.3,502.7,538.1,101-200,0.1
3604869,male,313.1,375.7,387.5,0-10,-0.5
3604873,male,611.1,435.0,654.4,201-500,0.6
3604874,female,742.0,678.9,770.5,more than 500,1.0
3604875,male,430.3,337.9,427.1,101-200,0.9
3604877,female,417.6,456.1,430.1,26-100,0.2
3604878,female,322.9,354.7,392.8,201-500,1.1
3604879,female,415.1,488.1,459.7,101-200,-0.8
3604883,female,512.9,569.1,495.2,101-200,0.4
3604884,female,523.7,608.1,639.9,101-200,-0.5
3604885,male,657.1,664.6,590.9,101-200,1.0
3604886,female,433.0,469.9,493.2,26-100,0.5
3604887,female,468.1,548.1,486.1,101-200,0.6
3604889,female,518.3,697.9,586.0,201-500,0.2
3604891,male,650.6,678.0,729.5,101-200,0.1
3604892,male,520.6,491.6,611.2,101-200,1.2
3604893,female,486.7,544.5,499.5,101-200,0.3
3604894,female,469.5,483.5,483.8,26-100,-0.9
3604897,female,393.4,520.3,426.2,201-500,0.3
3604898,female,487.2,426.9,488.3,11-25,0.8
3604899,male,542.1,506.2,593.8,101-200,0.7
3604902,male,512.4,525.0,587.5,201-500,0.7
3604903,male,462.2,474.9,532.5,201-500,-0.7
3604904,female,475.0,345.6,519.8,more than 500,1.5
3604906,male,511.6,521.0,543.6,201-500,0.4
3604907,male,521.8,486.7,481.5,201-500,0.6
3604908,female,564.3,539.3,642.1,101-200,-0.1
3604909,male,487.5,386.2,471.7,26-100,-0.3
3604912,female,442.8,381.6,386.5,11-25,-1.3
3604913,female,516.1,547.0,566.7,201-500,0.8
3604914,female,425.5,365.7,413.5,26-100,0.6
3604915,female,560.0,638.3,676.9,101-200,-0.4
3604916,female,612.9,564.0,571.6,201-500,1.3
3604917,female,491.2,569.1,524.3,201-500,1.3
3604920,female,544.2,578.8,628.8,101-200,0.8
3604923,female,527.9,536.6,584.8,26-100,0.3
3604924,female,412.9,439.8,441.7,101-200,0.9
3604925,male,539.0,520.3,593.4,11-25,0.8
3604926,female,513.3,593.8,610.6,101-200,-0.0
3604928,male,454.6,367.6,448.2,26-100,1.0
3604932,male,385.4,298.6,378.3,11-25,0.5
3604933,male,523.8,570.3,645.9,101-200,0.1
3604934,male,577.5,549.4,671.8,201-500,-0.0
3604936,female,574.6,610.8,574.3,101-200,0.6
3604940,female,513.2,425.4,529.3,11-25,-0.8
3604941,male,300.2,353.2,298.8,more than 500,-0.5
3604942,male,440.2,423.8,509.4,101-200,0.6
3604943,male,429.9,424.8,465.5,101-200,0.4
3604944,male,544.7,620.8,618.9,101-200,0.7
3604945,male,486.2,502.8,580.3,101-200,-0.8
3604946,male,649.9,596.4,663.7,more than 500,1.1
3604947,male,405.5,524.3,441.7,101-200,-0.9
3604950,male,378.7,360.5,456.3,26-100,-0.5
3604951,male,421.0,424.9,434.3,101-200,0.5
3604952,female,509.4,492.3,549.5,201-500,-0.3
3604953,female,522.4,536.4,532.2,201-500,1.3
3604954,male,352.3,335.4,372.6,11-25,-1.2
3604957,female,580.1,640.4,561.6,more than 500,0.6
3604959,male,340.7,338.5,313.8,201-500,1.5
3604960,male,513.7,532.6,543.2,201-500,1.0
3604961,male,539.2,434.8,568.2,101-200,1.4
3604963,female,445.0,426.4,473.2,101-200,0.5
3604964,female,585.5,591.0,575.5,201-500,1.0
3604967,female,347.7,324.8,382.8,101-200,-0.6
3604968,female,516.7,330.9,485.4,26-100,0.3
3604969,male,570.1,549.9,653.7,201-500,1.5
3604972,male,439.7,465.4,476.7,26-100,1.3
3604973,female,352.5,461.8,321.5,201-500,-0.1
3604975,male,448.8,411.4,492.9,201-500,1.2
3604976,male,317.7,311.1,360.1,0-10,0.9
3604977,male,314.0,332.0,413.2,0-10,-1.6
3604979,male,555.3,566.2,563.6,more than 500,1.6
3604981,male,595.3,569.3,612.1,101-200,0.7
3604982,female,636.1,671.5,763.0,201-500,1.3
3604983,male,452.5,421.6,516.1,201-500,1.0
3604985,male,315.1,285.0,235.7,11-25,-0.8
3604988,male,564.2,568.2,652.0,more than 500,1.2
3604989,male,685.0,666.2,708.4,101-200,1.1
3604990,female,522.6,563.0,570.8,26-100,-1.0
3604991,female,465.6,522.0,507.6,101-200,1.0
3604993,male,316.2,435.9,334.2,0-10,-0.6
3605001,male,350.1,400.6,419.1,11-25,-0.8
3605002,male,377.0,407.8,427.9,101-200,-0.8
3605003,female,458.6,555.1,447.1,201-500,-0.7
3605007,male,439.5,482.4,430.9,26-100,-0.8
3605010,male,640.4,586.7,670.0,201-500,1.7
3605011,male,470.6,590.7,541.3,more than 500,0.5
3605013,male,410.5,391.1,456.2,26-100,1.1
3605014,male,607.8,659.3,600.5,201-500,0.8
3605016,female,620.6,761.8,618.8,201-500,0.6
3605017,female,461.8,545.6,533.2,101-200,0.7
3605019,male,560.8,562.6,538.9,201-500,1.2
3605020,female,473.1,460.0,519.0,more than 500,1.2
3605021,female,435.5,377.3,507.9,101-200,-0.1
3605023,male,433.3,507.5,438.8,more than 500,-1.4
3605024,female,504.7,397.9,431.7,11-25,-0.4
3605025,male,435.7,459.8,487.7,101-200,-0.2
3605026,female,346.9,386.4,396.4,11-25,-0.6
3605027,male,322.3,404.2,294.7,101-200,-0.3
3605028,female,323.1,296.4,361.2,11-25,-1.0
3605029,male,407.8,535.7,470.8,11-25,-0.9
3605030,male,512.1,587.6,484.6,201-500,0.6
3605031,female,568.4,635.7,578.1,201-500,1.7
3605032,female,519.7,567.3,600.9,201-500,0.7
3605034,male,554.6,596.2,506.3,11-25,-0.6
3605036,female,509.7,382.0,519.9,more than 500,1.8
3605037,male,655.8,656.2,700.7,101-200,1.1
3605039,male,306.6,358.1,316.0,26-100,-0.5
3605041,male,704.0,715.5,670.0,more than 500,1.1
3605044,female,400.6,471.4,392.1,201-500,-0.4
3605045,male,464.5,488.5,437.5,201-500,0.7
3605047,male,641.5,557.9,619.7,101-200,1.2
3605048,female,479.6,556.0,534.1,101-200,0.2
3605049,male,551.4,596.0,572.6,201-500,-0.0
3605051,male,470.2,439.8,543.1,101-200,0.9
3605052,male,480.6,513.1,479.9,101-200,0.3
3605053,female,442.7,458.6,510.9,101-200,-0.6
3605054,female,464.0,505.5,442.3,11-25,-1.2
3605055,female,597.2,666.3,658.2,more than 500,1.8
3605056,female,688.3,660.2,684.3,more than 500,1.2
3605059,male,573.1,639.3,602.0,201-500,-0.1
3605060,female,440.0,347.9,462.6,26-100,-0.1
3605061,male,615.9,527.3,639.3,more than 500,1.4
3605063,male,554.3,570.0,532.0,201-500,1.5
3605065,male,406.1,488.0,355.6,101-200,0.7
3605066,male,502.3,478.9,457.0,101-200,-0.8
3605068,female,330.6,414.2,407.0,101-200,-2.1
3605070,female,468.0,520.2,512.5,more than 500,0.9
3605072,female,468.3,477.1,533.8,26-100,0.7
3605073,male,467.5,511.3,468.9,201-500,1.1
3605074,female,406.7,277.1,365.2,11-25,-0.2
3605075,male,562.0,569.7,571.9,more than 500,0.8
3605078,male,485.6,493.3,509.7,101-200,0.5
3605079,male,547.9,596.6,503.6,more than 500,0.8
3605082,female,379.9,410.9,369.2,101-200,-0.5
3605083,female,426.1,376.5,409.8,11-25,-0.8
3605084,female,501.8,511.3,467.5,101-200,0.7
3605085,female,621.3,682.0,615.9,more than 500,1.4
3605086,female,590.9,616.1,617.4,201-500,1.0
3605088,female,306.4,378.3,382.3,26-100,-1.3
3605090,male,691.6,594.1,669.3,more than 500,1.2
3605091,male,493.2,422.0,528.9,26-100,0.3
3605092,female,548.8,535.2,596.4,26-100,0.2
3605093,male,681.5,631.6,624.2,more than 500,0.9
3605094,female,562.4,587.1,596.7,more than 500,1.3
3605095,female,345.0,309.0,383.1,26-100,-1.5
3605096,male,600.1,573.7,632.9,more than 500,0.9
3605097,male,521.2,649.3,606.2,more than 500,0.9
3605098,male,605.4,550.0,644.9,101-200,0.8
3605099,female,425.3,459.3,403.7,26-100,0.8
3605100,female,532.2,531.9,493.3,11-25,-1.8
3605101,female,539.5,488.9,401.9,0-10,0.1
3605102,male,562.0,563.4,532.3,26-100,-1.3
3605103,female,591.6,564.3,599.2,26-100,-1.1
3605105,male,424.1,414.1,514.9,26-100,-0.6
3605106,female,570.2,502.7,600.4,101-200,0.8
3605107,female,346.3,521.3,398.5,more than 500,0.9
3605108,male,488.8,307.0,425.6,0-10,-0.3
3605110,female,483.2,562.1,481.2,101-200,0.8
3605111,male,546.4,598.0,566.7,201-500,1.9
3605113,male,451.9,500.7,509.4,11-25,-0.1
3605114,male,469.8,528.4,498.6,201-500,0.0
3605115,female,598.5,623.0,620.1,more than 500,0.9
3605116,female,273.4,272.9,301.1,11-25,-0.7
3605118,male,599.1,623.1,640.0,more than 500,0.9
3605120,female,345.1,401.4,418.1,101-200,-0.5
3605121,female,382.2,446.5,375.5,more than 500,0.2
3605122,male,463.6,327.5,450.6,26-100,-1.0
3605123,male,635.8,619.6,595.5,101-200,1.2
3605124,female,579.1,561.5,543.5,201-500,0.4
3605127,female,352.4,413.9,358.1,101-200,-0.0
3605129,male,400.6,508.4,432.8,26-100,0.4
3605130,male,454.7,454.7,396.4,101-200,1.1
3605132,male,355.7,349.0,401.9,101-200,0.4
3605133,female,471.9,380.2,468.1,101-200,0.6
3605134,female,466.7,494.4,505.4,101-200,-1.1
3605135,female,342.7,417.7,349.3,26-100,0.0
3605136,male,468.2,290.0,385.4,101-200,0.2
3605137,male,426.6,385.5,383.2,201-500,-0.7
3605138,female,444.2,546.3,457.8,201-500,0.8
3605139,male,590.8,561.0,589.6,101-200,1.0
3605140,female,449.0,509.0,517.6,201-500,1.0
3605142,male,677.7,540.5,549.2,201-500,1.1
3605143,male,545.9,643.9,578.3,more than 500,1.4
3605144,male,367.7,397.3,371.3,11-25,0.2
3605145,male,660.3,522.0,596.7,more than 500,1.5
3605146,female,617.4,635.1,653.5,201-500,1.1
3605147,male,412.6,404.2,445.5,101-200,0.4
3605148,male,523.9,562.3,547.0,more than 500,0.9
3605149,female,473.1,435.5,451.5,more than 500,1.1
3605150,male,374.4,398.3,460.0,101-200,0.4
3605151,female,366.7,297.7,343.2,26-100,-0.6
3605152,male,539.6,522.7,544.2,101-200,0.5
3605153,male,558.0,467.0,566.9,101-200,0.2
3605154,male,472.3,486.5,539.9,101-200,-0.0
3605157,male,336.4,264.6,246.7,more than 500,-2.1
3605158,male,430.3,419.4,406.0,11-25,-0.7
3605160,male,404.7,385.7,452.7,201-500,-0.2
3605161,male,570.7,572.9,618.4,201-500,1.2
3605162,male,596.2,675.5,707.6,101-200,0.9
3605164,female,430.0,548.1,402.5,101-200,0.1
3605165,female,595.5,573.1,623.2,26-100,-0.7
3605168,male,525.4,560.3,502.7,26-100,0.6
3605169,female,487.5,606.6,496.7,101-200,-0.0
3605171,female,497.1,678.6,538.9,101-200,0.0
3605174,male,278.3,332.7,389.2,101-200,0.6
3605177,male,469.2,444.2,475.4,101-200,-0.3
3605179,male,341.5,434.7,336.0,11-25,0.0
3605180,female,355.3,278.9,285.2,26-100,-0.2
3605181,male,597.0,565.7,589.9,26-100,-0.4
3605183,male,615.8,664.1,650.2,more than 500,1.6
3605184,female,664.1,687.3,680.3,201-500,0.5
3605185,female,500.7,503.3,494.6,101-200,0.6
3605189,male,651.5,614.1,687.6,101-200,0.5
3605191,male,451.7,449.9,450.7,101-200,-0.2
3605192,female,362.6,314.8,399.1,11-25,0.4
3605193,female,724.7,654.6,663.1,201-500,1.9
3605194,female,592.4,497.8,668.4,more than 500,-1.3
3605195,male,531.4,545.8,624.5,26-100,0.7
3605196,female,548.1,573.0,603.1,26-100,0.9
3605197,female,555.4,681.0,567.5,101-200,0.9
3605198,male,313.8,203.2,330.7,11-25,-0.4
3605199,female,474.0,489.0,494.2,26-100,0.9
3605200,male,489.8,441.8,501.2,201-500,1.3
3605202,female,366.7,473.2,406.6,more than 500,1.2
3605203,male,512.2,453.3,558.0,101-200,0.2
3605204,female,417.0,422.5,472.8,201-500,0.3
3605205,female,583.7,567.0,498.1,101-200,0.7
3605206,female,427.4,408.7,486.7,101-200,0.8
3605210,female,612.4,640.6,588.4,101-200,1.4
3605211,female,387.1,352.1,365.1,101-200,-0.0
3605212,female,414.7,481.3,459.2,26-100,-0.9
3605215,male,510.9,644.8,514.7,201-500,0.7
3605217,male,556.3,527.0,564.4,201-500,1.0
3605218,female,529.8,580.3,580.7,201-500,1.1
3605219,male,518.2,563.4,542.0,101-200,0.1
3605220,male,558.1,608.5,645.7,101-200,0.8
3605224,female,572.7,606.1,598.0,more than 500,1.2
3605225,female,473.2,551.4,540.0,more than 500,0.6
3605227,female,303.3,356.1,391.6,101-200,0.4
3605228,female,511.4,532.0,534.9,11-25,0.7
3605229,male,373.4,214.2,393.8,26-100,-0.2
3605230,female,495.6,550.8,432.4,201-500,0.7
3605233,female,486.1,576.7,568.5,more than 500,1.3
3605234,male,457.2,622.4,570.3,more than 500,-0.0
3605235,male,297.1,267.5,382.0,26-100,0.2
3605236,female,502.0,538.5,564.5,101-200,1.3
3605237,male,498.7,481.5,508.4,101-200,-0.2
3605238,male,355.0,477.4,339.4,101-200,-0.6
3605240,male,624.8,614.3,619.0,26-100,0.5
3605242,male,654.4,659.7,632.6,more than 500,1.8
3605244,male,452.3,419.2,473.0,101-200,0.9
3605246,male,739.2,660.3,712.1,101-200,0.7
3605247,male,597.7,760.3,683.2,201-500,0.9
3605248,male,390.0,432.0,499.2,201-500,-1.7
3605249,female,539.4,460.4,606.7,more than 500,0.5
3605250,male,407.5,411.7,423.4,26-100,0.5
3605253,female,408.5,589.5,544.1,26-100,0.3
3605254,male,520.5,500.2,552.8,101-200,1.1
3605255,female,498.7,653.8,661.8,more than 500,1.5
3605256,female,474.4,448.5,480.0,201-500,1.3
3605259,female,484.4,442.0,508.3,101-200,0.8
3605265,female,412.2,445.0,397.8,201-500,-0.3
3605266,female,469.7,618.3,466.9,26-100,-0.9
3605267,female,475.6,510.2,494.4,101-200,0.3
3605269,male,563.2,670.1,634.1,26-100,1.0
3605270,male,619.2,525.7,659.6,101-200,0.7
3605271,male,437.7,450.8,325.1,11-25,0.5
3605272,female,473.0,522.0,445.4,more than 500,-0.8
3605273,male,390.1,352.4,311.3,0-10,-1.3
3605274,male,409.5,543.2,323.1,101-200,-0.8
3605275,male,532.1,630.8,543.1,201-500,1.2
3605276,male,457.9,466.4,507.4,101-200,0.8
3605278,male,330.7,223.3,293.3,101-200,0.1
3605279,male,496.8,526.5,524.0,101-200,0.8
3605280,female,395.6,493.9,478.9,101-200,0.7
3605281,male,404.0,535.3,402.3,201-500,0.7
3605285,female,546.8,509.6,611.6,101-200,0.5
3605286,male,544.3,508.2,597.0,101-200,0.7
3605287,male,427.3,529.1,486.1,11-25,-0.7
3605288,male,388.6,376.8,382.5,101-200,0.6
3605289,female,677.7,614.8,707.8,201-500,1.1
3605291,male,606.8,607.4,579.4,11-25,-0.1
3605294,male,374.3,245.5,407.5,11-25,0.6
3605295,female,392.8,467.8,484.9,more than 500,-0.6
3605296,male,625.8,633.2,613.4,201-500,1.4
3605297,male,492.8,470.3,433.9,more than 500,-1.0
3605299,male,400.0,360.4,378.4,26-100,-0.9
3605300,female,381.1,320.9,443.6,101-200,1.2
3605305,female,395.6,357.1,416.2,11-25,-0.2
3605307,male,529.7,511.7,562.3,101-200,0.4
3605310,male,435.2,495.9,437.8,more than 500,0.2
3605311,female,407.4,451.5,493.4,201-500,1.2
3605312,female,321.3,438.2,370.5,11-25,0.6
3605313,male,297.4,325.2,249.0,26-100,-0.1
3605315,female,520.2,640.8,515.8,more than 500,1.0
3605318,male,521.4,534.8,394.9,26-100,-0.5
3605319,female,430.3,487.8,441.0,201-500,0.1
3605320,female,469.6,410.8,431.2,0-10,-0.1
3605321,female,549.6,569.7,596.9,101-200,1.1
3605322,male,419.8,505.7,465.1,0-10,-1.5
3605325,male,608.5,662.6,667.0,26-100,-0.8
3605326,male,413.4,412.7,404.3,11-25,-0.2
3605328,female,569.7,571.8,622.7,more than 500,0.4
3605331,male,606.6,671.8,687.5,26-100,-0.5
3605333,female,492.6,517.8,573.7,11-25,0.4
3605335,male,465.7,511.7,448.6,101-200,0.5
3605339,female,535.5,522.2,561.5,201-500,1.1
3605340,female,516.9,559.3,546.7,101-200,1.1
3605342,female,401.8,406.7,380.2,201-500,0.1
3605344,female,474.5,509.0,525.6,101-200,0.4
3605345,female,643.0,555.2,712.0,more than 500,0.0
3605347,male,526.7,455.8,479.8,26-100,0.3
3605348,female,439.7,484.8,469.6,26-100,-0.5
3605350,female,521.1,521.0,707.2,201-500,1.1
3605351,female,387.7,350.1,539.0,201-500,0.0
3605355,female,451.6,569.5,502.8,201-500,0.8
3605356,male,291.3,313.1,379.7,201-500,1.0
3605358,female,441.7,464.8,467.4,101-200,1.2
3605359,female,585.3,733.7,651.9,201-500,-0.5
3605360,male,532.4,550.1,574.8,101-200,0.2
3605361,female,394.7,415.2,435.4,11-25,0.3
3605364,male,412.6,315.2,395.0,101-200,0.5
3605365,male,477.5,517.4,497.6,201-500,1.3
3605366,male,467.9,340.9,409.1,201-500,1.0
3605367,female,437.4,502.9,476.9,201-500,-0.8
3605368,female,440.1,549.6,499.6,101-200,1.5
3605370,male,610.6,694.5,544.4,101-200,1.0
3605371,female,481.3,607.2,551.5,more than 500,1.2
3605375,female,607.6,612.5,553.1,101-200,0.8
3605378,male,484.9,457.6,456.7,26-100,-0.7
3605379,male,559.2,491.9,589.1,101-200,0.5
3605380,male,561.0,467.9,516.0,101-200,0.7
3605381,female,237.1,306.5,375.0,11-25,-1.5
3605383,female,322.6,346.4,356.5,more than 500,1.6
3605385,male,648.9,584.5,669.9,more than 500,0.5
3605386,female,453.9,483.9,590.4,101-200,-0.2
3605389,female,399.9,481.3,423.7,11-25,-1.0
3605391,female,495.0,503.0,549.4,26-100,-1.1
3605392,male,522.3,578.7,558.9,201-500,-0.2
3605393,female,354.0,353.3,423.1,101-200,-0.0
3605395,female,471.6,539.1,541.7,201-500,1.5
3605396,male,592.8,541.4,695.6,101-200,-0.0
3605397,male,635.0,678.7,597.9,201-500,0.9
3605399,female,455.1,371.9,390.8,26-100,0.2
3605402,female,441.8,491.3,453.0,201-500,1.3
3605405,male,502.3,398.8,366.7,101-200,0.1
3605408,male,397.3,430.8,503.9,11-25,-0.0
3605410,male,439.6,420.1,458.1,101-200,0.2
3605411,female,549.3,654.0,587.6,more than 500,0.8
3605413,male,633.1,665.3,693.7,more than 500,0.7
3605414,male,457.7,382.1,531.8,101-200,-0.1
3605416,female,383.4,484.5,378.4,101-200,-0.3
3605417,male,503.2,573.8,418.4,26-100,-0.7
3605418,male,548.6,510.1,585.7,101-200,-0.9
3605421,male,602.9,734.7,684.3,201-500,0.8
3605422,female,573.4,541.8,581.0,101-200,1.1
3605423,male,437.2,379.9,454.8,0-10,0.2
3605424,male,539.2,451.1,619.9,201-500,0.4
3605425,male,361.5,382.1,343.7,11-25,0.5
3605426,male,361.5,375.5,393.6,11-25,-0.0
3605427,male,451.9,387.9,464.3,0-10,-0.4
3605430,female,483.4,541.8,428.3,11-25,-0.9
3605433,female,512.2,487.3,544.7,11-25,0.4
3605434,male,450.9,465.1,398.8,201-500,-0.2
3605437,female,602.1,570.8,547.4,11-25,-0.4
3605438,male,549.0,403.5,458.0,101-200,0.7
3605441,male,534.5,509.2,547.5,101-200,0.6
3605442,male,589.2,550.5,624.9,201-500,1.0
3605443,female,450.6,513.0,470.1,26-100,-1.2
3605444,male,542.0,597.1,535.3,201-500,0.7
3605449,male,530.7,602.3,567.4,more than 500,1.7
3605450,male,321.1,288.3,286.5,0-10,-0.1
3605451,male,649.0,641.4,645.1,201-500,-1.1
3605452,male,444.2,487.8,420.4,26-100,0.5
3605454,female,421.2,384.6,420.2,26-100,1.2
3605457,male,445.9,351.1,420.0,101-200,-1.0
3605458,male,403.9,331.4,496.8,201-500,1.2
3605460,female,392.3,304.0,409.9,11-25,0.1
3605461,male,588.7,513.8,558.2,201-500,1.4
3605462,male,599.0,551.4,641.9,11-25,-0.3
3605465,male,367.2,431.6,316.0,11-25,-0.5
3605466,male,591.2,586.5,614.1,201-500,1.1
3605467,female,796.8,747.4,802.4,201-500,1.6
3605469,male,555.1,628.5,642.5,101-200,0.2
3605472,female,531.7,610.3,574.1,101-200,0.4
3605473,female,470.4,440.1,524.2,201-500,0.4
3605474,male,389.4,401.0,338.4,201-500,0.6
3605475,male,381.0,472.2,400.8,26-100,-1.0
3605477,female,588.5,642.5,640.5,101-200,0.3
3605479,male,542.1,602.7,658.0,101-200,0.6
3605482,male,453.1,384.9,498.7,101-200,0.3
3605484,male,541.0,562.5,524.0,101-200,1.0
3605485,male,523.9,591.0,620.4,201-500,1.0
3605487,female,403.4,421.5,434.8,11-25,-0.7
3605488,female,415.6,525.7,499.7,101-200,-0.3
3605491,female,567.0,607.1,670.0,more than 500,1.2
3605492,female,412.0,426.9,451.2,101-200,0.5
3605493,female,472.1,497.9,549.2,11-25,-0.6
3605494,male,434.4,456.2,474.7,more than 500,0.4
3605495,female,363.4,396.1,405.6,101-200,-0.4
3605496,male,446.2,475.5,453.1,26-100,-0.4
3605497,male,427.9,345.7,475.1,201-500,-0.1
3605499,male,659.4,822.5,658.7,more than 500,1.5
3605501,male,471.1,482.1,437.2,101-200,0.6
3605502,female,429.8,364.2,430.4,0-10,-1.2
3605503,male,502.2,591.1,616.0,11-25,0.4
3605504,female,398.0,427.2,502.6,201-500,0.4
3605505,female,422.6,475.1,413.2,201-500,-0.5
3605506,female,472.8,444.9,505.6,201-500,0.5
3605507,male,560.0,587.2,511.3,more than 500,1.2
3605508,female,469.8,561.5,482.4,201-500,0.1
3605510,female,461.8,446.6,439.5,26-100,-0.0
3605512,female,441.8,504.6,570.4,26-100,0.3
3605513,female,477.5,581.5,486.0,11-25,-0.2
3605514,female,672.3,745.7,779.2,more than 500,1.5
3605515,female,438.7,570.8,513.3,201-500,0.8
3605516,female,577.7,574.6,596.4,101-200,0.6
3605517,female,443.7,506.7,419.4,more than 500,1.1
3605519,male,677.1,634.7,591.4,101-200,1.1
3605520,female,616.8,506.1,602.9,101-200,0.7
3605521,female,342.3,336.8,374.3,101-200,0.2
3605523,male,449.3,485.5,482.7,101-200,1.0
3605528,male,461.6,520.9,503.5,101-200,0.6
3605529,female,546.3,601.9,627.3,101-200,0.7
3605531,female,636.9,515.1,727.1,201-500,1.8
3605533,male,546.1,357.9,518.3,201-500,1.0
3605536,male,496.0,486.7,543.5,201-500,0.1
3605537,female,475.0,437.9,482.9,101-200,1.0
3605539,male,566.2,612.2,646.4,101-200,0.4
3605540,female,494.5,557.8,446.5,26-100,1.0
3605542,male,701.9,652.5,600.8,101-200,0.7
3605544,male,512.6,487.0,457.4,101-200,-0.0
3605546,female,294.2,277.4,275.1,26-100,1.2
3605547,female,400.5,573.7,419.6,26-100,0.0
3605549,male,560.4,506.7,633.5,more than 500,1.2
3605554,male,503.6,518.9,437.0,101-200,1.8
3605555,female,630.3,635.3,723.7,26-100,-0.2
3605557,male,375.2,408.4,456.7,more than 500,1.1
3605563,female,480.8,492.2,524.6,26-100,1.4
3605564,female,569.7,523.7,588.9,101-200,1.1
3605565,female,448.7,365.4,432.7,201-500,1.0
3605568,male,479.1,566.2,549.7,101-200,-0.1
3605571,male,527.6,424.8,598.1,201-500,1.1
3605572,female,417.5,568.1,516.8,101-200,-1.1
3605577,female,508.1,603.6,625.8,201-500,0.4
3605578,female,426.8,401.9,471.8,101-200,0.1
3605579,male,587.9,620.6,638.5,101-200,1.0
3605580,male,554.9,557.6,510.7,more than 500,1.3
3605583,female,390.0,496.4,563.4,201-500,0.5
3605585,female,512.8,515.5,537.4,more than 500,1.7
3605586,female,498.1,496.9,451.3,11-25,-1.0
3605588,male,589.6,673.7,612.3,more than 500,1.7
3605589,male,478.5,497.4,495.1,101-200,0.8
3605590,female,303.5,486.1,354.8,more than 500,-1.2
3605591,male,493.1,461.5,454.1,201-500,0.8
3605592,female,478.8,582.7,605.3,201-500,0.4
3605593,female,618.3,486.3,591.4,11-25,-0.8
3605594,male,614.1,535.6,588.2,101-200,1.1
3605598,female,353.3,281.6,405.0,11-25,-1.9
3605599,female,351.0,462.3,303.1,11-25,0.2
3605601,male,317.6,322.8,351.8,201-500,1.2
3605606,male,409.1,368.6,347.6,101-200,-0.2
3605607,female,445.8,551.5,430.2,101-200,-0.9
3605608,male,382.0,383.1,379.2,201-500,-0.5
3605612,male,476.0,458.6,440.0,11-25,-0.4
3605614,male,604.2,626.2,693.0,101-200,0.9
3605615,female,454.4,608.0,514.0,201-500,0.1
3605617,female,676.0,656.9,731.1,more than 500,1.0
3605618,female,492.8,668.2,385.8,201-500,-0.1
3605619,male,586.1,647.2,666.3,101-200,1.2
3605622,female,536.6,578.6,537.5,201-500,0.2
3605624,male,488.9,494.3,582.5,201-500,0.9
3605625,female,634.8,633.5,627.2,101-200,0.8
3605627,female,660.1,660.7,637.4,101-200,1.4
3605628,female,479.9,610.8,481.8,26-100,0.7
3605629,male,481.2,449.4,461.4,26-100,-0.4
3605632,female,384.7,473.5,431.5,26-100,0.6
3605633,female,491.7,465.0,477.8,101-200,1.3
3605636,male,344.8,334.0,292.0,more than 500,1.1
3605637,female,392.6,425.9,344.0,101-200,0.1
3605638,female,387.1,443.7,360.0,26-100,0.3
3605639,male,453.4,459.4,530.0,101-200,1.5
3605640,male,529.3,463.6,587.5,101-200,0.0
3605641,male,575.9,582.4,668.2,101-200,0.7
3605644,male,513.1,570.5,621.1,101-200,0.4
3605647,male,416.4,404.7,365.4,26-100,1.0
3605650,female,612.9,616.8,584.5,201-500,0.7
3605651,male,382.4,486.9,478.6,more than 500,0.2
3605653,male,506.8,449.9,471.9,101-200,0.6
3605655,male,537.9,558.6,571.5,101-200,1.0
3605656,female,385.8,436.8,423.7,101-200,-0.8
3605657,male,404.7,397.6,377.2,26-100,-0.3
3605658,male,574.0,577.4,562.4,101-200,0.9
3605662,female,508.0,461.3,585.9,more than 500,1.2
3605663,female,426.0,496.3,448.2,101-200,-0.3
3605664,female,647.1,661.3,563.0,201-500,1.0
3605665,female,573.2,629.6,633.9,more than 500,1.1
3605667,female,481.5,540.0,503.2,101-200,1.3
3605668,female,496.2,501.2,541.7,201-500,0.1
3605670,female,495.9,507.4,576.7,101-200,-0.1
3605671,female,372.8,479.4,439.4,26-100,-0.0
3605673,female,357.8,350.8,335.9,26-100,-0.3
3605674,male,611.4,638.1,592.0,101-200,1.1
3605675,female,406.7,367.7,444.0,11-25,-1.8
3605677,male,593.3,579.3,718.8,101-200,1.5
3605678,female,492.8,476.8,464.3,more than 500,0.8
3605679,female,511.3,615.1,525.4,101-200,-0.6
3605680,male,545.7,550.6,624.0,101-200,1.2
3605681,female,478.5,496.7,469.5,201-500,0.8
3605683,female,594.3,577.8,495.6,201-500,1.3
3605684,female,469.6,467.0,563.1,26-100,-0.4
3605685,female,317.4,343.0,226.7,0-10,-0.7
3605686,female,591.8,637.6,579.5,201-500,0.8
3605687,female,693.8,622.8,673.9,26-100,0.6
3605692,male,548.3,603.4,611.9,101-200,0.9
3605693,female,456.2,486.6,491.0,101-200,-0.7
3605694,female,490.7,592.7,514.9,101-200,1.5
3605695,female,292.8,376.6,323.2,101-200,-0.3
3605696,male,489.2,483.8,501.5,201-500,0.0
3605697,female,518.9,499.4,431.2,101-200,-0.8
3605698,male,504.1,576.8,604.4,101-200,1.1
3605700,female,554.9,561.8,537.5,101-200,0.6
3605701,female,421.8,497.7,421.7,101-200,0.0
3605703,male,747.5,654.7,755.5,more than 500,1.2
3605705,female,479.1,486.2,528.8,201-500,0.1
3605709,female,340.2,438.6,326.0,more than 500,1.2
3605710,male,705.9,688.3,623.9,more than 500,1.6
3605713,female,435.8,486.4,447.7,more than 500,0.3
3605714,female,437.0,413.7,394.0,101-200,1.3
3605715,female,584.8,707.9,647.1,101-200,0.8
3605718,female,230.1,240.5,108.3,11-25,-1.1
3605720,female,473.5,532.2,400.4,101-200,-0.1
3605721,male,464.1,356.5,422.2,26-100,0.7
3605722,male,375.5,415.8,294.9,0-10,-0.0
3605723,female,557.3,689.6,513.1,101-200,1.1
3605724,female,613.9,590.2,626.3,201-500,0.2
3605725,female,486.8,641.4,580.6,101-200,0.1
3605727,male,638.1,628.7,568.0,101-200,0.4
3605729,female,424.9,385.2,514.0,101-200,-0.5
3605733,male,374.7,244.5,343.2,0-10,0.0
3605737,male,409.2,401.9,439.5,0-10,-0.7
3605738,male,508.6,401.9,540.9,201-500,0.5
3605741,female,359.9,420.8,449.9,11-25,-0.8
3605742,male,314.2,390.8,386.7,11-25,0.1
3605743,female,407.3,452.6,501.1,101-200,0.8
3605744,female,381.4,346.2,439.6,201-500,0.6
3605745,male,587.9,621.8,598.0,201-500,1.4
3605746,male,391.4,484.0,490.4,101-200,-2.2
3605747,female,517.3,422.9,592.4,26-100,0.7
3605750,female,535.0,473.2,509.7,26-100,-0.5
3605751,male,416.7,456.2,348.6,101-200,1.0
3605752,female,523.4,603.2,594.3,201-500,0.4
3605753,female,462.4,553.5,465.6,101-200,0.5
3605754,male,360.9,375.2,438.0,201-500,0.7
3605757,male,371.6,378.7,332.5,11-25,-1.0
3605762,female,364.1,377.7,503.6,26-100,-0.9
3605763,male,442.1,492.4,443.7,101-200,0.4
3605765,female,466.5,611.2,460.7,201-500,-0.4
3605768,male,563.2,580.8,580.7,more than 500,1.3
3605769,male,507.7,498.3,533.8,101-200,-0.1
3605770,female,423.8,528.6,399.7,201-500,-0.7
3605772,female,502.2,480.4,477.8,101-200,0.2
3605773,male,387.2,399.6,478.6,101-200,0.7
3605774,male,607.1,492.9,582.7,101-200,-0.1
3605778,male,550.5,711.4,693.6,more than 500,0.2
3605780,female,503.6,469.3,561.7,101-200,1.1
3605781,female,617.2,663.3,611.6,26-100,0.9
3605782,female,616.5,520.1,621.6,201-500,1.0
3605783,male,543.7,504.7,566.0,101-200,-0.3
3605784,male,469.3,446.6,503.9,0-10,0.6
3605785,female,430.3,532.2,542.0,26-100,0.7
3605787,female,526.9,508.6,452.6,101-200,1.2
3605788,female,457.3,444.7,418.8,11-25,-1.0
3605789,female,354.5,335.9,428.8,26-100,-0.0
3605791,female,421.2,399.9,492.6,0-10,-1.8
3605792,male,609.2,602.0,643.4,101-200,0.8
3605794,male,612.7,622.4,679.8,101-200,0.8
3605795,female,615.7,580.6,666.7,more than 500,1.2
3605796,female,508.6,445.6,524.7,more than 500,1.0
3605797,male,465.7,453.0,497.9,101-200,0.2
3605798,male,451.8,484.1,414.9,201-500,-1.2
3605799,female,403.7,480.4,448.9,more than 500,1.3
3605804,female,476.7,455.8,434.9,11-25,-0.2
3605805,male,699.9,640.4,667.1,201-500,1.5
3605806,female,421.0,487.5,528.3,201-500,0.3
3605807,female,518.6,594.2,642.5,201-500,1.0
3605815,female,622.3,554.1,587.6,more than 500,1.4
3605816,male,498.0,451.1,524.5,11-25,0.4
3605817,male,365.2,292.0,355.9,101-200,0.8
3605818,female,445.1,396.2,447.9,0-10,-0.9
3605819,female,323.9,400.6,345.1,101-200,-1.1
3605820,male,387.4,338.7,342.4,101-200,-0.3
3605821,female,460.7,546.1,478.6,201-500,1.2
3605822,female,434.7,462.8,456.4,201-500,0.7
3605823,female,349.6,397.0,327.9,26-100,1.0
3605826,female,437.4,455.2,376.1,11-25,-2.4
3605827,female,712.3,649.0,663.5,11-25,0.8
3605830,female,384.2,361.2,212.9,11-25,-1.5
3605832,male,542.0,435.1,544.4,201-500,0.3
3605833,male,358.9,433.0,371.5,101-200,1.1
3605836,female,590.7,584.9,615.4,more than 500,1.2
3605837,female,606.1,562.6,669.0,101-200,1.0
3605839,female,535.9,628.7,578.7,101-200,-1.3
3605840,female,584.8,617.8,654.1,101-200,0.3
3605843,female,473.1,456.3,525.9,101-200,1.4
3605848,female,561.2,601.3,532.1,101-200,1.5
3605849,female,643.6,677.3,652.6,26-100,0.2
3605850,female,428.7,356.0,448.0,201-500,-0.6
3605852,male,525.9,463.1,556.1,201-500,0.5
3605853,male,483.0,502.4,553.7,101-200,0.3
3605854,female,387.2,378.1,465.6,0-10,-0.0
3605856,female,619.9,618.3,602.8,201-500,0.1
3605857,male,477.3,377.6,435.0,26-100,0.6
3605858,female,453.1,456.1,538.7,11-25,-1.1
3605859,male,544.4,619.2,598.0,201-500,1.1
3605861,female,390.0,338.2,372.3,26-100,-0.1
3605863,female,552.0,670.0,640.8,201-500,1.3
3605867,female,523.8,581.9,551.7,26-100,0.8
3605869,female,738.1,728.6,760.2,more than 500,0.9
3605871,female,568.6,538.6,623.3,more than 500,1.3
3605872,male,428.9,382.6,491.7,101-200,-0.1
3605873,female,459.0,500.3,429.0,201-500,1.2
3605874,male,571.9,597.4,654.9,101-200,1.1
3605875,female,213.4,170.0,313.0,101-200,0.0
3605876,female,599.4,695.4,645.4,more than 500,0.8
3605877,male,439.8,371.9,360.0,101-200,0.2
3605878,female,611.3,638.8,563.4,26-100,0.6
3605879,male,651.5,563.2,606.1,201-500,0.9
3605881,male,679.2,686.6,737.4,201-500,0.7
3605883,female,560.1,538.8,605.9,101-200,0.1
3605890,female,284.4,388.0,314.2,more than 500,0.7
3605891,male,505.1,379.4,429.8,101-200,0.3
3605892,male,377.0,348.6,289.9,11-25,-0.7
3605895,female,549.9,561.5,557.0,more than 500,0.9
3605896,male,501.1,425.7,523.7,101-200,0.7
3605897,male,553.4,543.6,630.0,101-200,-0.8
3605898,male,457.0,469.1,604.1,101-200,-0.4
3605899,female,407.9,424.2,291.1,101-200,-0.8
3605901,male,649.8,500.8,585.2,101-200,0.2
3605902,male,296.4,325.8,357.9,26-100,-0.0
3605904,female,486.1,576.2,552.5,26-100,-0.1
3605905,female,385.3,363.6,369.9,101-200,1.1
3605906,male,343.6,351.3,290.9,201-500,-0.2
3605908,female,460.4,330.2,496.5,101-200,0.6
3605909,female,360.1,423.5,455.9,101-200,-1.1
3605912,male,370.6,492.2,457.0,11-25,-1.2
3605913,male,571.4,500.3,604.6,101-200,1.0
3605915,male,427.6,435.0,470.0,101-200,1.0
3605916,male,452.2,466.8,510.3,11-25,-1.7
3605918,male,469.8,500.5,514.1,0-10,-0.9
3605920,female,567.3,426.5,580.8,201-500,1.2
3605921,female,438.0,436.8,432.9,201-500,0.2
3605923,female,314.8,395.6,271.6,0-10,-0.4
3605926,male,430.5,438.4,338.4,more than 500,0.6
3605929,male,412.2,400.2,478.4,more than 500,1.1
3605932,female,429.0,516.7,490.2,101-200,0.2
3605935,male,545.8,601.3,530.8,11-25,0.3
3605937,female,582.7,564.2,586.8,26-100,1.2
3605942,female,484.4,652.9,594.8,more than 500,0.6
3605943,female,412.2,580.0,546.0,26-100,-0.3
3605944,male,716.1,659.6,743.4,more than 500,1.7
3605945,male,393.6,408.0,474.6,101-200,-1.2
3605946,male,456.9,454.4,514.6,201-500,0.2
3605948,male,299.6,284.0,230.8,26-100,-0.5
3605949,female,589.6,614.5,645.3,11-25,-0.2
3605950,female,393.5,418.0,459.9,201-500,-0.1
3605951,male,500.6,580.6,468.7,101-200,-0.7
3605954,female,608.6,634.5,531.9,201-500,0.6
3605955,male,357.2,289.1,338.6,101-200,0.1
3605957,female,337.9,377.1,422.0,more than 500,1.2
3605961,female,532.4,469.7,548.9,11-25,-0.8
3605963,female,728.4,817.1,780.0,101-200,0.7
3605964,female,478.5,542.8,606.4,26-100,-0.2
3605965,male,486.5,476.2,602.8,more than 500,0.5
3605966,male,374.5,357.8,429.5,26-100,-0.3
3605970,female,616.2,587.3,557.0,101-200,0.9
3605972,female,457.4,553.4,501.5,11-25,-0.4
3605973,female,716.4,682.3,634.9,201-500,0.9
3605975,female,618.1,608.9,644.6,101-200,-1.0
3605980,female,465.8,426.2,470.8,26-100,-0.5
3605981,female,385.6,493.4,410.9,more than 500,0.3
3605982,female,575.8,699.1,567.3,more than 500,1.1
3605983,male,391.3,276.9,363.4,26-100,-0.0
3605984,male,562.8,540.8,595.4,26-100,-0.7
3605992,female,445.5,476.7,490.8,more than 500,0.7
3605993,female,613.2,543.8,649.6,201-500,1.3
3605995,female,337.6,430.5,410.1,11-25,0.2
3605996,male,353.1,421.2,457.5,26-100,0.3
3605998,male,470.3,565.7,479.6,201-500,0.5
3605999,male,565.6,539.4,452.9,201-500,1.5
3606000,male,528.8,473.6,577.9,more than 500,1.2
3606001,male,556.8,427.2,443.8,26-100,0.3
3606003,female,394.8,347.7,413.6,26-100,0.4
3606006,female,362.2,404.9,352.9,0-10,-0.4
3606007,female,294.2,279.5,376.1,26-100,-1.7
3606008,male,546.9,501.0,544.7,101-200,-0.9
3606009,male,444.2,402.6,417.9,26-100,0.4
3606010,female,633.3,649.8,649.2,101-200,1.0
3606011,male,577.6,574.0,630.8,201-500,1.2
3606013,female,410.4,543.4,406.1,101-200,0.2
3606015,male,453.5,626.2,465.8,11-25,-0.9
3606016,male,467.5,479.0,494.5,more than 500,1.6
3606017,male,492.0,493.9,518.0,11-25,-1.1
3606018,male,349.3,422.3,400.9,11-25,0.1
3606019,female,382.9,371.2,369.0,201-500,0.9
3606021,male,585.5,573.7,676.4,201-500,0.7
3606023,female,503.4,511.6,476.9,101-200,-0.2
3606025,female,500.7,558.6,535.5,26-100,0.4
3606026,male,415.9,489.2,498.5,26-100,-0.4
3606029,male,533.0,565.8,530.7,26-100,-0.0
3606030,male,495.4,517.9,504.0,101-200,0.3
3606032,female,382.1,447.7,443.3,101-200,-1.0
3606033,female,323.4,429.1,378.5,more than 500,-0.8
3606036,female,535.7,579.5,538.4,201-500,-0.2
3606037,male,543.7,495.6,547.2,101-200,-0.3
3606041,male,433.8,528.4,404.7,26-100,0.1
3606044,female,590.1,529.5,519.8,26-100,-0.0
3606046,female,575.5,609.9,588.6,201-500,1.1
3606047,male,607.5,579.5,644.0,201-500,-0.2
3606048,male,518.2,496.9,548.2,101-200,1.4
3606049,female,309.4,489.1,327.0,101-200,0.7
3606053,male,523.7,430.6,569.4,201-500,0.6
3606054,female,415.7,436.1,402.4,11-25,0.7
3606055,male,431.2,631.7,553.1,11-25,-1.4
3606056,female,346.3,445.4,446.0,101-200,-0.5
3606057,female,506.9,441.5,502.9,101-200,-0.4
3606058,female,391.7,399.8,460.4,101-200,1.1
3606060,male,602.6,654.1,625.6,101-200,0.3
3606061,female,492.8,464.6,502.9,101-200,-0.2
3606067,male,471.5,551.0,451.2,101-200,0.9
3606068,female,493.7,565.2,516.0,101-200,0.2
3606069,male,405.2,317.4,409.9,201-500,-0.2
3606070,male,399.7,404.6,500.9,26-100,-0.9
3606072,female,625.7,631.9,586.9,201-500,1.3
3606073,female,316.5,165.7,383.1,201-500,0.9
3606074,female,552.4,624.5,663.8,101-200,1.3
3606075,male,499.0,571.9,480.4,more than 500,-0.4
3606076,female,541.0,586.2,562.2,101-200,1.2
3606077,male,444.0,562.2,403.6,101-200,0.5
3606078,male,568.4,592.7,579.5,more than 500,0.7
3606081,female,521.4,540.2,618.7,11-25,-0.9
3606084,male,461.8,473.7,484.0,101-200,-0.2
3606087,male,404.7,452.6,522.7,201-500,-0.5
3606091,female,479.4,329.7,426.0,11-25,-1.3
3606092,female,462.8,544.8,532.7,201-500,0.5
3606094,female,374.7,323.3,391.6,101-200,0.3
3606095,male,363.7,360.9,295.5,11-25,-1.5
3606096,female,387.9,349.2,342.1,26-100,-0.9
3606097,male,500.3,524.1,535.4,101-200,-0.1
3606099,male,700.4,573.2,621.3,more than 500,1.6
3606101,female,359.9,327.1,354.4,26-100,1.1
3606102,female,374.5,348.1,502.2,26-100,0.4
3606103,female,522.5,489.2,425.6,101-200,0.9
3606106,female,386.7,474.9,456.6,26-100,0.7
3606107,male,542.2,619.1,602.9,201-500,1.1
3606109,female,462.3,471.3,585.7,101-200,1.5
3606111,male,484.6,439.1,487.1,11-25,-0.7
3606112,female,483.7,549.8,501.9,26-100,-0.3
3606113,male,450.2,453.9,448.2,26-100,-0.5
3606115,male,263.3,264.9,348.8,11-25,-0.4
3606116,male,352.2,369.9,389.0,201-500,1.0
3606117,male,523.3,576.1,557.8,26-100,0.9
3606118,male,298.2,319.6,398.3,26-100,-0.2
3606119,female,291.9,288.9,299.7,201-500,-3.2
3606121,female,644.1,638.9,586.0,201-500,1.1
3606122,female,484.3,568.3,445.2,101-200,-0.8
3606126,female,361.9,419.1,370.2,0-10,-1.9
3606128,male,609.7,660.9,646.3,more than 500,0.9
3606129,male,554.3,612.3,591.0,101-200,0.8
3606130,female,465.7,473.7,454.3,more than 500,1.5
3606131,female,399.1,412.8,517.9,201-500,1.3
3606133,female,667.6,685.5,753.7,more than 500,1.2
3606134,male,384.9,334.5,387.2,26-100,0.0
3606136,female,264.7,242.7,282.7,101-200,0.9
3606137,male,405.5,455.8,424.2,101-200,0.6
3606138,male,504.6,354.5,416.5,101-200,0.6
3606139,female,362.4,309.2,364.2,26-100,0.7
3606140,male,550.2,568.1,564.9,101-200,1.0
3606141,female,436.6,317.9,518.1,101-200,0.5
3606142,female,453.1,467.3,552.1,11-25,-0.3
3606143,female,441.1,524.4,560.2,26-100,-0.3
3606144,male,592.5,498.7,550.0,26-100,-0.9
3606145,female,405.9,332.9,404.8,11-25,-0.7
3606146,female,478.4,549.3,463.5,201-500,0.5
3606148,male,442.8,408.3,494.9,101-200,-0.4
3606150,male,473.1,482.0,369.1,11-25,-0.4
3606151,female,434.6,542.8,519.7,101-200,0.3
3606153,male,657.8,593.4,642.6,101-200,0.7
3606154,female,613.8,761.0,702.1,26-100,1.0
3606157,male,275.3,284.8,320.7,11-25,-0.3
3606159,male,640.0,614.6,576.3,101-200,1.2
3606162,male,467.1,538.9,526.5,101-200,-1.4
3606163,male,589.4,625.6,673.9,101-200,1.4
3606164,male,547.2,472.3,604.4,26-100,-2.1
3606165,female,392.4,365.6,360.6,101-200,0.4
3606166,male,370.5,348.3,444.7,0-10,0.3
3606167,male,390.5,418.1,431.7,101-200,0.7
3606168,female,379.1,446.3,441.3,201-500,0.8
3606169,male,443.7,475.0,533.8,11-25,-0.7
3606170,female,424.9,536.6,482.3,101-200,0.6
3606171,female,567.7,672.9,570.1,more than 500,0.6
3606172,male,529.3,558.4,549.1,more than 500,1.2
3606174,female,432.2,425.5,490.6,11-25,-0.6
3606175,male,408.8,484.1,408.7,101-200,0.0
3606176,female,447.7,508.7,511.5,101-200,-0.4
3606178,female,507.7,504.0,487.8,26-100,0.4
3606179,female,398.9,358.9,360.2,more than 500,-0.3
3606180,female,449.1,527.0,405.7,101-200,1.1
3606181,female,428.7,477.4,434.7,101-200,0.9
3606182,male,595.3,520.2,611.9,101-200,0.3
3606184,male,518.3,494.4,471.5,11-25,-0.7
3606185,female,450.3,392.3,467.2,11-25,0.2
3606188,male,457.9,438.3,503.4,26-100,0.5
3606189,male,722.1,656.5,678.9,101-200,1.1
3606190,male,436.7,502.4,549.1,101-200,0.3
3606192,male,407.3,444.7,464.0,11-25,-1.2
3606198,female,503.5,675.4,556.2,101-200,1.1
3606202,male,323.3,241.9,297.2,11-25,-1.6
3606203,male,544.9,496.3,552.2,101-200,0.3
3606204,male,464.9,383.3,498.8,26-100,0.1
3606206,female,684.3,770.5,739.6,201-500,1.2
3606207,male,528.3,455.7,476.4,101-200,1.1
3606208,male,532.9,539.5,550.5,201-500,1.2
3606209,male,431.9,452.9,437.1,0-10,-0.3
3606210,female,622.8,663.5,654.8,more than 500,0.9
3606211,male,337.5,265.9,354.8,101-200,-0.9
3606213,male,529.9,498.5,525.2,more than 500,0.1
3606214,female,452.2,488.9,459.1,201-500,0.0
3606215,male,565.2,553.0,625.6,26-100,0.2
3606217,female,531.6,627.3,605.7,more than 500,0.9
3606218,female,455.3,409.4,426.6,101-200,0.2
3606219,male,470.2,500.5,555.5,11-25,-1.0
3606220,female,594.6,570.7,618.1,more than 500,1.3
3606221,male,313.6,154.8,322.6,101-200,-1.6
3606222,male,555.3,495.9,678.9,101-200,0.9
3606225,female,475.6,569.5,543.5,101-200,-1.3
3606229,female,511.7,556.7,527.5,101-200,0.7
3606233,male,490.8,520.1,534.9,201-500,0.6
3606234,male,576.6,665.0,550.2,26-100,0.2
3606235,male,400.1,381.0,449.8,0-10,0.4
3606236,female,684.3,663.3,631.6,more than 500,1.0
3606237,female,499.1,516.3,552.4,201-500,1.0
3606238,female,457.5,526.6,524.5,201-500,1.1
3606239,female,364.3,409.2,409.4,201-500,-1.7
3606240,male,504.0,537.6,502.2,more than 500,0.4
3606241,male,567.3,566.5,616.2,more than 500,-0.3
3606242,male,406.3,302.9,406.2,26-100,0.6
3606243,female,507.2,485.6,572.5,101-200,0.8
3606244,male,503.3,474.5,461.2,101-200,1.3
3606245,female,405.7,421.2,330.1,0-10,-1.4
3606246,male,474.9,552.3,458.0,201-500,1.3
3606248,male,294.4,403.6,365.4,201-500,0.5
3606249,male,460.5,615.9,460.5,101-200,0.6
3606250,female,379.2,443.9,438.0,11-25,-0.3
3606253,female,461.1,567.9,573.2,more than 500,1.1
3606256,female,438.6,533.5,461.3,26-100,-0.3
3606258,male,562.9,433.0,506.4,201-500,0.4
3606260,female,401.3,395.5,418.9,201-500,1.0
3606261,female,561.0,682.0,643.4,201-500,1.2
3606264,male,613.4,577.7,461.7,101-200,0.9
3606267,female,600.3,588.1,574.5,more than 500,1.3
3606270,male,472.1,447.1,563.3,101-200,0.3
3606271,female,466.7,517.5,466.7,26-100,-0.9
3606274,female,424.4,410.0,395.5,101-200,-0.1
3606277,male,572.4,515.8,564.4,101-200,1.2
3606278,female,512.8,520.7,540.3,101-200,0.6
3606281,male,666.1,432.7,612.0,101-200,1.1
3606282,male,535.6,527.6,580.3,101-200,1.3
3606283,male,380.6,367.2,457.4,11-25,-1.7
3606285,female,551.2,462.7,593.1,101-200,0.3
3606288,female,532.8,627.5,681.5,more than 500,1.1
3606292,female,587.8,596.7,650.8,more than 500,0.9
3606298,male,541.6,521.2,565.9,11-25,0.6
3606302,male,418.4,327.0,375.9,201-500,1.2
3606303,female,561.6,504.4,529.3,more than 500,-0.2
3606304,male,403.1,433.0,401.5,11-25,-0.8
3606305,male,368.5,325.2,373.9,101-200,-0.0
3606309,female,411.2,434.0,437.9,201-500,0.3
3606310,male,603.9,475.9,565.4,more than 500,1.0
3606311,female,335.6,431.0,354.4,26-100,-0.2
3606314,female,543.9,657.6,521.9,more than 500,-0.4
3606315,female,477.4,473.1,443.3,26-100,0.9
3606317,female,451.9,597.4,414.4,201-500,0.3
3606318,female,520.6,580.0,632.7,201-500,1.1
3606319,male,420.3,368.3,379.4,101-200,0.5
3606320,female,502.8,399.5,478.2,201-500,0.7
3606321,male,379.3,447.4,472.5,26-100,0.8
3606324,female,515.2,611.1,594.4,201-500,1.4
3606325,male,429.0,448.7,433.1,201-500,1.4
3606327,male,494.9,575.9,548.3,101-200,1.0
3606329,female,711.3,703.3,705.5,101-200,1.0
3606330,male,354.4,375.1,442.0,26-100,0.5
3606331,male,450.4,415.7,416.4,0-10,0.3
3606333,female,307.8,307.2,344.8,101-200,0.1
3606334,male,603.7,663.6,659.3,101-200,0.7
3606335,female,478.9,487.8,436.6,101-200,1.0
3606339,male,443.9,464.6,489.6,101-200,0.1
3606340,female,318.6,269.8,363.8,11-25,-1.1
3606341,female,491.7,594.9,577.2,101-200,1.0
3606343,female,375.8,444.8,445.1,101-200,0.9
3606344,male,394.7,415.5,414.9,201-500,0.9
3606346,male,345.3,493.5,473.7,201-500,1.2
3606347,female,445.1,458.7,340.3,101-200,0.8
3606348,female,654.5,600.3,667.2,101-200,1.3
3606349,female,575.1,597.1,665.8,more than 500,1.6
3606350,female,514.4,453.1,535.1,101-200,0.8
3606352,male,543.5,502.8,503.5,26-100,0.2
3606353,male,414.1,509.3,450.6,26-100,0.6
3606354,male,653.2,671.8,610.6,101-200,1.2
3606355,female,473.9,515.7,507.9,201-500,-0.1
3606358,male,469.0,520.5,495.8,101-200,1.1
3606359,male,477.1,327.5,450.0,101-200,0.6
3606361,male,413.1,346.0,391.5,101-200,-0.2
3606362,female,441.5,432.5,530.5,26-100,-1.7
3606363,male,458.5,523.9,425.6,101-200,0.9
3606364,female,411.7,467.8,476.4,101-200,-0.2
3606365,male,548.3,597.2,656.2,101-200,-0.4
3606368,female,574.4,540.9,623.1,101-200,0.6
3606369,female,633.2,663.6,628.7,101-200,1.1
3606370,female,471.0,482.0,453.1,101-200,-1.3
3606372,female,408.0,409.0,448.2,26-100,-0.3
3606373,male,647.0,366.3,674.7,101-200,1.3
3606374,female,393.0,485.6,514.1,101-200,-0.5
3606377,female,558.9,441.2,547.4,201-500,-0.2
3606378,male,425.1,490.6,496.3,101-200,-1.4
3606382,male,640.2,618.1,621.2,11-25,1.0
3606383,female,507.9,401.5,570.8,26-100,0.9
3606385,female,544.1,536.3,598.8,more than 500,1.2
3606386,female,456.6,505.0,502.2,26-100,-0.7
3606387,female,622.1,658.3,645.6,201-500,1.2
3606388,female,512.3,497.3,577.7,201-500,0.6
3606392,female,438.0,460.5,462.0,26-100,1.0
3606393,male,498.9,339.1,516.4,11-25,-2.3
3606394,male,557.9,481.9,527.3,more than 500,0.6
3606395,female,520.6,567.5,590.7,101-200,1.2
3606398,female,576.1,598.7,637.4,more than 500,0.2
3606399,male,416.7,503.5,435.7,11-25,0.4
3606404,female,451.1,541.7,504.0,201-500,0.8
3606405,female,476.4,521.9,497.8,101-200,0.2
3606407,male,678.6,641.4,715.9,more than 500,1.3
3606411,female,542.0,661.5,669.1,201-500,-1.0
3606413,female,511.4,657.3,593.7,101-200,0.9
3606415,male,355.9,350.4,384.3,26-100,0.4
3606417,female,370.0,306.8,302.4,26-100,0.4
3606418,male,393.0,386.6,412.6,201-500,1.0
3606419,female,502.7,440.2,534.4,26-100,-1.5
3606422,female,442.8,521.6,505.1,201-500,1.8
3606424,female,476.1,663.8,591.4,more than 500,-0.1
3606425,female,420.0,322.2,441.4,26-100,1.2
3606426,male,264.4,322.6,209.6,101-200,1.3
3606427,male,577.5,608.6,554.8,more than 500,1.2
3606428,male,477.8,353.6,434.2,11-25,0.3
3606430,male,472.0,440.6,550.1,more than 500,-0.6
3606431,female,452.7,522.3,528.3,more than 500,1.4
3606432,female,466.6,451.3,520.9,101-200,-1.3
3606435,male,543.0,583.9,567.6,101-200,1.6
3606436,female,413.6,487.7,473.3,101-200,0.8
3606439,female,291.4,351.6,319.1,0-10,-0.3
3606441,female,496.5,404.2,546.0,101-200,1.3
3606443,female,392.2,420.2,390.1,11-25,0.2
3606444,male,473.9,491.6,542.8,101-200,0.4
3606448,female,574.6,534.0,566.1,101-200,1.0
3606449,female,501.5,503.5,561.8,more than 500,1.7
3606450,male,233.6,203.3,222.5,11-25,-2.4
3606451,female,632.3,769.6,673.6,101-200,1.1
3606456,male,544.6,626.9,640.0,201-500,0.9
3606457,female,409.9,378.5,384.9,0-10,0.4
3606461,female,358.7,425.8,407.5,more than 500,1.2
3606462,male,399.5,324.9,356.1,101-200,-0.3
3606463,female,540.3,644.2,624.4,201-500,1.1
3606464,male,568.4,502.4,538.7,11-25,-0.4
3606465,female,474.1,578.9,517.0,101-200,0.6
3606467,female,510.2,518.9,569.5,more than 500,1.4
3606469,female,397.1,372.1,330.4,26-100,-0.8
3606472,female,401.8,531.0,434.6,26-100,0.1
3606476,female,363.9,433.2,358.7,26-100,0.6
3606477,female,538.0,552.9,595.7,101-200,0.3
3606480,female,432.3,367.4,439.4,101-200,1.1
3606482,female,529.2,603.2,504.6,26-100,0.1
3606483,male,476.9,465.0,492.1,101-200,0.4
3606486,male,536.9,404.1,452.9,101-200,0.7
3606487,female,603.4,739.3,631.5,101-200,1.2
3606491,female,594.1,642.5,605.3,201-500,1.0
3606493,female,305.2,396.1,287.7,101-200,-0.6
3606494,female,645.5,743.6,624.6,201-500,1.2
3606497,male,457.1,362.8,512.1,more than 500,1.2
3606498,male,522.3,516.8,596.6,more than 500,1.5
3606499,female,325.4,465.7,375.8,26-100,-0.6
3606502,female,568.9,642.7,575.4,201-500,1.2
3606504,male,478.9,492.8,546.6,101-200,-0.1
3606506,male,431.5,412.1,506.4,201-500,-0.1
3606508,female,554.5,555.5,638.5,201-500,0.1
3606510,female,402.5,343.7,438.3,26-100,-0.2
3606511,female,644.3,730.0,617.0,101-200,0.7
3606512,female,336.2,325.1,396.4,101-200,-0.2
3606513,male,606.4,483.2,583.2,101-200,-0.3
3606515,male,694.0,646.7,679.6,more than 500,1.3
3606516,male,409.9,534.7,444.9,101-200,-0.9
3606517,male,311.4,265.8,303.0,0-10,-1.1
3606519,female,487.1,553.0,570.4,201-500,1.0
3606520,male,525.5,514.9,662.7,11-25,-0.3
3606522,male,575.8,553.3,569.4,more than 500,1.1
3606523,female,643.4,743.8,699.0,201-500,0.3
3606524,female,501.6,489.8,583.9,more than 500,0.4
3606527,male,386.9,319.8,366.8,101-200,-0.0
3606528,female,568.1,597.0,602.9,101-200,0.4
3606529,male,591.4,619.8,677.5,101-200,1.2
3606531,female,548.1,498.4,519.2,more than 500,1.4
3606532,male,499.1,481.5,507.7,more than 500,-0.7
3606533,male,596.1,619.3,595.9,26-100,1.1
3606534,female,617.7,606.1,619.7,101-200,1.1
3606538,male,563.3,497.6,638.1,26-100,1.0
3606539,male,542.9,497.8,558.9,101-200,-1.6
3606540,female,539.4,648.9,577.3,101-200,1.0
3606541,male,467.4,537.7,427.8,101-200,1.4
3606542,female,523.4,497.5,585.5,101-200,1.0
3606543,male,662.3,657.1,665.7,more than 500,1.7
3606546,male,557.9,445.6,566.0,more than 500,1.4
3606548,male,346.2,385.5,291.6,101-200,0.8
3606549,female,505.0,502.2,541.1,101-200,-0.0
3606551,male,520.3,525.7,507.0,101-200,0.0
3606553,female,467.5,526.2,568.3,101-200,-0.6
3606554,female,627.7,619.9,671.4,101-200,1.1
3606555,female,303.4,348.3,301.7,11-25,-1.0
3606556,female,550.6,602.1,522.2,11-25,0.6
3606557,female,557.1,639.3,604.5,201-500,0.6
3606558,female,452.3,390.0,480.9,101-200,0.5
3606559,female,429.3,495.7,468.1,26-100,-0.7
3606564,female,415.3,477.9,497.2,201-500,0.7
3606565,male,655.1,562.0,665.7,more than 500,0.8
3606566,female,394.7,412.3,387.3,26-100,1.0
3606568,female,480.0,505.0,495.5,101-200,-0.3
3606571,female,393.7,403.2,423.5,26-100,0.1
3606572,male,581.1,619.5,618.0,201-500,1.3
3606573,male,397.0,353.3,362.0,more than 500,0.8
3606574,female,560.3,560.5,644.9,more than 500,1.3
3606575,female,330.5,358.3,380.6,101-200,0.7
3606576,male,709.5,617.8,685.5,101-200,-0.5
3606577,male,460.1,465.1,483.2,26-100,-0.5
3606580,female,413.7,486.5,536.9,11-25,-0.8
3606581,male,449.5,476.5,551.6,26-100,0.9
3606583,male,416.5,459.3,493.1,101-200,-0.2
3606585,female,438.0,377.9,440.7,101-200,-1.4
3606586,male,458.1,423.0,472.4,26-100,-1.4
3606589,female,654.2,819.2,782.8,more than 500,0.5
3606590,female,360.5,289.4,401.9,11-25,-0.7
3606591,female,498.5,520.9,496.2,101-200,0.9
3606592,male,513.3,563.5,560.3,11-25,-0.3
3606593,male,415.1,422.6,353.4,11-25,0.3
3606597,male,624.0,762.9,678.8,101-200,0.9
3606598,female,569.3,616.6,618.5,more than 500,1.2
3606600,male,439.6,402.8,422.8,0-10,-0.5
3606601,male,430.6,360.0,471.1,201-500,0.8
3606602,female,276.6,234.6,263.5,101-200,0.4
3606603,male,474.0,480.1,518.1,101-200,0.0
3606604,female,599.0,584.4,607.3,101-200,1.2
3606605,female,575.0,685.8,558.0,101-200,1.1
3606607,male,536.2,440.5,437.6,201-500,0.6
3606608,female,575.9,619.3,638.7,201-500,0.9
3606610,female,411.9,392.5,396.9,201-500,0.6
3606611,female,429.7,391.5,423.0,11-25,-0.7
3606612,female,440.6,514.0,401.2,201-500,0.6
3606615,female,544.1,569.0,586.3,more than 500,1.2
3606616,male,357.9,359.6,382.4,0-10,-0.7
3606618,female,376.4,395.8,378.6,101-200,-0.2
3606619,female,359.4,347.0,352.8,11-25,0.1
3606627,female,450.7,509.8,506.1,101-200,1.1
3606628,female,533.0,423.7,624.4,26-100,0.0
3606630,male,471.6,521.7,478.7,more than 500,0.9
3606631,female,530.2,504.3,553.1,201-500,1.2
3606633,female,546.7,604.1,581.9,more than 500,0.9
3606635,female,549.0,460.3,524.7,more than 500,1.4
3606636,male,320.4,329.6,343.8,101-200,-1.3
3606637,female,568.8,522.2,675.1,more than 500,1.2
3606639,female,428.3,407.7,508.3,more than 500,-0.9
3606640,male,430.4,426.0,414.6,11-25,-0.8
3606642,female,584.4,479.3,588.3,201-500,1.2
3606643,male,399.3,308.0,471.7,26-100,-1.4
3606644,female,443.3,419.7,433.9,11-25,0.2
3606645,female,504.1,618.2,558.9,201-500,1.0
3606646,female,513.2,507.0,606.5,101-200,-0.4
3606648,male,459.5,464.7,561.9,11-25,0.8
3606649,male,484.4,349.7,541.1,101-200,-1.3
3606650,female,524.0,481.4,544.9,201-500,1.2
3606651,male,547.6,639.4,638.1,more than 500,-0.3
3606653,female,482.5,596.0,564.6,26-100,-0.0
3606655,male,425.3,417.6,411.4,201-500,1.0
3606656,male,542.4,488.4,586.1,more than 500,1.0
3606657,male,530.0,570.6,627.4,101-200,0.8
3606666,female,570.4,642.3,558.3,201-500,0.3
3606668,female,260.5,279.6,281.4,101-200,-0.4
3606671,male,367.3,443.0,494.2,101-200,-0.5
3606676,male,559.3,500.3,609.3,more than 500,1.2
3606677,female,416.6,392.1,448.5,11-25,0.8
3606678,female,530.5,483.9,512.0,26-100,0.8
3606679,male,285.0,384.9,368.8,11-25,-1.5
3606680,female,458.8,481.9,527.7,101-200,0.9
3606683,female,531.7,639.2,560.1,101-200,0.7
3606684,male,507.1,472.3,467.6,more than 500,0.3
3606687,male,462.0,477.4,472.3,101-200,-0.0
3606688,male,311.6,301.0,324.9,101-200,0.2
3606690,female,759.4,713.8,763.3,more than 500,1.3
3606691,male,484.0,425.9,502.4,11-25,-0.2
3606692,male,394.0,268.2,256.4,0-10,-1.1
3606693,male,434.9,410.3,521.0,101-200,-0.6
3606695,male,399.5,455.2,476.9,101-200,0.2
3606703,male,390.7,343.3,353.3,26-100,-0.4
3606705,male,662.0,613.6,682.9,101-200,1.2
3606708,female,654.4,722.3,685.9,11-25,-0.4
3606709,female,473.9,581.9,514.9,101-200,0.8
3606713,female,528.1,527.5,535.3,26-100,-0.1
3606715,female,507.1,550.6,496.3,101-200,0.2
3606718,male,486.5,464.6,489.5,101-200,-0.3
3606719,male,380.3,356.0,373.0,101-200,-1.6
3606722,male,587.7,567.6,674.8,more than 500,0.7
3606723,male,300.1,213.3,358.6,201-500,-0.3
3606726,female,325.9,342.6,328.7,11-25,-1.9
3606728,male,590.2,525.1,594.3,201-500,0.1
3606729,male,419.2,340.0,410.7,26-100,0.5
3606731,female,409.8,472.6,341.4,101-200,0.8
3606732,female,575.6,539.4,572.1,201-500,1.9
3606733,male,572.9,623.2,568.9,11-25,-1.1
3606734,male,396.7,350.8,299.8,201-500,1.1
3606737,female,663.4,767.5,632.9,201-500,1.2
3606738,male,448.1,417.8,404.9,26-100,-0.1
3606740,female,622.6,633.8,637.4,201-500,0.6
3606741,male,331.2,369.9,314.8,26-100,-0.8
3606743,male,527.6,506.0,563.9,101-200,0.1
3606746,male,544.8,447.3,426.9,26-100,0.1
3606748,male,346.6,297.5,325.9,11-25,1.4
3606753,female,516.2,570.0,435.1,26-100,-0.2
3606754,male,524.5,560.1,540.3,101-200,-0.2
3606756,male,698.3,693.2,630.9,201-500,1.0
3606757,male,668.4,814.9,604.6,201-500,1.4
3606758,male,489.9,479.2,528.8,101-200,0.8
3606759,male,536.8,575.5,473.2,101-200,0.3
3606760,male,706.5,732.0,698.3,201-500,0.8
3606761,female,444.3,495.1,497.8,101-200,-1.1
3606763,male,385.5,443.1,333.9,26-100,0.4
3606764,male,607.1,538.1,675.1,more than 500,1.3
3606765,male,373.5,370.6,381.7,11-25,-0.5
3606766,female,618.5,696.5,643.1,201-500,0.1
3606767,male,510.2,546.5,459.6,101-200,0.5
3606768,female,589.7,617.1,679.7,more than 500,1.4
3606771,male,528.7,506.4,567.6,101-200,1.5
3606772,female,653.7,630.9,616.0,more than 500,0.2
3606774,female,467.5,482.3,526.0,101-200,0.1
3606775,male,578.6,476.9,517.1,more than 500,1.4
3606776,male,621.3,626.4,614.2,201-500,0.4
3606777,female,626.4,575.7,678.6,more than 500,1.0
3606778,male,498.6,548.9,492.1,201-500,1.2
3606779,male,616.9,647.2,554.1,more than 500,0.2
3606781,female,394.5,431.9,406.5,101-200,0.3
3606783,male,375.0,358.3,369.2,0-10,-0.5
3606784,female,320.0,409.7,311.1,101-200,-1.3
3606786,female,531.2,542.1,528.1,11-25,-0.5
3606787,male,498.8,530.9,504.1,11-25,-0.3
3606788,male,551.2,586.5,555.5,201-500,0.9
3606789,female,466.9,523.2,474.0,201-500,-1.6
3606790,female,533.0,546.9,571.5,201-500,0.6
3606791,female,381.6,477.3,391.5,26-100,0.2
3606793,male,591.0,495.2,454.7,26-100,0.2
3606794,male,740.1,696.3,800.9,101-200,1.3
3606796,female,478.0,465.5,412.6,201-500,1.0
3606797,female,501.2,587.1,574.4,101-200,1.5
3606798,male,550.9,399.3,468.6,101-200,0.5
3606801,male,503.9,488.4,492.0,201-500,-1.6
3606802,male,415.2,393.5,362.2,26-100,-0.7
3606803,male,512.0,600.5,593.9,101-200,0.8
3606804,male,576.4,571.8,605.3,201-500,1.2
3606805,female,534.2,509.0,552.9,more than 500,1.0
3606806,male,346.5,365.3,242.2,more than 500,-0.4
3606807,female,581.7,497.8,543.9,101-200,0.9
3606808,male,433.4,492.2,401.4,more than 500,0.4
3606810,male,519.2,556.3,585.4,201-500,0.8
3606811,female,295.5,213.4,302.6,26-100,-1.2
3606813,female,448.5,521.7,469.7,101-200,-0.3
3606814,female,463.3,488.9,476.1,101-200,-0.9
3606815,female,439.3,448.9,504.9,more than 500,1.2
3606816,female,522.6,454.1,541.8,101-200,-0.3
3606817,male,683.7,687.1,670.8,more than 500,0.9
3606819,male,395.5,314.7,381.3,more than 500,0.5
3606820,male,374.1,396.6,426.4,101-200,1.3
3606822,female,537.9,521.3,582.6,101-200,1.4
3606827,male,606.5,601.7,626.1,101-200,0.4
3606828,female,496.4,453.1,421.0,26-100,0.1
3606829,female,406.2,360.8,390.8,101-200,-0.5
3606831,female,281.8,303.3,370.5,201-500,1.3
3606832,male,530.8,542.3,594.1,more than 500,1.4
3606834,male,532.4,491.3,544.4,101-200,0.8
3606836,female,542.6,587.9,581.6,more than 500,0.9
3606838,female,346.8,360.2,414.2,26-100,0.6
3606839,female,527.3,686.1,622.7,more than 500,1.1
3606841,male,604.2,507.7,631.5,101-200,1.1
3606842,male,418.8,356.5,399.6,11-25,-1.3
3606848,male,668.4,617.6,712.0,101-200,1.1
3606852,female,613.6,627.0,538.9,101-200,0.5
3606853,female,470.0,507.3,504.1,26-100,0.6
3606855,male,587.0,614.8,517.3,201-500,0.7
3606857,female,600.4,510.4,622.1,26-100,-0.1
3606858,male,411.7,509.8,445.5,26-100,-0.6
3606863,female,437.8,466.9,414.3,26-100,0.3
3606864,female,378.0,437.1,454.6,26-100,-0.4
3606866,male,560.1,458.2,581.8,201-500,0.0
3606867,male,498.7,506.6,580.2,101-200,0.5
3606868,male,593.7,595.8,505.1,101-200,0.9
3606869,male,317.6,242.2,401.2,0-10,-3.2
3606870,female,421.7,568.8,519.4,26-100,0.6
3606871,male,499.1,440.2,580.4,26-100,-0.7
3606872,male,474.9,298.0,486.3,101-200,0.8
3606873,female,304.0,358.0,320.7,101-200,0.9
3606874,female,446.6,553.8,461.9,more than 500,1.6
3606876,male,509.3,515.9,562.4,more than 500,1.1
3606877,female,476.8,464.0,428.5,101-200,-0.7
3606878,female,391.3,421.7,347.3,11-25,-0.3
3606880,male,602.6,556.0,611.7,101-200,1.0
3606881,male,490.6,466.7,564.6,101-200,0.9
3606883,male,304.9,286.1,318.1,more than 500,-0.0
3606884,female,554.7,477.1,595.3,201-500,1.1
3606885,male,719.7,692.8,665.7,more than 500,1.2
3606886,female,415.3,442.5,470.0,11-25,-2.3
3606887,male,682.9,717.3,643.8,201-500,1.5
3606888,female,462.0,438.0,486.5,26-100,0.1
3606889,female,452.9,572.8,517.3,101-200,1.0
3606890,male,385.9,356.1,384.8,0-10,0.3
3606891,male,468.6,519.4,448.5,101-200,1.0
3606892,female,644.6,620.3,591.1,more than 500,0.9
3606893,male,650.8,631.0,603.8,more than 500,1.3
3606894,female,537.0,483.7,517.0,26-100,0.5
3606897,female,439.8,395.4,438.8,more than 500,1.3
3606898,male,549.8,616.8,698.1,more than 500,0.9
3606900,male,506.5,539.1,556.9,101-200,1.0
3606906,male,531.5,599.0,567.5,26-100,-1.3
3606908,female,602.5,641.1,682.4,101-200,1.1
3606909,female,536.7,587.9,573.7,101-200,0.8
3606911,male,401.4,432.0,468.2,101-200,0.3
3606912,male,434.0,563.2,456.5,11-25,-1.4
3606914,male,387.6,518.6,436.1,26-100,0.8
3606915,female,404.6,485.4,487.1,more than 500,1.0
3606917,female,456.3,371.3,479.3,11-25,0.6
3606919,female,449.9,489.8,526.5,101-200,-0.3
3606920,female,390.8,386.5,386.8,more than 500,1.0
3606922,male,500.3,516.0,530.3,more than 500,1.8
3606923,male,587.5,568.1,538.0,201-500,0.5
3606924,male,620.8,673.1,522.1,201-500,1.6
3606925,female,529.0,569.1,508.2,201-500,0.9
3606926,male,537.3,614.7,562.0,201-500,1.3
3606927,female,506.0,514.0,593.1,101-200,1.6
3606933,female,347.7,365.6,374.0,101-200,1.2
3606934,male,586.1,574.4,585.1,11-25,-0.2
3606935,female,510.4,494.0,551.4,101-200,0.9
3606936,female,459.9,484.2,604.5,201-500,1.1
3606937,male,407.8,426.2,385.7,26-100,-0.9
3606938,female,446.6,501.7,573.7,201-500,1.0
3606939,male,531.5,590.7,619.2,201-500,0.6
3606940,male,381.6,414.9,338.0,11-25,-0.4
3606941,female,399.5,346.7,352.0,11-25,-1.2
3606943,male,489.6,489.4,550.5,201-500,1.1
3606944,female,500.6,583.1,594.4,201-500,1.3
3606945,male,717.9,744.3,776.5,more than 500,1.6
3606946,male,600.8,555.2,643.8,more than 500,1.1
3606947,male,398.0,242.0,427.0,0-10,1.0
3606948,female,427.6,450.7,466.1,more than 500,0.9
3606950,female,376.8,427.5,447.2,11-25,-1.3
3606951,male,487.3,546.4,534.7,201-500,-1.3
3606953,female,538.0,586.7,493.7,201-500,1.2
3606954,male,275.1,266.8,294.3,101-200,0.1
3606958,male,574.0,689.8,714.7,more than 500,1.2
3606959,male,512.3,455.0,512.9,26-100,0.2
3606961,female,542.6,453.8,554.6,101-200,1.5
3606962,female,541.3,477.6,556.0,101-200,0.2
3606963,male,513.3,446.2,475.6,101-200,1.4
3606965,female,464.7,554.0,507.0,26-100,0.2
3606966,male,416.1,315.0,329.5,26-100,0.4
3606967,male,676.8,670.8,628.3,26-100,0.6
3606968,male,628.8,665.3,773.8,101-200,-0.6
3606970,male,467.5,445.0,512.2,26-100,-1.0
3606971,female,363.5,326.7,315.3,101-200,-0.1
3606972,female,456.2,291.4,536.5,201-500,0.7
3606974,female,498.4,530.2,519.7,101-200,1.0
3606975,female,570.7,671.3,682.6,101-200,-0.4
3606976,male,560.1,530.8,593.4,101-200,0.6
3606977,male,623.0,779.5,681.7,201-500,1.7
3606979,female,556.9,592.2,552.1,11-25,-1.0
3606980,female,379.2,353.9,347.4,26-100,-0.7
3606981,female,430.3,526.7,485.9,201-500,0.8
3606982,male,544.2,522.2,559.8,101-200,0.6
3606983,female,478.7,503.6,489.0,101-200,-0.9
3606984,male,711.7,652.2,619.2,101-200,0.7
3606991,female,458.0,478.8,410.0,101-200,-0.1
3606992,male,442.6,479.5,422.6,101-200,0.4
3606994,female,520.3,433.5,512.6,201-500,0.7
3606995,male,487.8,464.2,516.2,101-200,0.3
3606997,male,430.7,518.0,465.9,more than 500,1.4
3606999,male,440.0,480.5,462.7,101-200,-0.2
3607000,male,680.4,720.4,636.8,more than 500,1.2
3607002,male,600.1,581.3,581.0,26-100,1.0
3607003,female,336.3,446.2,391.1,more than 500,0.5
3607004,female,399.4,341.9,419.9,26-100,0.8
3607007,female,257.5,240.8,345.2,11-25,-1.6
3607008,male,622.5,565.7,547.5,101-200,1.5
3607010,female,444.1,480.4,456.9,201-500,0.2
3607013,male,558.9,618.3,673.3,more than 500,1.1
3607015,female,372.2,475.1,340.0,26-100,0.6
3607017,female,451.3,452.8,420.9,201-500,1.1
3607018,male,485.8,530.6,510.6,26-100,1.0
3607019,male,383.8,463.1,422.7,101-200,0.1
3607020,male,699.0,676.3,812.1,more than 500,0.7
3607021,male,301.4,260.8,337.1,11-25,-0.6
3607022,female,453.0,465.4,438.7,101-200,0.9
3607024,female,528.9,414.7,539.3,more than 500,1.4
3607025,male,520.6,619.8,623.3,26-100,-0.3
3607026,female,428.1,472.9,430.7,26-100,-0.1
3607031,male,551.3,556.8,558.1,26-100,-0.1
3607036,female,353.2,532.1,423.1,101-200,0.3
3607037,female,521.3,591.3,591.9,more than 500,1.2
3607038,female,433.2,466.7,467.5,201-500,0.1
3607040,female,408.9,454.5,488.1,201-500,-1.0
3607041,male,439.9,486.9,494.0,more than 500,1.1
3607042,female,372.8,368.0,385.0,26-100,0.2
3607044,female,302.1,195.1,301.8,11-25,0.6
3607045,female,529.6,545.5,611.4,more than 500,1.4
3607047,male,526.6,528.4,430.7,201-500,-0.5
3607048,male,409.5,391.8,408.7,101-200,0.4
3607051,male,615.9,505.8,596.4,101-200,1.1
3607052,male,595.4,582.4,646.8,201-500,0.4
3607053,male,459.4,392.6,341.9,101-200,1.0
3607054,male,297.5,363.0,313.6,0-10,-0.4
3607055,male,679.1,688.8,745.9,201-500,1.6
3607057,male,522.1,495.6,508.6,more than 500,1.1
3607059,female,391.7,528.7,408.0,26-100,-0.2
3607062,male,410.9,361.0,446.2,101-200,1.0
3607065,male,418.8,414.7,429.3,11-25,-0.5
3607067,female,586.6,579.6,677.5,more than 500,-0.7
3607068,male,623.6,514.0,559.0,101-200,1.1
3607069,male,540.7,493.2,491.7,more than 500,1.4
3607070,female,654.6,738.2,701.4,more than 500,0.7
3607072,female,469.5,407.2,494.2,26-100,-0.7
3607073,female,320.5,326.7,350.6,11-25,-0.2
3607074,male,377.8,342.1,394.7,26-100,-0.4
3607077,male,652.0,610.5,712.0,201-500,1.3
3607078,male,290.1,410.7,362.9,0-10,1.2
3607080,male,410.6,442.4,437.9,201-500,0.7
3607081,female,391.7,563.2,442.2,11-25,-1.0
3607082,female,353.0,431.2,345.7,11-25,-0.4
3607083,female,484.8,528.2,498.8,201-500,-1.2
3607085,female,344.2,339.4,312.8,101-200,-0.0
3607086,female,531.3,545.6,598.7,101-200,0.9
3607091,female,484.2,471.3,613.6,101-200,-0.5
3607092,female,417.3,443.1,526.5,more than 500,0.3
3607093,female,447.5,552.9,469.5,101-200,1.1
3607094,female,644.8,669.1,623.0,101-200,1.2
3607095,female,532.8,619.4,653.2,26-100,0.4
3607097,female,465.2,486.9,524.0,201-500,0.1
3607098,male,401.3,378.8,440.1,101-200,-0.0
3607101,male,489.1,418.7,544.0,101-200,0.7
3607103,female,526.8,609.5,585.4,101-200,-1.1
3607104,male,523.9,424.1,432.2,11-25,-2.6
3607105,female,424.7,489.1,470.6,101-200,0.6
3607107,female,485.5,510.1,497.6,101-200,-0.1
3607108,female,421.0,500.2,434.1,26-100,-0.1
3607109,female,523.3,650.3,557.9,11-25,0.8
3607110,male,632.4,560.0,685.2,more than 500,0.8
3607112,male,437.8,446.3,389.2,0-10,0.9
3607113,male,355.4,341.8,316.2,101-200,-1.5
3607114,female,444.9,480.7,412.8,26-100,-0.1
3607115,male,428.5,463.4,591.5,201-500,1.7
3607117,female,395.8,387.0,417.6,101-200,0.4
3607118,male,416.0,471.5,418.9,201-500,-1.4
3607122,male,414.2,442.1,450.9,101-200,-0.1
3607123,male,603.2,547.2,630.8,more than 500,1.0
3607126,male,491.8,431.5,507.9,101-200,0.5
3607130,male,349.3,234.3,355.3,11-25,-0.0
3607132,female,433.5,361.1,431.5,101-200,0.9
3607134,male,516.9,477.8,469.1,101-200,0.3
3607135,female,295.7,367.2,334.1,more than 500,-0.4
3607136,female,362.6,409.1,398.1,201-500,0.4
3607137,male,586.0,567.4,606.1,0-10,0.6
3607139,female,410.4,434.5,488.4,more than 500,0.9
3607140,male,610.1,627.3,583.2,101-200,0.3
3607144,female,332.4,396.9,262.4,201-500,-1.2
3607145,female,479.8,350.7,519.2,11-25,-0.0
3607147,female,540.1,594.9,609.4,101-200,0.1
3607148,female,485.9,541.7,428.3,101-200,-0.9
3607149,female,540.3,608.1,552.1,101-200,0.0
3607150,male,465.6,479.0,378.5,201-500,0.6
3607152,female,483.7,528.9,447.1,26-100,-0.2
3607154,male,649.6,612.6,667.0,more than 500,0.7
3607156,female,424.9,361.0,410.2,26-100,-1.2
3607158,female,453.7,422.6,438.1,101-200,-0.9
3607160,female,312.9,292.7,357.3,0-10,-1.2
3607161,female,594.1,652.3,660.4,more than 500,0.5
3607162,male,592.4,646.0,568.3,201-500,0.9
3607163,male,573.2,578.1,713.7,101-200,-0.6
3607164,female,567.2,557.1,477.1,more than 500,1.5
3607165,female,411.8,486.4,525.6,11-25,0.5
3607167,female,484.3,539.7,443.7,26-100,0.6
3607168,male,551.7,455.9,565.5,201-500,1.2
3607169,female,424.7,469.1,458.3,101-200,0.4
3607170,female,598.4,693.3,668.3,101-200,1.2
3607171,female,352.3,352.8,394.6,26-100,-0.3
3607172,male,604.7,612.8,599.6,more than 500,1.2
3607173,female,485.3,531.3,428.9,101-200,1.1
3607174,male,660.5,628.4,600.9,201-500,1.3
3607176,female,413.3,437.1,441.5,101-200,0.1
3607177,female,408.9,465.9,412.6,101-200,-0.1
3607179,female,543.7,562.1,594.6,26-100,-0.7
3607180,male,525.6,479.3,538.4,201-500,0.8
3607181,male,565.8,552.5,562.5,26-100,0.8
3607184,female,645.7,666.4,615.6,26-100,0.3
3607185,male,465.7,417.3,541.1,26-100,1.0
3607189,male,542.7,420.7,575.1,more than 500,1.7
3607191,male,483.3,499.7,529.7,101-200,0.8
3607194,female,591.4,599.0,578.4,26-100,0.9
3607196,male,592.5,463.7,539.2,101-200,0.6
3607197,male,683.2,740.4,702.1,201-500,1.0
3607198,male,641.4,648.7,575.2,201-500,0.8
3607199,female,434.2,411.9,454.1,more than 500,0.3
3607200,female,487.4,548.6,551.6,more than 500,1.2
3607201,male,541.5,539.7,673.5,101-200,0.7
3607202,male,428.8,364.1,410.3,26-100,0.9
3607203,female,435.4,322.0,425.5,201-500,0.0
3607206,male,606.0,617.0,621.5,101-200,0.6
3607207,female,539.2,611.9,513.8,0-10,0.6
3607209,male,408.3,509.0,405.6,more than 500,1.5
3607210,male,617.2,654.7,589.2,more than 500,-0.8
3607211,male,431.3,448.3,386.7,11-25,0.2
3607213,male,607.2,544.9,639.8,101-200,0.4
3607214,female,646.7,801.9,767.5,201-500,1.3
3607218,male,477.4,512.7,516.7,201-500,0.2
3607221,female,511.8,580.9,503.1,101-200,0.7
3607222,male,412.5,362.6,481.0,201-500,1.0
3607224,male,555.5,571.4,590.4,26-100,0.6
3607225,male,436.2,416.0,453.1,26-100,-1.4
3607227,female,579.1,605.1,577.1,201-500,0.2
3607228,male,522.7,511.3,527.0,more than 500,1.1
3607229,female,454.9,445.7,492.6,101-200,0.7
3607231,female,502.3,564.5,512.6,more than 500,1.1
3607233,male,394.3,419.2,378.3,11-25,0.2
3607235,male,535.1,525.1,601.9,more than 500,0.7
3607236,female,562.2,433.4,578.2,more than 500,1.2
3607237,male,459.6,398.8,498.4,101-200,-0.3
3607238,male,487.5,580.2,512.1,101-200,-0.6
3607239,male,485.3,476.6,520.8,101-200,0.6
3607242,female,446.9,455.3,455.2,11-25,-0.4
3607243,female,567.8,577.8,588.4,more than 500,1.4
3607244,male,654.5,557.3,684.2,more than 500,1.2
3607246,female,374.5,412.3,375.7,101-200,0.2
3607250,female,351.0,357.9,353.4,11-25,-1.7
3607252,male,378.3,327.2,375.5,201-500,-0.8
3607256,female,339.5,305.9,366.5,11-25,-1.1
3607257,female,533.9,631.2,560.5,101-200,-0.6
3607258,female,393.8,458.6,368.7,11-25,-0.5
3607259,female,536.7,508.3,601.8,more than 500,-1.1
3607261,female,527.0,563.0,520.3,101-200,0.1
3607262,male,504.2,527.6,587.5,101-200,0.7
3607263,male,468.2,467.9,444.4,101-200,0.9
3607264,female,490.9,426.5,559.2,201-500,0.4
3607266,female,513.1,616.9,642.0,101-200,0.9
3607270,male,364.6,425.9,416.7,101-200,0.1
3607272,female,410.7,549.4,487.7,101-200,0.5
3607273,male,406.0,400.5,466.8,101-200,0.2
3607275,male,374.2,409.3,407.9,more than 500,0.4
3607276,male,365.9,296.7,359.8,more than 500,0.6
3607277,female,492.8,527.7,551.7,11-25,0.5
3607278,female,390.9,176.5,340.8,11-25,-0.7
3607279,female,522.4,552.2,601.5,more than 500,0.7
3607280,female,425.6,450.6,359.7,101-200,1.3
3607281,male,609.0,642.7,653.4,201-500,1.3
3607285,female,524.4,659.5,473.8,26-100,0.5
3607287,male,402.1,400.1,434.6,201-500,0.3
3607288,male,369.6,431.5,467.6,101-200,-0.9
3607289,male,399.6,344.8,415.9,101-200,0.7
3607291,male,365.2,333.1,419.1,101-200,0.7
3607295,female,563.5,590.7,487.5,101-200,-0.4
3607296,female,544.1,528.4,541.8,101-200,0.7
3607297,male,549.4,660.8,597.2,101-200,1.2
3607298,male,479.9,530.7,500.3,101-200,-0.4
3607300,male,555.9,539.0,554.9,more than 500,0.2
3607301,male,673.8,645.0,690.1,more than 500,1.2
3607306,female,529.8,578.2,600.9,101-200,-0.8
3607307,male,480.0,434.6,512.7,more than 500,-0.3
3607308,male,487.1,314.5,448.6,201-500,1.0
3607309,female,359.5,268.6,410.6,101-200,0.9
3607310,male,495.3,513.6,551.5,26-100,1.3
3607311,male,482.3,550.2,483.1,11-25,-0.0
3607313,male,439.5,494.2,493.9,26-100,-0.4
3607316,male,599.9,522.3,604.8,26-100,0.7
3607317,female,593.2,613.8,622.2,more than 500,1.3
3607318,male,498.7,553.1,468.0,201-500,1.0
3607322,female,585.5,654.5,595.9,26-100,-0.9
3607324,male,750.4,711.1,622.8,201-500,1.1
3607325,female,359.0,418.2,408.8,101-200,-1.0
3607327,male,491.4,497.2,408.6,101-200,1.1
3607328,female,745.2,651.1,648.9,26-100,0.7
3607329,male,494.9,496.2,481.2,more than 500,1.0
3607330,female,491.8,533.5,519.8,201-500,-1.2
3607331,male,509.8,344.1,504.1,101-200,0.9
3607333,male,537.0,549.6,601.0,101-200,1.0
3607334,male,553.7,583.9,524.9,more than 500,1.9
3607336,male,587.3,601.6,569.1,201-500,1.3
3607340,female,608.3,628.4,568.0,201-500,0.1
3607341,female,511.8,590.9,530.2,201-500,-0.1
3607342,female,526.4,582.9,550.0,201-500,1.6
3607343,male,531.8,527.9,641.5,201-500,1.3
3607348,male,645.9,631.0,651.5,101-200,0.6
3607349,male,579.4,579.9,521.3,101-200,-0.3
3607350,male,628.8,622.7,646.2,101-200,0.8
3607351,female,584.7,436.9,616.7,11-25,-0.0
3607354,female,548.6,675.1,555.5,more than 500,-0.5
3607355,male,411.7,448.0,469.0,11-25,0.1
3607356,female,654.1,602.4,757.6,101-200,-0.6
3607361,female,438.1,445.2,471.1,201-500,0.6
3607362,female,503.3,594.6,584.3,more than 500,1.1
3607365,female,507.3,479.7,520.8,101-200,0.3
3607368,male,368.3,363.9,440.6,11-25,-0.6
3607370,female,506.2,444.6,487.8,101-200,0.9
3607371,female,548.9,550.2,500.6,201-500,1.2
3607375,male,578.3,529.5,569.0,101-200,0.3
3607377,male,372.0,423.4,434.5,11-25,0.8
3607378,male,444.5,424.6,508.8,101-200,-0.9
3607379,male,638.7,702.2,712.8,more than 500,1.1
3607381,male,562.9,537.5,602.0,11-25,-1.1
3607382,female,454.3,556.4,441.1,26-100,1.0
3607383,male,358.6,407.9,367.3,101-200,0.5
3607384,female,670.9,596.2,691.2,more than 500,1.4
3607385,male,473.7,396.6,469.5,201-500,-0.6
3607389,female,455.4,564.0,619.1,more than 500,0.8
3607390,male,473.3,507.9,503.8,101-200,-0.2
3607391,female,246.5,315.9,349.5,101-200,0.1
3607392,male,476.6,557.9,441.3,101-200,0.4
3607393,female,587.5,444.2,601.1,201-500,1.0
3607395,male,511.2,576.7,575.8,26-100,-1.2
3607397,male,519.5,520.8,601.1,101-200,1.1
3607398,female,567.8,621.4,641.2,201-500,1.2
3607399,female,434.3,433.5,416.2,101-200,-0.8
3607400,female,508.3,525.1,553.4,26-100,-0.4
3607403,male,376.6,455.8,472.7,0-10,-0.0
3607406,male,309.4,188.3,196.0,101-200,1.3
3607409,female,402.7,333.5,351.4,101-200,0.8
3607410,male,562.0,422.2,580.4,101-200,0.1
3607411,male,391.4,464.2,450.8,11-25,0.9
3607413,female,479.3,539.0,601.1,101-200,-0.9
3607414,female,450.8,428.6,485.6,26-100,0.1
3607416,female,494.7,491.7,489.5,more than 500,-0.5
3607419,male,497.8,485.3,569.1,101-200,0.8
3607420,female,490.4,509.9,586.8,26-100,0.6
3607421,female,540.7,511.4,572.0,26-100,-0.1
3607422,female,582.0,631.1,519.6,201-500,0.2
3607424,male,600.3,607.6,680.6,101-200,0.3
3607425,female,443.2,508.8,458.0,26-100,-0.7
3607426,female,544.4,442.9,503.0,26-100,-0.0
3607429,male,468.8,589.0,516.4,26-100,0.1
3607431,female,477.2,455.2,415.3,more than 500,1.0
3607433,male,442.6,459.5,597.5,more than 500,0.4
3607437,male,579.6,632.5,644.2,101-200,0.3
3607439,male,374.1,295.3,394.3,201-500,1.4
3607440,male,310.8,334.4,391.2,101-200,0.3
3607442,male,514.6,651.5,575.4,201-500,-1.0
3607444,male,407.6,372.3,339.4,more than 500,0.2
3607446,female,465.5,564.2,499.6,26-100,-1.1
3607447,male,504.4,473.2,558.4,201-500,0.4
3607448,female,444.5,379.9,453.8,101-200,0.8
3607450,female,498.1,562.0,451.3,more than 500,0.6
3607452,male,384.9,431.3,444.4,201-500,-0.8
3607454,male,415.8,433.7,469.9,101-200,0.4
3607456,male,527.8,526.1,469.7,201-500,1.6
3607457,male,406.3,317.4,422.6,26-100,-0.5
3607459,female,483.1,526.2,574.9,26-100,0.2
3607460,female,474.7,603.0,503.8,201-500,0.7
3607462,male,479.3,415.1,515.4,101-200,0.3
3607463,female,414.7,397.3,354.8,more than 500,-0.1
3607465,female,491.3,528.9,507.4,26-100,0.9
3607468,male,464.0,437.4,483.3,201-500,0.3
3607469,male,703.7,623.9,585.6,201-500,1.6
3607471,male,522.1,613.3,565.2,201-500,0.4
3607472,male,364.4,403.1,365.6,101-200,-0.6
3607473,female,453.2,555.6,524.6,26-100,1.1
3607474,male,635.0,590.1,615.6,201-500,0.3
3607475,female,364.0,366.6,472.7,more than 500,1.1
3607477,female,428.6,490.2,461.1,more than 500,1.4
3607480,male,575.8,562.6,614.1,201-500,1.1
3607481,female,378.7,538.4,476.7,26-100,0.1
3607482,female,471.5,511.1,494.3,101-200,1.2
3607484,female,498.9,484.4,587.8,201-500,1.1
3607485,male,489.3,561.1,470.9,101-200,0.6
3607486,female,391.3,480.9,408.2,201-500,-0.8
3607487,female,577.3,582.0,606.6,101-200,-0.7
3607489,female,543.7,525.9,629.4,more than 500,0.7
3607491,female,194.2,284.8,356.9,11-25,-1.9
3607492,female,379.1,562.8,473.5,101-200,1.3
3607493,female,442.3,420.6,368.8,101-200,-0.1
3607495,male,761.5,711.4,772.9,201-500,1.1
3607496,female,568.1,689.2,677.3,26-100,0.9
3607497,female,529.1,576.4,552.0,more than 500,1.2
3607498,male,379.7,436.0,452.4,11-25,0.2
3607499,male,537.6,616.8,525.9,26-100,0.9
3607500,male,575.0,628.1,704.1,101-200,0.9
3607501,female,451.0,569.0,482.1,11-25,-1.0
3607502,female,516.4,649.2,574.6,more than 500,0.9
3607504,male,475.9,488.4,489.8,101-200,0.9
3607507,female,696.5,740.5,783.9,more than 500,1.4
3607508,male,420.3,414.3,489.5,26-100,-0.4
3607509,female,428.5,420.9,466.0,201-500,0.7
3607510,male,664.0,611.4,612.1,more than 500,1.0
3607513,male,529.4,467.8,579.4,101-200,0.0
3607514,male,419.6,397.5,459.0,11-25,-1.4
3607516,male,525.6,430.0,595.5,101-200,0.4
3607517,female,503.1,410.0,482.8,101-200,0.7
3607519,female,486.2,508.5,534.5,more than 500,1.3
3607521,female,609.6,671.5,707.7,more than 500,1.4
3607523,female,447.8,432.0,517.5,26-100,-0.3
3607526,female,489.7,569.4,481.4,more than 500,1.3
3607527,female,450.3,535.9,549.8,101-200,0.4
3607530,male,539.9,569.2,509.1,101-200,0.8
3607531,female,406.8,405.2,405.7,101-200,1.2
3607532,male,517.2,492.4,508.5,201-500,1.0
3607533,male,593.1,587.0,587.7,201-500,0.8
3607534,male,487.8,470.0,575.8,101-200,-0.2
3607538,female,408.6,485.7,384.6,101-200,-0.0
3607539,male,670.5,657.5,753.8,more than 500,1.0
3607541,male,576.3,500.2,593.1,26-100,0.9
3607542,female,510.1,611.5,448.3,101-200,1.0
3607543,male,457.3,410.5,389.0,101-200,0.3
3607544,male,380.1,318.1,474.8,101-200,0.6
3607546,male,552.8,527.3,575.8,201-500,0.9
3607547,female,509.0,503.2,499.4,201-500,-0.6
3607549,female,484.0,561.2,594.1,201-500,1.3
3607555,female,500.6,665.2,623.5,101-200,0.7
3607557,male,384.3,392.3,288.1,0-10,-1.4
3607558,male,612.3,643.3,563.0,101-200,0.7
3607559,male,463.9,537.7,543.2,11-25,-0.9
3607563,male,574.1,662.9,621.4,201-500,0.6
3607564,female,399.9,560.5,443.1,201-500,-0.1
3607566,male,657.5,636.4,665.9,201-500,0.9
3607568,male,315.1,306.2,328.3,0-10,0.2
3607569,male,335.7,337.2,293.5,101-200,-1.0
3607570,male,485.8,486.5,413.8,26-100,-0.3
3607572,female,473.4,629.0,490.9,201-500,0.7
3607576,female,375.6,431.6,376.7,201-500,0.4
3607578,female,455.4,538.9,479.7,11-25,0.6
3607579,male,419.4,400.1,493.8,101-200,0.8
3607582,male,262.3,284.3,324.6,11-25,-0.7
3607583,male,486.5,443.2,302.6,26-100,0.8
3607584,male,411.7,485.3,535.3,201-500,-1.4
3607585,female,442.8,463.4,410.5,201-500,1.4
3607587,female,441.9,463.1,531.0,201-500,1.4
3607591,female,515.7,539.1,541.5,more than 500,-0.2
3607592,male,399.8,423.2,480.7,11-25,-0.8
3607594,male,391.3,401.9,486.2,0-10,-0.2
3607595,male,520.5,492.5,573.2,26-100,-0.2
3607596,female,406.6,341.9,409.1,201-500,0.0
3607602,female,353.5,258.9,364.9,101-200,-0.6
3607603,male,484.1,579.7,630.4,0-10,-1.5
3607605,male,358.9,357.0,433.5,201-500,-0.1
3607607,male,293.1,345.0,359.6,0-10,-0.8
3607608,female,540.6,579.1,615.0,201-500,-0.5
3607609,female,614.8,589.9,660.5,more than 500,0.7
3607613,male,533.5,601.0,528.6,201-500,0.6
3607614,male,369.2,352.2,510.7,more than 500,1.3
3607619,female,519.9,613.0,605.0,201-500,1.0
3607620,female,494.8,567.4,562.7,11-25,0.6
3607621,female,441.4,436.2,410.1,26-100,-0.1
3607625,female,396.1,457.5,400.9,more than 500,0.3
3607626,male,538.6,405.9,507.2,11-25,1.2
3607628,female,547.6,705.8,569.9,more than 500,0.6
3607630,male,446.0,593.1,477.0,201-500,0.2
3607631,female,444.1,408.9,395.5,101-200,1.1
3607632,male,418.0,518.8,416.7,more than 500,0.8
3607633,female,493.0,498.9,538.5,101-200,-1.8
3607635,male,596.7,509.6,570.7,201-500,0.8
3607636,female,616.4,716.4,708.7,more than 500,0.8
3607637,male,489.3,666.2,556.9,11-25,-0.0
3607638,female,391.1,434.1,389.4,201-500,1.2
3607640,female,494.8,472.7,476.3,11-25,0.4
3607641,male,648.6,632.7,645.9,101-200,0.8
3607644,female,324.1,342.0,336.6,0-10,-0.3
3607645,female,401.8,451.3,368.9,101-200,-2.2
3607646,male,509.2,543.9,560.4,101-200,-0.7
3607647,male,441.9,462.2,424.4,101-200,-0.6
3607649,female,429.6,542.0,476.8,26-100,-1.9
3607650,male,466.1,546.6,485.6,26-100,-0.7
3607651,female,642.9,719.3,663.2,more than 500,1.8
3607652,male,532.9,446.3,603.5,26-100,0.6
3607654,male,478.1,461.3,441.6,0-10,-1.4
3607656,male,543.5,496.2,579.7,more than 500,0.5
3607657,female,496.2,548.0,544.5,101-200,0.8
3607658,female,450.1,425.6,483.3,26-100,1.2
3607660,female,411.0,313.6,427.1,101-200,0.5
3607661,male,641.9,498.2,624.6,101-200,1.3
3607662,female,350.4,296.2,271.1,201-500,0.3
3607663,male,458.7,454.4,506.1,11-25,-1.1
3607665,male,405.9,516.2,459.6,101-200,0.6
3607666,male,476.8,447.3,469.6,101-200,0.9
3607667,female,437.0,476.9,410.1,101-200,-0.8
3607668,male,477.7,493.2,496.0,more than 500,0.9
3607669,female,319.1,431.6,357.2,26-100,1.0
3607672,female,400.5,461.2,383.7,101-200,-0.3
3607675,male,519.6,457.9,541.0,201-500,0.3
3607677,male,331.3,326.7,331.2,26-100,0.5
3607678,male,403.4,446.8,374.1,11-25,-0.4
3607681,female,414.8,561.6,568.4,26-100,0.1
3607683,male,346.2,312.5,331.5,101-200,0.9
3607685,male,555.5,670.8,618.7,201-500,0.9
3607687,female,479.8,568.7,586.4,201-500,-0.6
3607689,female,543.8,443.3,489.5,101-200,-0.3
3607692,female,497.3,614.3,624.0,101-200,0.4
3607694,female,575.4,451.1,541.0,101-200,0.9
3607695,male,443.3,426.0,321.2,11-25,0.5
3607697,female,567.1,624.6,572.2,more than 500,1.5
3607702,female,581.6,545.1,618.2,26-100,0.1
3607706,female,506.1,442.5,502.7,11-25,0.4
3607707,male,475.0,414.1,501.7,201-500,1.0
3607709,female,325.3,404.9,319.1,101-200,0.7
3607710,female,491.2,575.0,459.1,11-25,-0.2
3607713,male,516.3,488.2,462.4,26-100,0.4
3607714,female,438.6,373.4,376.7,101-200,1.1
3607716,male,365.9,297.5,374.1,11-25,-0.2
3607717,male,486.1,590.2,493.6,201-500,0.3
3607719,male,414.5,391.7,421.3,26-100,0.7
3607720,female,395.0,369.5,381.3,201-500,-0.4
3607721,female,336.8,428.8,386.8,more than 500,-0.2
3607722,male,645.6,606.2,607.9,101-200,0.6
3607723,male,445.8,479.6,447.4,26-100,-1.3
3607725,female,347.5,350.5,299.9,26-100,0.0
3607728,female,776.5,770.6,707.8,more than 500,2.0
3607729,male,458.7,434.5,455.3,0-10,0.9
3607731,male,443.3,362.0,443.7,101-200,-0.0
3607732,male,497.8,477.3,518.0,more than 500,1.4
3607733,female,576.0,732.3,656.2,101-200,0.6
3607736,female,576.1,645.0,608.5,201-500,1.7
3607737,male,394.6,434.3,379.5,201-500,-0.5
3607738,male,416.9,342.2,482.8,11-25,-1.2
3607739,female,352.6,466.7,384.4,201-500,-1.1
3607740,female,566.4,551.2,551.9,more than 500,1.2
3607742,female,527.7,635.4,559.4,101-200,-0.7
3607745,female,543.8,540.3,551.0,101-200,0.4
3607747,male,574.2,574.3,608.5,201-500,0.4
3607748,male,460.1,574.1,432.3,11-25,0.5
3607750,male,566.7,492.2,563.1,26-100,0.7
3607752,male,671.5,616.0,618.4,101-200,1.3
3607753,male,472.2,459.9,423.2,101-200,1.0
3607757,male,422.4,353.4,509.3,26-100,-0.9
3607758,male,391.6,395.7,460.2,26-100,-0.5
3607759,male,460.3,447.4,510.3,26-100,0.9
3607763,female,492.4,458.0,531.9,101-200,1.5
3607764,female,541.8,589.9,594.8,101-200,1.0
3607768,male,616.0,678.9,589.8,101-200,-0.2
3607769,female,487.0,502.0,455.5,101-200,0.9
3607770,female,428.8,405.7,511.9,201-500,-0.3
3607771,female,656.4,718.2,791.1,201-500,1.1
3607773,male,491.9,442.8,446.4,201-500,0.8
3607777,male,370.5,341.2,350.0,26-100,-0.0
3607779,male,502.6,575.4,581.2,101-200,1.0
3607780,male,582.8,599.1,622.6,101-200,1.1
3607781,female,515.1,513.1,564.1,201-500,1.4
3607782,male,577.9,490.3,556.8,101-200,-0.1
3607783,female,505.6,401.7,556.5,101-200,0.3
3607786,male,536.5,520.2,484.8,more than 500,1.4
3607788,male,588.4,561.3,628.7,101-200,1.1
3607791,female,320.5,353.6,353.7,101-200,-1.8
3607794,male,491.6,541.8,491.6,26-100,-0.5
3607795,male,473.1,441.1,578.1,101-200,-0.4
3607797,male,446.8,365.2,430.4,201-500,0.8
3607799,male,392.9,354.4,352.8,101-200,1.4
3607800,male,641.5,680.0,565.6,101-200,0.7
3607801,male,319.5,358.7,276.5,11-25,-0.2
3607802,female,443.0,469.9,361.5,101-200,0.7
3607805,male,557.3,503.2,459.6,more than 500,0.7
3607806,female,589.5,679.8,599.9,101-200,0.9
3607807,female,548.1,584.4,612.3,26-100,0.4
3607808,male,642.6,560.3,660.8,more than 500,1.5
3607810,female,429.4,331.6,407.9,101-200,0.7
3607812,female,652.1,709.4,751.7,11-25,-0.9
3607814,male,613.3,593.1,609.2,101-200,-0.9
3607816,female,339.9,281.4,443.3,11-25,0.7
3607817,male,422.2,487.0,477.5,101-200,-0.1
3607818,male,463.4,555.5,520.9,201-500,0.8
3607819,male,519.9,474.0,545.1,26-100,-1.0
3607820,female,389.1,424.6,354.1,101-200,-0.2
3607822,female,417.4,386.8,496.0,101-200,1.1
3607823,female,374.0,420.4,333.0,26-100,-0.6
3607825,male,387.0,490.6,465.7,101-200,0.8
3607826,male,402.7,311.4,371.9,11-25,1.1
3607827,male,374.3,335.8,441.8,11-25,0.6
3607828,female,598.5,703.1,649.6,201-500,0.9
3607829,male,656.7,655.1,683.9,26-100,0.7
3607830,female,610.0,664.3,613.4,201-500,0.4
3607831,male,434.8,457.3,421.3,11-25,-0.5
3607833,male,639.5,658.3,595.4,more than 500,1.3
3607834,male,411.1,420.8,482.5,101-200,0.9
3607835,female,536.2,648.5,579.3,101-200,0.9
3607836,male,716.6,663.8,757.0,more than 500,1.6
3607838,female,549.1,565.0,606.0,more than 500,1.2
3607839,male,463.5,444.9,417.4,101-200,0.7
3607841,male,485.6,358.1,479.5,101-200,0.7
3607844,female,464.8,604.0,451.0,11-25,-0.6
3607847,male,404.7,338.5,348.3,101-200,-0.1
3607848,male,467.6,574.3,594.0,101-200,-0.2
3607849,male,712.2,637.6,693.0,11-25,0.8
3607850,female,362.9,454.8,433.8,201-500,1.4
3607851,male,470.2,510.4,529.0,101-200,0.1
3607853,male,688.6,644.9,710.3,201-500,1.5
3607854,female,483.8,520.7,592.5,more than 500,1.4
3607855,male,445.0,379.6,439.0,0-10,-6.1
3607856,male,566.4,571.8,552.5,26-100,0.2
3607857,female,387.0,430.5,377.2,201-500,-1.4
3607858,male,478.3,514.2,558.6,201-500,0.9
3607859,male,580.2,618.7,577.4,26-100,0.5
3607860,male,452.5,503.0,397.6,101-200,1.0
3607861,male,602.2,608.7,580.8,201-500,1.2
3607863,male,491.8,446.0,456.4,101-200,0.8
3607864,male,422.9,378.1,368.7,more than 500,0.2
3607865,female,406.7,455.2,478.7,more than 500,0.1
3607866,female,526.7,603.2,547.5,more than 500,0.9
3607867,male,525.3,547.7,524.1,101-200,1.4
3607868,female,404.7,345.5,383.2,101-200,0.6
3607871,male,413.9,354.7,441.0,11-25,-0.4
3607872,female,574.9,612.3,623.2,more than 500,1.4
3607873,male,602.2,629.9,612.3,26-100,1.1
3607874,male,520.3,521.7,557.3,26-100,-1.3
3607875,male,541.7,590.4,688.4,more than 500,0.7
3607876,male,451.2,523.6,391.8,11-25,0.2
3607877,female,422.1,460.4,389.2,11-25,-1.3
3607879,female,585.5,569.9,718.1,201-500,1.7
3607880,male,391.2,413.8,352.8,26-100,-0.3
3607882,female,480.1,505.2,519.3,201-500,1.1
3607883,male,426.8,361.4,424.3,101-200,0.6
3607884,female,432.5,374.7,419.3,201-500,0.2
3607886,female,409.2,545.1,423.0,101-200,1.0
3607888,male,552.8,549.0,545.7,101-200,0.6
3607889,female,448.8,498.7,542.1,26-100,-0.2
3607892,male,527.0,402.0,541.0,201-500,0.9
3607895,male,399.5,440.3,443.9,more than 500,0.3
3607896,female,537.1,557.8,539.5,201-500,-0.0
3607898,female,381.2,457.6,385.2,101-200,-0.8
3607899,male,532.5,559.4,608.2,more than 500,1.0
3607900,female,351.4,386.2,353.3,26-100,0.3
3607903,male,483.4,434.1,574.1,201-500,0.9
3607905,male,467.9,554.2,494.2,26-100,0.3
3607906,male,592.3,615.7,645.0,201-500,0.5
3607907,male,311.5,359.6,390.3,26-100,-0.2
3607908,male,358.9,391.9,358.9,201-500,0.9
3607909,male,472.6,572.5,459.4,201-500,1.2
3607910,female,546.2,531.1,490.0,101-200,0.3
3607911,male,470.3,478.5,528.3,more than 500,0.7
3607912,female,631.0,580.9,663.0,201-500,1.1
3607913,male,380.8,302.7,351.7,101-200,-0.3
3607915,female,390.8,481.2,436.8,101-200,0.6
3607916,female,595.3,579.9,590.7,101-200,1.1
3607917,female,475.2,565.3,508.5,26-100,0.9
3607918,male,535.5,562.5,523.5,101-200,-0.3
3607920,female,512.3,511.6,566.9,more than 500,0.2
3607921,female,504.5,562.8,430.3,101-200,0.9
3607922,male,576.0,656.2,645.5,101-200,1.0
3607923,female,470.6,470.2,514.3,201-500,0.0
3607926,female,459.2,587.0,506.7,11-25,-1.2
3607927,male,538.9,584.2,592.1,101-200,-0.3
3607928,female,293.4,340.7,369.8,26-100,-1.7
3607929,female,522.4,540.0,586.8,201-500,1.3
3607930,female,340.7,368.5,364.1,201-500,-0.9
3607931,female,407.5,439.0,523.1,101-200,0.0
3607933,female,391.8,379.5,366.3,101-200,-0.4
3607935,male,485.4,496.9,611.8,101-200,0.3
3607937,male,388.3,375.3,278.2,101-200,-0.6
3607939,male,683.0,676.0,615.7,101-200,1.2
3607940,male,569.3,495.1,525.2,101-200,0.6
3607944,male,502.8,562.0,560.3,201-500,-0.3
3607951,female,411.7,443.5,381.4,more than 500,0.7
3607952,male,350.6,417.5,351.1,26-100,0.6
3607956,female,631.8,573.8,616.2,201-500,1.1
3607957,female,266.0,384.5,303.8,201-500,0.3
3607959,female,494.2,625.2,498.4,101-200,1.1
3607960,female,651.4,580.6,705.8,11-25,-0.6
3607967,male,618.0,585.7,576.8,201-500,-0.3
3607969,female,543.3,580.3,625.9,201-500,0.6
3607972,male,486.5,511.3,450.5,201-500,0.8
3607973,male,408.0,405.0,495.7,101-200,1.0
3607974,male,521.1,507.9,507.3,101-200,1.0
3607977,female,617.9,587.8,647.1,101-200,-0.1
3607978,male,576.5,619.4,578.0,201-500,1.3
3607980,female,589.4,642.7,590.0,more than 500,0.8
3607981,female,573.0,660.0,599.0,101-200,1.0
3607984,male,476.5,550.4,483.4,101-200,0.8
3607985,male,453.4,407.8,338.7,101-200,0.4
3607986,male,477.4,453.6,598.6,201-500,1.0
3607987,female,536.3,495.1,612.9,101-200,0.6
3607990,male,716.9,642.6,729.1,more than 500,1.3
3607992,male,487.3,470.9,621.1,101-200,0.2
3607994,male,746.5,673.8,743.7,101-200,1.2
3607996,female,530.6,578.8,613.8,more than 500,0.7
3607997,female,606.4,674.8,709.5,26-100,0.6
3607998,male,642.5,620.0,682.8,101-200,-1.0
3608001,female,624.3,616.2,629.7,101-200,0.9
3608004,male,421.7,399.2,414.9,0-10,0.1
3608005,female,428.0,469.1,354.6,more than 500,1.3
3608006,female,501.0,458.1,492.3,101-200,0.4
3608007,male,591.1,578.1,560.1,201-500,1.6
3608009,female,567.0,482.0,577.1,201-500,0.5
3608010,female,558.3,477.3,529.7,101-200,-0.0
3608011,female,466.7,423.2,566.3,11-25,0.3
3608012,female,516.7,489.3,530.6,101-200,1.1
3608013,male,370.6,372.7,414.1,101-200,1.1
3608016,female,417.9,436.9,420.9,101-200,0.7
3608017,female,609.3,560.0,660.4,more than 500,-0.5
3608018,female,549.2,598.7,606.5,26-100,0.3
3608019,male,288.8,344.6,364.3,11-25,-1.6
3608021,female,551.1,497.1,571.0,26-100,-0.5
3608023,female,389.3,393.9,306.8,26-100,-0.2
3608024,male,539.4,553.9,556.0,26-100,-1.6
3608025,female,477.3,549.4,497.4,101-200,0.9
3608026,male,457.2,505.6,566.1,101-200,0.1
3608027,female,604.3,561.7,664.7,26-100,0.3
3608028,male,555.4,553.7,555.4,101-200,0.5
3608029,female,480.4,484.9,500.7,26-100,-0.8
3608030,male,465.2,490.6,312.2,101-200,0.4
3608032,male,695.1,674.9,682.9,201-500,1.5
3608035,male,632.8,548.2,621.8,26-100,0.4
3608036,female,389.3,345.0,374.1,26-100,-0.3
3608037,female,511.6,583.8,576.9,101-200,1.3
3608040,male,384.7,442.3,353.4,26-100,0.5
3608041,male,363.8,355.8,380.4,101-200,0.2
3608044,female,408.9,479.1,454.2,26-100,-1.2
3608046,male,508.9,489.1,500.9,201-500,1.0
3608047,male,339.2,383.3,309.6,26-100,1.4
3608048,male,585.0,774.3,650.9,101-200,1.0
3608049,male,651.9,744.0,694.2,more than 500,1.2
3608052,female,544.2,625.4,608.0,201-500,1.3
3608054,male,362.8,375.8,326.3,26-100,-0.1
3608059,male,516.4,496.3,454.1,101-200,0.8
3608060,male,441.8,473.7,467.2,101-200,-0.1
3608063,female,367.5,411.4,431.6,201-500,-0.9
3608064,female,292.3,262.7,277.5,11-25,-2.1
3608065,female,402.0,472.5,386.1,101-200,1.1
3608066,male,525.2,491.2,513.6,101-200,1.0
3608067,female,614.2,665.7,627.3,more than 500,1.2
3608068,male,433.9,394.2,434.6,101-200,0.9
3608070,male,530.1,585.8,612.0,101-200,1.0
3608071,male,508.2,520.9,531.6,26-100,-0.3
3608072,male,490.2,531.6,505.9,more than 500,0.9
3608074,female,585.2,687.6,630.9,11-25,0.5
3608075,female,429.6,573.7,471.9,201-500,1.1
3608076,male,544.5,540.9,658.4,201-500,1.6
3608077,male,593.4,594.1,638.3,201-500,0.9
3608080,male,429.1,428.2,467.4,101-200,0.5
3608081,female,399.7,307.4,484.3,101-200,0.5
3608083,male,293.2,308.3,347.7,0-10,-0.0
3608084,female,526.4,563.9,643.3,201-500,0.9
3608085,male,361.0,351.7,389.2,26-100,-0.4
3608086,female,486.2,482.4,493.3,26-100,1.0
3608087,male,716.3,649.4,749.2,201-500,1.4
3608088,female,505.6,529.1,558.3,more than 500,-0.5
3608089,male,411.8,434.7,533.0,101-200,0.6
3608090,male,355.7,328.4,376.9,0-10,-1.1
3608091,male,555.5,579.1,636.6,11-25,-0.1
3608092,female,493.4,539.0,560.9,101-200,1.3
3608093,male,382.9,446.1,335.6,201-500,1.3
3608094,male,347.8,370.9,424.1,101-200,-0.1
3608098,male,584.6,580.8,639.0,101-200,0.5
3608100,male,578.4,536.6,564.2,26-100,-1.3
3608105,male,544.8,554.4,623.9,101-200,0.6
3608108,male,494.0,483.1,468.3,201-500,1.8
3608112,male,595.6,586.0,637.3,201-500,1.4
3608114,female,562.1,548.8,500.0,more than 500,1.4
3608115,male,449.8,393.7,498.9,201-500,1.5
3608116,female,394.4,458.0,461.9,0-10,-0.9
3608117,female,497.9,493.8,477.2,201-500,1.2
3608120,male,579.7,566.4,590.8,101-200,-1.3
3608121,female,495.0,730.9,559.8,201-500,0.6
3608123,female,430.9,526.1,469.8,101-200,0.0
3608124,female,426.0,427.3,524.8,101-200,0.1
3608125,male,382.0,337.1,432.8,101-200,-0.0
3608127,male,410.6,404.6,460.4,0-10,-1.4
3608135,female,339.6,501.3,462.2,26-100,0.4
3608138,male,441.3,591.5,451.3,201-500,1.0
3608141,female,382.6,491.6,371.8,26-100,-0.7
3608142,female,514.3,624.4,566.2,201-500,0.6
3608143,male,404.4,425.8,383.0,101-200,-0.6
3608144,female,538.8,396.8,526.8,more than 500,1.2
3608146,female,376.1,481.3,408.9,201-500,1.2
3608147,male,316.2,383.6,359.5,26-100,-3.4
3608148,female,502.8,579.0,572.6,201-500,1.0
3608149,male,538.7,515.6,457.2,26-100,0.6
3608150,male,386.4,574.3,465.3,101-200,0.8
3608154,male,613.5,508.3,610.3,201-500,1.5
3608155,female,518.6,603.0,488.6,201-500,1.1
3608157,male,523.3,490.5,534.5,101-200,-1.4
3608163,male,449.4,395.5,505.0,201-500,-0.1
3608164,male,551.3,646.0,607.1,26-100,0.4
3608166,female,534.1,528.0,634.5,101-200,-0.3
3608167,male,559.4,536.1,585.4,201-500,0.3
3608169,male,550.8,683.8,578.5,201-500,0.1
3608170,male,329.5,237.4,376.8,26-100,0.7
3608173,female,493.8,597.8,500.6,101-200,-0.2
3608176,female,434.0,536.7,444.0,26-100,-0.3
3608178,female,561.1,529.3,601.7,101-200,0.9
3608179,male,643.1,567.8,695.6,201-500,0.9
3608180,male,627.1,521.9,664.8,201-500,1.4
3608181,female,538.8,607.0,519.9,more than 500,1.1
3608183,female,563.5,627.0,654.7,26-100,-0.6
3608186,male,336.7,343.5,360.1,0-10,-0.5
3608189,male,583.4,518.4,551.4,101-200,0.7
3608190,female,586.3,620.8,646.0,101-200,1.4
3608191,male,425.6,430.3,514.5,26-100,0.7
3608193,male,396.0,326.9,339.7,11-25,0.4
3608195,female,406.0,414.1,408.9,26-100,-0.2
3608196,female,481.1,571.8,475.6,101-200,0.3
3608199,female,506.6,571.6,556.3,101-200,0.6
3608201,male,510.7,587.2,509.8,201-500,1.0
3608203,male,562.2,546.4,665.5,101-200,0.5
3608204,female,467.1,447.1,495.6,26-100,-1.0
3608206,male,580.4,584.0,604.7,26-100,0.2
3608209,female,635.8,661.4,580.9,more than 500,0.8
3608210,male,593.0,579.3,567.1,101-200,1.2
3608211,male,517.1,585.4,582.7,101-200,0.8
3608213,male,563.4,545.6,636.0,101-200,0.3
3608216,female,609.6,584.6,700.9,more than 500,1.1
3608217,female,297.9,347.0,357.4,more than 500,0.3
3608218,male,418.7,349.0,439.2,26-100,0.9
3608219,female,566.4,529.4,533.2,101-200,0.9
3608220,male,576.5,568.4,561.2,201-500,1.3
3608222,female,425.3,496.2,355.7,101-200,0.7
3608224,male,416.5,396.8,489.0,101-200,0.8
3608225,female,400.1,407.0,449.3,26-100,-0.4
3608227,male,609.8,579.5,594.5,more than 500,1.2
3608228,female,435.5,425.3,451.3,101-200,1.2
3608230,male,343.3,353.9,416.1,26-100,0.5
3608232,female,430.1,462.0,465.5,11-25,-0.3
3608235,male,489.2,464.5,459.4,26-100,-0.8
3608236,female,463.1,470.1,418.0,0-10,1.0
3608238,female,631.9,711.2,611.3,101-200,1.3
3608239,male,543.9,606.6,613.0,101-200,1.2
3608240,female,331.4,402.5,383.6,0-10,-0.5
3608241,female,676.6,624.6,647.6,101-200,1.2
3608242,female,420.3,372.1,391.9,26-100,-0.2
3608245,male,771.9,754.5,761.4,201-500,1.2
3608248,male,405.8,411.1,430.9,101-200,0.9
3608249,female,569.5,590.0,558.9,more than 500,0.4
3608251,female,517.0,530.4,536.5,101-200,0.8
3608252,male,409.5,515.6,484.3,101-200,1.2
3608253,female,439.4,428.8,440.6,201-500,1.3
3608258,female,290.4,278.4,292.5,26-100,0.6
3608259,female,453.7,445.6,473.5,26-100,-2.0
3608260,female,429.4,413.9,504.7,26-100,0.9
3608261,female,579.3,595.4,543.1,101-200,-0.6
3608263,female,380.9,452.2,452.3,more than 500,0.1
3608264,female,590.1,565.8,550.6,201-500,-0.0
3608265,male,489.1,526.8,533.8,101-200,1.1
3608266,female,362.7,271.8,330.1,11-25,-0.6
3608268,male,528.6,512.6,533.1,26-100,0.8
3608270,male,437.1,445.0,512.8,11-25,-0.2
3608273,female,489.0,576.6,531.1,more than 500,0.4
3608275,male,415.7,362.9,383.3,101-200,0.2
3608276,male,479.3,485.6,602.6,101-200,1.5
3608277,male,550.5,542.5,460.1,201-500,1.0
3608278,female,472.3,496.0,513.0,11-25,-2.3
3608279,female,448.2,521.5,439.5,11-25,-0.6
3608280,male,334.5,372.8,399.8,101-200,-0.8
3608281,female,451.6,417.7,470.5,101-200,0.7
3608282,female,494.4,475.3,522.6,more than 500,1.4
3608284,male,630.9,698.7,695.2,101-200,0.7
3608285,female,540.8,548.3,558.5,101-200,0.1
3608286,male,374.7,295.9,347.6,0-10,-1.1
3608288,male,624.0,586.1,563.8,101-200,0.9
3608289,female,571.4,557.6,597.0,more than 500,1.3
3608291,female,685.3,774.7,739.9,more than 500,1.0
3608293,female,360.2,378.3,323.6,101-200,0.1
3608294,male,601.2,647.0,621.7,more than 500,1.3
3608295,female,360.7,329.8,478.7,11-25,-0.6
3608300,female,443.6,449.0,424.9,more than 500,1.0
3608305,female,723.1,764.7,821.1,more than 500,0.8
3608306,male,500.6,537.0,482.0,201-500,0.9
3608307,male,600.4,624.5,525.1,201-500,1.2
3608310,female,507.8,485.9,493.0,201-500,0.6
3608311,female,642.9,582.8,615.0,201-500,0.9
3608312,male,539.7,528.5,632.7,101-200,0.5
3608313,male,679.1,619.2,691.7,101-200,0.8
3608314,female,521.4,582.1,677.4,more than 500,1.2
3608315,female,558.5,539.6,531.4,more than 500,1.5
3608316,male,537.5,553.8,576.6,26-100,-0.3
3608317,male,380.9,311.0,433.4,26-100,-0.1
3608319,male,305.2,278.6,325.3,201-500,0.9
3608321,female,352.0,442.3,338.9,101-200,-1.4
3608322,male,468.4,490.9,458.0,26-100,0.5
3608324,male,494.3,551.8,562.8,101-200,1.2
3608325,female,642.4,735.6,732.2,101-200,1.1
3608326,female,474.8,536.8,512.6,101-200,1.0
3608327,male,458.9,332.6,368.2,101-200,-0.7
3608329,female,329.2,417.2,320.4,more than 500,-0.6
3608333,female,518.7,522.1,470.9,201-500,0.9
3608335,female,542.8,544.6,641.9,201-500,0.8
3608338,male,409.4,418.5,354.8,26-100,-0.0
3608339,female,381.9,466.7,444.0,201-500,-0.8
3608340,male,431.9,342.8,365.5,11-25,0.8
3608343,male,454.7,403.5,427.7,11-25,-0.5
3608344,female,570.2,556.2,561.9,more than 500,1.0
3608345,female,346.2,397.8,321.6,26-100,-0.1
3608348,male,356.7,368.7,343.0,26-100,1.8
3608349,male,527.1,553.9,592.1,more than 500,1.1
3608350,female,472.4,534.8,571.0,201-500,-0.3
3608351,female,454.7,522.8,514.8,26-100,0.5
3608353,female,452.9,465.9,523.3,more than 500,0.9
3608354,male,507.6,677.8,624.8,201-500,1.2
3608355,male,518.2,583.6,623.2,101-200,-0.8
3608356,female,383.1,460.4,391.5,101-200,-0.3
3608357,male,314.7,221.5,366.2,11-25,0.4
3608358,male,482.9,334.5,383.0,101-200,-0.2
3608360,male,470.7,474.4,553.0,26-100,0.3
3608363,male,472.0,381.7,517.4,0-10,0.4
3608364,female,451.1,472.8,492.0,101-200,-0.7
3608365,female,386.0,458.2,371.7,more than 500,1.2
3608367,male,530.6,524.9,615.6,26-100,-0.0
3608368,male,351.8,313.7,325.4,11-25,0.9
3608370,male,380.9,330.3,406.0,11-25,-2.1
3608372,male,406.4,391.1,466.0,0-10,-1.0
3608374,female,509.1,489.2,545.1,101-200,1.0
3608375,male,621.8,625.9,612.2,201-500,0.3
3608378,male,573.1,357.7,592.9,26-100,0.2
3608380,male,393.5,429.9,435.3,0-10,-2.1
3608383,male,462.9,529.5,499.3,101-200,1.0
3608384,female,403.8,542.4,497.4,201-500,-0.4
3608387,male,576.1,596.2,632.2,more than 500,0.9
3608388,male,578.4,543.4,699.8,201-500,0.6
3608389,male,712.9,683.8,754.5,more than 500,1.7
3608391,female,451.1,412.1,416.0,201-500,1.1
3608392,female,406.5,482.5,402.6,201-500,1.1
3608394,male,467.1,459.5,477.6,26-100,0.5
3608395,female,707.3,698.2,740.5,201-500,1.1
3608396,male,596.2,490.6,567.2,26-100,1.2
3608399,female,499.4,571.4,473.7,11-25,-0.4
3608400,male,437.4,527.0,510.7,101-200,-0.2
3608403,female,425.5,418.6,406.4,26-100,-0.9
3608404,male,308.4,118.8,286.7,11-25,-0.6
3608406,female,533.7,564.6,543.3,201-500,1.1
3608407,male,395.5,409.4,346.8,26-100,-1.2
3608408,male,484.3,600.5,493.5,more than 500,1.2
3608409,male,371.7,421.6,439.1,0-10,-1.6
3608410,female,603.9,603.7,650.9,more than 500,1.3
3608411,female,435.9,419.5,388.2,201-500,0.3
3608413,male,527.0,512.4,516.9,201-500,1.3
3608415,male,663.8,741.8,680.2,101-200,-0.3
3608416,male,385.7,409.2,329.3,11-25,-1.2
3608417,female,436.8,579.0,475.2,more than 500,0.1
3608418,female,427.4,511.9,399.1,101-200,-1.4
3608421,male,382.8,447.9,492.0,201-500,1.1
3608423,male,389.9,472.7,389.6,101-200,-0.5
3608424,female,477.0,520.8,471.1,201-500,0.1
3608425,female,424.8,446.6,465.5,11-25,-0.1
3608427,male,546.4,553.9,546.2,more than 500,1.9
3608428,female,537.8,507.9,686.0,201-500,1.0
3608429,male,645.3,666.6,685.5,201-500,1.4
3608431,male,640.8,786.7,659.8,more than 500,1.1
3608433,male,664.2,666.8,650.4,201-500,0.9
3608437,female,530.0,468.2,536.8,201-500,0.8
3608440,female,371.8,447.8,476.6,more than 500,0.8
3608441,male,560.3,616.1,583.0,101-200,1.0
3608442,female,516.5,534.6,608.6,more than 500,1.1
3608444,female,618.9,571.8,598.0,26-100,-0.0
3608446,male,339.4,440.7,308.0,more than 500,0.7
3608449,male,424.4,491.4,481.1,201-500,0.7
3608452,female,577.8,590.3,550.6,11-25,0.4
3608455,male,487.1,531.8,530.5,26-100,0.7
3608459,male,627.0,587.9,565.4,101-200,-1.3
3608460,female,595.9,543.6,646.6,101-200,0.4
3608461,male,470.7,399.9,369.1,201-500,0.7
3608462,female,423.7,443.3,526.7,26-100,0.8
3608467,female,644.9,746.1,740.4,201-500,0.6
3608468,female,506.8,589.9,463.8,26-100,0.1
3608469,male,445.8,466.6,517.2,26-100,-0.7
3608470,female,470.4,604.2,464.3,201-500,0.8
3608472,female,518.0,485.3,519.6,101-200,0.5
3608473,female,503.0,579.9,566.1,101-200,0.9
3608477,female,552.2,623.2,566.6,101-200,0.3
3608478,male,378.9,454.2,330.4,11-25,0.4
3608481,female,516.0,556.7,612.1,201-500,1.2
3608482,male,582.7,487.4,606.1,201-500,-0.4
3608483,male,407.7,401.1,437.7,26-100,-1.0
3608485,male,539.0,528.3,537.0,26-100,0.3
3608487,female,429.1,383.9,420.8,26-100,-0.1
3608488,female,424.4,458.9,462.8,more than 500,1.6
3608493,female,333.1,442.1,360.4,26-100,-0.4
3608494,female,561.6,637.6,574.4,101-200,1.0
3608496,male,503.6,501.4,528.5,11-25,0.5
3608497,female,502.9,577.2,519.6,more than 500,1.3
3608499,male,439.4,395.2,485.6,26-100,-1.1
3608500,female,432.3,495.5,517.6,101-200,0.7
3608502,female,415.2,526.0,469.7,26-100,-0.6
3608504,male,576.3,552.5,680.6,101-200,0.6
3608505,female,478.6,540.3,555.7,more than 500,1.5
3608506,female,343.6,389.9,419.4,11-25,0.0
3608508,male,439.8,543.4,544.1,101-200,0.2
3608509,male,490.2,598.9,604.4,101-200,0.9
3608510,female,528.1,536.4,515.1,0-10,0.2
3608511,male,507.2,583.7,560.3,101-200,-0.1
3608513,female,430.7,400.3,387.1,26-100,-0.5
3608514,male,565.9,438.7,569.8,more than 500,1.3
3608516,female,608.0,519.6,519.2,0-10,-0.8
3608520,female,526.6,570.7,599.2,201-500,0.7
3608521,male,505.4,465.3,495.4,more than 500,0.3
3608522,female,503.5,620.5,512.6,more than 500,1.3
3608525,female,591.2,728.3,639.8,more than 500,0.4
3608527,male,627.1,640.0,624.8,201-500,0.4
3608528,female,445.4,501.9,581.9,101-200,0.8
3608529,male,318.1,285.7,295.4,101-200,0.2
3608531,female,374.4,404.2,428.7,11-25,-0.7
3608534,male,527.4,538.9,546.0,26-100,0.4
3608536,female,553.5,515.3,608.8,101-200,0.2
3608540,female,438.0,478.0,544.6,101-200,0.6
3608541,male,617.0,579.4,593.1,101-200,0.5
3608542,male,459.0,424.7,510.5,0-10,-0.6
3608543,female,619.5,659.3,632.8,101-200,1.2
3608545,female,465.0,539.4,526.7,more than 500,-0.3
3608546,male,492.2,545.0,526.3,26-100,1.3
3608548,female,472.3,545.4,538.4,101-200,-0.8
3608550,male,612.0,636.5,640.9,201-500,0.7
3608551,female,465.0,539.7,514.7,more than 500,1.7
3608552,male,517.8,573.3,570.8,201-500,0.4
3608553,female,509.3,510.4,536.7,201-500,1.2
3608554,male,415.4,449.5,411.9,201-500,1.6
3608555,female,459.4,487.1,448.9,101-200,0.6
3608557,male,623.6,609.2,602.5,201-500,0.9
3608558,female,551.7,656.2,595.7,26-100,0.0
3608561,female,459.7,520.2,598.4,201-500,-0.7
3608562,female,569.7,525.8,430.9,26-100,-0.5
3608563,female,489.6,500.5,560.6,101-200,0.2
3608565,male,494.8,480.1,544.7,101-200,-0.3
3608566,male,432.9,453.1,422.5,101-200,-0.8
3608569,female,429.6,471.1,445.6,26-100,0.3
3608571,female,414.7,487.6,505.6,11-25,0.3
3608572,female,470.1,542.9,549.9,101-200,-0.4
3608573,male,439.7,349.6,441.9,11-25,-1.7
3608575,female,473.6,455.0,387.8,101-200,0.2
3608576,female,494.0,560.4,596.5,26-100,1.1
3608577,female,243.2,411.3,331.5,26-100,-0.5
3608578,female,496.7,443.6,549.2,201-500,1.0
3608579,female,346.6,368.0,371.9,201-500,0.2
3608580,female,437.4,420.5,439.4,26-100,0.8
3608582,female,581.0,618.4,527.5,201-500,1.2
3608583,female,420.9,447.5,459.6,101-200,0.8
3608584,male,416.2,394.9,472.6,26-100,0.1
3608586,male,485.2,430.7,461.5,101-200,0.5
3608588,female,446.9,372.9,466.5,201-500,-0.4
3608589,female,457.6,482.4,461.7,201-500,0.2
3608590,male,578.5,473.5,543.7,201-500,0.6
3608594,female,575.4,641.3,663.8,101-200,0.4
3608595,female,382.9,389.7,348.7,201-500,-0.3
3608596,male,538.7,514.7,519.2,101-200,1.0
3608597,female,578.7,595.2,620.3,more than 500,1.1
3608598,male,606.4,649.5,600.3,26-100,1.1
3608599,male,444.7,317.3,468.2,more than 500,1.2
3608600,male,409.9,382.6,397.6,11-25,0.6
3608601,female,397.1,308.4,419.3,201-500,0.9
3608602,female,640.8,556.3,540.6,26-100,0.1
3608603,male,606.6,571.1,640.8,26-100,0.9
3608604,female,458.3,407.0,457.3,101-200,0.0
3608605,female,518.6,518.5,650.4,more than 500,0.9
3608606,female,399.6,428.9,378.4,101-200,0.1
3608607,female,490.1,543.3,540.6,101-200,1.2
3608608,female,550.3,533.8,536.8,101-200,1.0
3608609,male,452.2,530.8,488.2,201-500,0.8
3608611,male,506.1,466.3,499.7,101-200,0.1
3608613,female,644.0,683.9,671.4,101-200,0.6
3608614,male,449.2,493.2,424.3,26-100,-0.1
3608616,female,510.9,568.3,500.5,101-200,0.7
3608618,male,521.0,530.8,610.6,more than 500,1.0
3608619,male,589.6,438.6,620.0,101-200,0.9
3608621,female,482.6,557.7,471.5,101-200,-0.2
3608623,female,531.0,598.4,599.0,more than 500,0.4
3608624,female,646.2,719.7,636.0,more than 500,1.3
3608625,male,253.1,246.4,315.3,11-25,-0.5
3608626,male,501.1,546.8,623.7,11-25,0.4
3608628,male,425.8,278.0,401.2,101-200,1.2
3608629,male,396.1,363.2,513.9,11-25,-0.2
3608630,male,642.1,658.2,589.7,26-100,0.6
3608631,female,661.3,631.7,688.6,201-500,1.4
3608632,male,625.7,622.7,791.9,more than 500,0.9
3608633,male,601.6,459.2,584.8,26-100,-0.2
3608634,female,243.4,326.8,356.4,101-200,0.5
3608635,male,382.7,270.4,429.4,26-100,1.0
3608636,male,382.0,490.0,467.6,more than 500,1.1
3608638,male,597.9,614.2,605.0,more than 500,1.0
3608639,male,441.2,494.1,382.6,26-100,-1.7
3608640,female,432.3,486.5,403.0,0-10,-0.7
3608641,male,286.5,281.1,241.2,11-25,-0.6
3608643,female,567.5,640.9,629.5,201-500,1.1
3608644,female,380.2,432.1,389.0,11-25,-0.6
3608645,male,551.9,467.9,581.3,101-200,-0.8
3608646,male,500.8,569.8,626.7,11-25,-0.9
3608648,male,403.4,375.2,418.5,101-200,0.6
3608650,male,411.6,405.7,384.8,101-200,1.2
3608651,male,551.8,512.1,549.1,more than 500,1.6
3608652,male,580.9,588.1,585.5,more than 500,0.1
3608654,female,590.3,704.4,628.1,101-200,0.9
3608655,male,583.6,506.1,569.9,201-500,-0.0
3608656,male,503.9,506.4,544.3,101-200,-1.2
3608658,female,579.1,603.1,536.8,201-500,0.4
3608663,male,695.7,701.1,855.0,26-100,-0.5
3608664,male,408.3,440.7,382.5,101-200,-0.5
3608665,male,429.5,504.8,438.8,more than 500,0.6
3608666,female,673.7,737.1,670.6,more than 500,2.0
3608667,female,504.0,545.4,579.2,101-200,1.0
3608672,female,587.7,601.3,638.4,11-25,-0.7
3608674,male,455.6,453.8,547.5,201-500,-0.6
3608678,male,331.8,212.5,298.9,101-200,-0.6
3608679,male,401.0,384.9,402.8,26-100,-1.2
3608680,female,568.0,583.5,494.5,more than 500,1.4
3608681,male,374.8,327.7,362.9,101-200,0.9
3608682,male,562.8,424.7,533.3,101-200,1.0
3608684,female,584.3,493.8,529.9,more than 500,1.0
3608685,male,468.5,519.3,445.0,101-200,-0.4
3608686,female,476.3,411.3,510.2,more than 500,1.5
3608689,female,541.0,517.7,542.9,101-200,-0.3
3608691,female,368.6,477.7,426.2,101-200,-0.4
3608692,male,358.0,299.0,402.7,11-25,-0.9
3608694,male,371.7,179.7,389.6,201-500,1.9
3608695,female,673.7,577.9,621.0,more than 500,1.7
3608696,female,367.1,348.6,430.6,26-100,0.4
3608697,male,563.5,522.7,619.5,201-500,1.2
3608698,male,545.0,443.1,622.5,201-500,1.4
3608700,male,707.6,798.0,570.1,101-200,0.6
3608704,male,329.3,420.4,417.5,201-500,-0.2
3608706,male,441.3,531.9,462.4,0-10,-1.2
3608708,female,396.5,325.6,342.8,26-100,0.3
3608711,female,589.1,533.4,559.2,101-200,1.0
3608716,female,539.9,531.0,564.1,more than 500,1.2
3608717,male,573.6,495.1,630.3,26-100,0.8
3608718,female,647.8,633.8,633.4,more than 500,1.2
3608720,male,444.9,398.7,390.4,0-10,1.1
3608721,male,544.3,453.4,519.3,11-25,0.9
3608722,female,470.0,479.8,456.8,101-200,0.4
3608726,male,415.8,432.7,451.9,101-200,0.7
3608727,female,422.2,506.9,529.1,101-200,-0.3
3608729,female,558.2,603.1,659.0,101-200,1.2
3608732,female,472.8,414.9,515.6,101-200,1.0
3608733,male,529.1,536.0,573.8,101-200,0.1
3608735,female,625.2,624.0,672.1,201-500,1.3
3608736,female,506.5,579.5,538.7,more than 500,1.7
3608738,male,462.3,537.8,560.1,more than 500,0.8
3608740,male,632.1,641.3,712.6,201-500,0.6
3608741,male,365.5,345.3,297.2,26-100,-0.6
3608743,male,654.9,701.3,596.5,101-200,0.7
3608744,female,452.0,630.8,562.4,101-200,-0.6
3608745,male,525.7,509.6,579.4,201-500,1.3
3608747,male,368.5,494.7,402.4,101-200,1.3
3608748,female,751.4,782.8,684.4,more than 500,1.1
3608749,female,464.1,483.7,586.8,more than 500,0.7
3608755,male,361.7,403.3,454.9,101-200,0.2
3608756,male,325.4,282.2,335.5,0-10,-0.9
3608758,female,401.2,302.3,337.9,101-200,-0.9
3608759,female,417.4,463.5,428.6,101-200,-0.8
3608760,female,524.4,581.7,514.8,more than 500,1.6
3608761,male,324.5,431.2,281.0,101-200,0.2
3608762,male,326.5,380.2,401.7,11-25,-1.7
3608765,male,567.6,551.2,622.7,201-500,0.6
3608766,female,408.6,314.6,425.0,11-25,0.5
3608767,female,472.6,553.7,528.0,101-200,-0.4
3608769,male,501.3,532.3,561.4,26-100,-0.1
3608773,female,362.0,452.9,320.5,26-100,0.7
3608774,female,587.0,525.2,537.9,201-500,1.4
3608776,female,481.6,492.9,534.7,more than 500,-0.1
3608777,female,414.3,536.3,452.1,201-500,0.2
3608778,female,392.9,562.5,525.9,101-200,1.8
3608779,female,424.8,402.2,452.6,26-100,-1.0
3608780,female,718.9,628.7,701.2,more than 500,1.7
3608781,female,385.6,501.9,526.4,101-200,-0.2
3608786,female,449.9,539.2,540.5,11-25,-0.2
3608788,male,673.3,578.7,708.7,201-500,-0.4
3608790,male,496.0,436.4,545.1,0-10,0.1
3608791,male,535.7,461.3,496.3,201-500,0.6
3608792,male,586.3,465.0,598.8,101-200,0.7
3608793,female,522.0,507.5,515.6,26-100,0.8
3608794,male,511.7,410.9,378.7,101-200,1.3
3608795,male,513.3,562.2,491.5,11-25,0.9
3608796,male,592.0,550.5,622.7,201-500,1.4
3608797,male,514.2,553.8,469.3,26-100,-0.9
3608800,male,580.6,718.4,671.3,101-200,0.6
3608802,male,570.7,645.8,643.1,201-500,1.1
3608804,male,612.5,580.1,625.5,101-200,-0.1
3608805,female,480.1,502.6,553.5,101-200,1.1
3608806,female,495.9,535.6,546.5,more than 500,1.1
3608807,female,441.8,433.9,494.7,26-100,0.1
3608809,female,473.8,520.7,411.8,201-500,0.5
3608813,female,488.4,527.7,554.3,201-500,0.5
3608814,female,402.7,480.5,386.5,0-10,-0.3
3608815,male,470.3,432.9,429.1,26-100,0.3
3608817,female,536.3,539.4,522.8,more than 500,0.7
3608818,male,567.6,606.5,586.2,more than 500,1.1
3608821,male,442.3,456.4,477.8,0-10,-0.3
3608823,male,413.0,466.7,405.3,101-200,-0.5
3608824,female,549.7,657.4,621.9,more than 500,1.3
3608826,male,644.8,603.0,696.7,more than 500,1.1
3608827,male,468.5,521.2,571.8,26-100,0.5
3608829,male,534.8,469.1,610.4,101-200,-0.5
3608830,female,365.7,410.5,432.7,101-200,0.2
3608831,female,444.7,505.7,411.1,11-25,-0.5
3608833,female,513.6,544.0,561.0,26-100,-0.2
3608838,male,396.3,410.0,398.3,101-200,-0.5
3608839,female,379.0,421.3,420.8,26-100,-0.7
3608841,female,445.2,471.7,446.1,101-200,0.5
3608842,female,440.6,460.3,496.6,101-200,0.7
3608843,male,418.6,358.3,406.0,11-25,-1.6
3608844,male,428.6,417.7,417.4,101-200,0.9
3608846,male,654.8,665.0,643.7,101-200,-0.1
3608847,male,676.3,700.5,792.1,more than 500,1.2
3608848,male,396.1,561.9,555.8,11-25,-0.2
3608849,male,495.0,566.0,519.4,101-200,0.9
3608850,female,458.5,559.6,491.6,more than 500,0.3
3608851,female,348.8,440.1,440.9,101-200,0.6
3608852,male,525.3,487.1,463.1,26-100,-0.9
3608853,female,346.4,337.9,290.3,11-25,-0.1
3608856,female,407.3,370.1,417.0,101-200,1.0
3608857,male,634.0,687.4,631.8,26-100,0.0
3608858,male,402.0,424.4,531.1,26-100,0.8
3608859,female,528.9,538.9,601.7,11-25,0.7
3608863,female,713.4,827.1,716.3,more than 500,1.0
3608864,female,548.3,544.5,557.3,26-100,1.3
3608866,female,501.0,400.6,526.1,201-500,1.2
3608867,male,390.5,374.5,448.0,101-200,-0.5
3608869,male,616.7,634.2,654.1,more than 500,1.2
3608870,male,271.7,309.0,274.4,101-200,0.5
3608871,female,527.7,613.4,582.8,201-500,-0.5
3608872,female,447.4,413.6,421.9,101-200,-0.1
3608875,female,598.1,589.9,614.6,101-200,1.2
3608876,female,598.0,623.6,626.8,201-500,1.4
3608877,male,314.4,121.6,353.4,26-100,0.8
3608878,female,588.4,522.2,463.2,201-500,1.2
3608879,female,447.3,449.3,372.0,11-25,-0.5
3608880,male,478.1,491.0,469.6,101-200,-0.4
3608883,female,461.9,335.9,464.3,11-25,-0.6
3608884,female,333.6,316.3,429.3,more than 500,1.1
3608886,male,447.3,503.9,479.5,26-100,-1.4
3608887,male,366.7,410.0,394.1,26-100,0.2
3608888,female,404.4,487.1,414.8,101-200,-1.6
3608889,female,463.8,501.9,514.7,101-200,0.4
3608891,female,448.4,510.6,446.8,11-25,-0.1
3608892,female,587.8,677.6,580.3,101-200,0.7
3608893,male,619.5,588.6,687.0,201-500,1.5
3608894,female,436.2,425.2,404.2,11-25,-0.6
3608895,female,481.9,474.1,507.8,26-100,-1.2
3608896,female,432.2,444.6,421.9,11-25,0.2
3608897,male,496.5,577.5,547.9,26-100,0.6
3608899,female,393.3,304.6,440.8,26-100,0.2
3608900,female,460.6,536.2,500.8,26-100,0.6
3608901,female,494.3,630.1,664.5,more than 500,1.2
3608902,male,526.6,595.2,605.1,26-100,0.7
3608903,male,591.3,610.5,618.9,201-500,1.2
3608904,female,473.9,453.9,515.3,26-100,0.2
3608905,female,497.9,531.3,430.3,26-100,0.5
3608906,female,395.1,346.9,496.3,101-200,-0.0
3608909,female,382.1,501.7,476.2,101-200,0.4
3608910,male,326.7,377.3,301.5,11-25,-1.0
3608911,female,468.6,607.5,579.0,more than 500,1.2
3608914,male,606.0,584.5,626.8,101-200,-0.7
3608915,female,415.9,476.2,496.2,more than 500,2.0
3608917,female,530.5,549.2,568.4,201-500,1.4
3608918,male,564.2,558.7,518.7,201-500,1.0
3608920,male,327.0,331.7,332.6,101-200,0.0
3608921,male,382.5,393.8,445.8,101-200,0.9
3608923,female,514.8,617.4,610.0,11-25,0.1
3608924,female,532.6,603.8,538.8,201-500,1.3
3608925,male,477.9,353.4,472.4,101-200,-0.2
3608926,male,450.7,450.8,433.5,26-100,-1.1
3608931,female,559.4,496.1,567.1,more than 500,1.2
3608932,male,365.1,317.3,384.6,101-200,0.4
3608933,female,464.6,483.6,509.9,more than 500,1.3
3608935,female,607.2,594.2,635.6,201-500,0.5
3608936,female,389.1,370.5,365.4,101-200,0.4
3608937,female,538.4,478.8,609.2,101-200,1.1
3608941,male,666.6,626.9,607.8,201-500,0.1
3608942,male,513.7,524.6,589.4,26-100,0.3
3608944,male,348.9,309.6,434.3,101-200,-0.6
3608945,male,489.0,487.3,555.0,more than 500,1.2
3608946,female,362.6,495.0,383.5,11-25,-0.0
3608947,female,381.9,383.9,442.6,26-100,-0.8
3608948,female,452.3,458.8,415.3,11-25,1.5
3608949,female,551.8,570.4,468.8,101-200,0.6
3608951,male,689.1,531.5,658.0,201-500,0.8
3608952,male,531.3,454.4,589.6,more than 500,1.1
3608953,male,702.6,635.1,721.9,101-200,0.4
3608958,female,405.2,479.2,399.0,101-200,0.5
3608959,female,389.1,459.9,291.8,101-200,-0.7
3608963,male,571.2,605.5,536.5,more than 500,1.1
3608965,male,494.7,491.7,472.4,101-200,0.4
3608967,male,500.7,453.2,518.8,101-200,-0.5
3608969,male,549.8,597.1,558.1,201-500,0.5
3608972,male,522.6,560.3,567.4,101-200,0.4
3608975,female,588.9,458.6,579.5,more than 500,2.0
3608976,male,627.4,497.7,624.6,101-200,1.1
3608978,male,404.5,481.0,411.3,201-500,0.2
3608979,female,481.8,577.0,564.7,201-500,1.0
3608980,female,310.3,263.2,342.5,101-200,-1.3
3608985,male,613.2,668.3,593.1,201-500,1.2
3608986,male,471.5,541.5,498.4,201-500,0.9
3608987,male,635.6,662.6,602.0,101-200,0.8
3608989,female,699.6,745.9,667.2,201-500,1.2
3608990,male,347.4,321.8,419.5,201-500,-1.1
3608992,female,395.5,436.0,462.3,11-25,-0.7
3608993,female,409.4,512.4,542.8,201-500,1.6
3608996,male,485.7,584.5,541.2,101-200,-0.6
3608997,female,631.0,540.1,538.4,101-200,1.2
3608998,male,662.5,702.1,606.8,101-200,1.4
3608999,male,459.9,413.7,491.0,26-100,0.9
3609001,female,504.0,535.1,530.3,101-200,-0.8
3609005,female,614.6,576.3,587.7,201-500,0.9
3609006,male,457.4,549.5,455.2,more than 500,0.3
3609009,male,609.1,526.1,587.0,101-200,1.2
3609010,male,493.3,514.2,498.5,more than 500,1.2
3609011,male,578.9,576.3,564.5,26-100,-0.2
3609012,female,462.2,397.8,502.4,101-200,0.4
3609015,male,603.9,602.7,566.5,101-200,0.3
3609016,male,485.4,538.2,508.9,201-500,-1.1
3609018,female,479.1,405.5,441.0,101-200,0.8
3609019,female,351.2,345.8,329.3,0-10,-0.6
3609020,female,498.4,642.4,546.9,101-200,0.1
3609021,female,420.2,386.8,396.9,101-200,1.2
3609022,male,492.9,554.1,489.2,101-200,1.1
3609024,female,430.9,402.6,448.2,26-100,0.4
3609026,male,531.4,429.2,537.3,26-100,0.6
3609028,male,635.7,715.8,668.3,201-500,1.4
3609029,female,604.0,615.7,606.7,more than 500,0.2
3609031,male,395.2,379.7,384.5,101-200,0.2
3609034,male,407.9,411.3,373.3,0-10,-1.5
3609035,female,361.0,427.9,406.2,201-500,-1.9
3609036,male,548.1,433.2,547.6,11-25,1.4
3609038,female,497.5,476.5,548.5,more than 500,-0.7
3609039,male,533.8,645.9,562.5,101-200,0.7
3609043,female,418.8,460.4,322.1,201-500,1.2
3609044,female,506.9,520.0,539.9,201-500,0.6
3609046,male,390.0,469.9,353.1,11-25,-0.9
3609047,male,363.1,403.8,435.5,11-25,-1.4
3609048,female,435.5,437.3,446.0,26-100,-0.0
3609049,male,530.5,533.9,515.1,101-200,0.2
3609051,female,585.1,612.6,580.3,more than 500,0.9
3609052,female,359.3,388.2,403.9,26-100,-0.5
3609054,male,632.9,733.8,642.5,26-100,1.7
3609055,male,330.6,454.2,419.6,26-100,0.2
3609056,male,464.8,602.4,567.7,101-200,0.3
3609057,male,336.7,333.5,419.1,101-200,-1.7
3609058,female,390.4,435.2,414.4,26-100,0.1
3609059,female,546.5,522.9,506.1,26-100,0.9
3609061,male,508.4,574.1,532.3,11-25,1.2
3609062,female,447.2,480.6,527.4,101-200,0.7
3609064,female,560.8,589.5,538.7,201-500,0.4
3609065,male,416.6,521.0,494.7,more than 500,1.2
3609067,female,433.8,648.5,415.0,more than 500,1.0
3609069,male,454.3,505.8,391.3,101-200,1.1
3609070,male,641.8,609.0,577.8,101-200,1.2
3609071,female,420.4,465.2,469.8,101-200,1.0
3609072,female,421.6,427.8,453.5,26-100,0.8
3609073,female,514.0,526.2,487.8,26-100,0.5
3609074,female,697.0,663.8,629.3,201-500,1.3
3609075,male,439.0,505.1,523.6,26-100,-0.0
3609076,female,417.3,449.3,489.5,101-200,-0.8
3609078,male,386.3,400.2,377.3,26-100,0.4
3609079,female,613.0,624.4,626.9,more than 500,1.3
3609080,male,284.5,374.2,397.1,101-200,0.0
3609081,male,436.7,420.0,396.3,101-200,1.1
3609082,male,400.0,367.2,417.0,101-200,0.9
3609083,male,629.6,603.0,627.9,201-500,-0.4
3609084,male,440.8,411.3,454.4,201-500,0.3
3609085,male,485.3,413.1,528.3,101-200,-0.4
3609088,female,376.1,357.8,351.3,0-10,-0.5
3609089,female,389.1,396.5,324.2,11-25,-1.7
3609091,male,513.2,510.0,496.9,101-200,0.4
3609092,female,408.8,404.2,356.0,201-500,0.1
3609093,female,456.0,522.5,488.3,101-200,0.8
3609097,female,509.7,466.6,577.7,101-200,0.6
3609098,female,413.9,409.0,456.1,101-200,0.1
3609102,female,349.9,445.0,423.4,101-200,-1.6
3609105,male,512.7,571.7,548.5,26-100,0.7
3609107,female,513.5,613.1,511.4,101-200,0.9
3609108,female,443.5,372.5,443.7,26-100,0.4
3609110,male,729.2,758.4,733.8,more than 500,1.6
3609112,female,525.3,571.1,397.0,26-100,-0.3
3609113,male,405.7,398.3,405.0,26-100,-0.2
3609115,female,620.5,558.5,615.4,201-500,0.9
3609116,female,573.2,606.8,555.3,more than 500,0.3
3609118,male,559.2,567.3,572.4,11-25,-1.4
3609119,male,498.8,493.1,528.1,26-100,0.9
3609121,female,565.5,624.7,618.0,more than 500,1.1
3609123,female,402.0,455.6,406.3,101-200,0.9
3609124,female,322.5,385.6,395.7,26-100,0.5
3609125,female,544.0,565.1,538.9,101-200,0.9
3609127,male,419.1,380.9,471.9,101-200,-0.3
3609129,male,458.3,613.7,543.0,26-100,0.8
3609130,male,608.9,618.4,559.1,201-500,1.3
3609131,female,393.8,459.6,445.5,101-200,0.4
3609132,male,463.0,497.1,520.3,26-100,-0.3
3609133,female,420.9,454.5,460.3,11-25,0.2
3609134,male,498.6,368.2,512.0,0-10,-1.1
3609136,male,431.5,334.6,414.7,201-500,0.7
3609140,male,525.1,497.2,550.2,101-200,0.8
3609142,female,616.1,546.8,669.4,201-500,1.0
3609143,female,576.4,638.7,616.8,201-500,0.5
3609147,female,702.6,682.7,685.3,more than 500,1.3
3609148,female,440.9,429.8,405.4,26-100,0.9
3609153,male,487.7,394.3,490.5,more than 500,-1.4
3609154,female,407.6,450.3,519.9,11-25,0.1
3609155,male,595.3,550.4,682.8,201-500,1.1
3609157,male,648.0,700.4,637.9,201-500,-0.1
3609158,female,520.0,497.7,523.3,26-100,0.0
3609159,female,564.8,585.8,589.8,101-200,1.5
3609160,male,421.8,367.9,439.9,11-25,0.8
3609161,male,495.9,535.3,482.0,11-25,0.1
3609162,male,427.9,568.6,552.7,26-100,-0.3
3609164,female,449.7,478.6,488.2,101-200,-0.5
3609169,male,488.1,510.4,527.2,more than 500,0.2
3609172,female,492.1,490.9,586.8,201-500,1.3
3609173,female,560.6,558.3,570.8,26-100,0.2
3609174,male,516.6,531.5,590.4,101-200,1.0
3609175,female,497.1,510.4,584.8,11-25,0.2
3609176,female,557.9,614.0,584.2,101-200,0.9
3609177,female,425.2,584.5,474.5,more than 500,1.5
3609178,female,455.0,539.2,407.7,201-500,0.8
3609181,male,588.1,633.6,588.2,more than 500,0.0
3609185,female,526.4,535.7,517.8,201-500,0.5
3609187,male,477.2,442.3,447.0,more than 500,0.9
3609191,female,459.0,524.9,529.7,201-500,0.0
3609194,male,344.2,473.2,462.0,26-100,-1.0
3609195,male,435.1,537.6,534.8,201-500,-0.6
3609196,male,338.3,407.6,427.7,26-100,-0.8
3609199,male,617.1,618.1,611.8,more than 500,1.5
3609201,female,493.2,655.9,530.0,201-500,1.2
3609203,male,281.9,367.7,360.2,0-10,-0.8
3609205,male,466.4,610.7,473.1,201-500,0.6
3609207,female,432.6,489.7,505.4,26-100,-0.5
3609208,male,427.9,494.3,415.5,11-25,-1.0
3609209,female,363.9,455.5,537.6,26-100,-1.4
3609210,male,454.7,406.0,459.6,101-200,1.3
3609211,female,678.1,590.2,673.6,201-500,1.1
3609213,female,581.5,603.3,506.2,more than 500,1.4
3609214,male,539.8,655.9,598.3,201-500,-0.0
3609215,female,533.5,607.1,584.3,more than 500,1.1
3609217,male,487.3,434.0,477.9,26-100,0.0
3609219,male,456.1,415.4,588.2,101-200,1.0
3609221,male,533.3,444.9,466.9,101-200,1.4
3609224,male,563.6,508.1,595.5,101-200,0.9
3609225,male,530.6,621.2,539.6,201-500,1.3
3609228,female,457.5,465.8,485.0,201-500,0.0
3609229,female,450.8,448.3,531.1,more than 500,1.0
3609231,female,643.9,664.9,681.0,more than 500,1.2
3609237,female,512.8,563.9,521.9,101-200,0.0
3609238,male,601.1,560.8,606.4,more than 500,0.9
3609239,male,378.1,329.0,369.7,11-25,0.5
3609241,male,409.6,404.0,474.6,101-200,-0.5
3609242,female,606.3,687.5,658.6,more than 500,0.9
3609244,female,497.2,524.2,462.1,201-500,1.0
3609246,male,522.5,517.5,560.0,201-500,0.8
3609247,male,430.4,523.6,447.9,201-500,0.1
3609248,male,489.0,518.0,542.1,101-200,-0.2
3609249,female,425.5,463.3,454.9,more than 500,1.1
3609250,male,441.7,487.4,539.1,more than 500,1.1
3609251,male,603.6,567.6,611.5,26-100,0.3
3609252,female,559.9,655.7,609.0,more than 500,1.2
3609253,male,519.3,514.3,586.0,201-500,0.9
3609254,male,624.6,542.0,543.6,101-200,0.6
3609256,male,538.3,553.5,590.3,201-500,1.0
3609257,male,435.4,507.6,545.4,101-200,0.1
3609260,male,442.8,458.5,413.0,26-100,0.8
3609261,female,406.1,461.8,416.0,201-500,0.7
3609263,male,454.1,540.6,494.7,26-100,1.3
3609264,male,398.5,322.3,437.1,26-100,-1.2
3609265,female,594.5,488.0,564.3,more than 500,1.4
3609266,female,376.2,423.0,453.0,11-25,0.1
3609268,female,362.3,366.8,419.4,201-500,0.3
3609269,male,407.6,414.4,450.1,26-100,-0.5
3609270,male,654.3,637.9,741.4,201-500,1.4
3609271,female,330.3,282.6,398.9,11-25,-0.4
3609272,male,318.4,352.2,171.9,11-25,1.1
3609273,male,632.9,663.8,722.9,101-200,0.5
3609274,female,326.1,466.7,365.0,201-500,1.3
3609275,male,662.6,674.8,658.9,26-100,1.3
3609279,female,550.7,585.0,597.7,more than 500,-0.3
3609281,female,443.4,461.8,452.4,26-100,0.9
3609283,male,260.6,290.6,364.0,26-100,1.1
3609284,male,508.0,517.7,520.6,201-500,0.9
3609285,male,570.0,545.4,608.4,101-200,0.7
3609286,female,505.3,473.1,430.9,101-200,0.6
3609288,female,345.4,401.6,457.2,26-100,-0.9
3609293,male,461.1,415.3,543.8,101-200,0.8
3609294,female,573.1,628.7,628.4,201-500,1.3
3609295,male,539.1,561.1,607.2,101-200,0.8
3609296,male,580.3,564.1,652.8,101-200,0.6
3609300,male,685.1,680.4,803.3,more than 500,1.3
3609301,female,413.8,342.5,498.0,101-200,0.7
3609304,female,532.7,499.6,516.9,201-500,1.3
3609305,female,430.6,433.1,410.8,26-100,-0.9
3609306,male,425.9,372.7,334.0,11-25,-0.2
3609307,female,542.4,554.8,564.0,more than 500,-0.3
3609308,male,249.4,300.3,242.8,101-200,2.1
3609313,male,472.7,515.8,567.7,101-200,1.0
3609314,female,342.3,367.8,358.9,101-200,0.4
3609317,male,607.8,531.5,643.9,101-200,1.3
3609320,male,411.6,417.9,437.2,101-200,1.1
3609321,female,438.5,515.4,590.7,101-200,0.8
3609322,female,580.6,532.0,619.0,more than 500,1.7
3609323,female,409.8,575.6,449.5,26-100,-0.9
3609324,female,506.8,531.1,528.7,more than 500,1.2
3609326,female,508.0,593.4,523.7,26-100,0.2
3609329,male,630.8,667.6,689.5,201-500,0.8
3609330,male,578.3,556.9,648.3,26-100,0.6
3609331,female,511.7,533.2,575.6,26-100,1.2
3609332,male,576.2,630.0,625.9,101-200,-0.2
3609334,male,554.8,497.0,571.3,101-200,1.1
3609335,male,349.5,279.8,385.7,26-100,-0.1
3609336,male,401.9,411.3,463.6,11-25,1.2
3609337,male,349.3,404.8,423.4,101-200,-0.5
3609338,female,351.0,321.3,356.7,11-25,0.1
3609339,male,437.8,424.5,479.8,101-200,1.0
3609340,female,290.1,341.5,305.3,11-25,-1.1
3609345,male,367.5,416.5,430.4,101-200,-0.2
3609346,female,416.1,425.6,392.7,201-500,0.7
3609348,male,427.4,397.5,465.9,26-100,-0.0
3609350,female,399.5,406.3,471.7,26-100,-0.6
3609352,male,428.7,402.0,444.1,201-500,-0.6
3609353,female,425.9,550.1,485.4,101-200,-0.2
3609354,female,490.3,482.3,537.7,more than 500,1.3
3609356,female,422.5,429.2,373.9,0-10,0.4
3609357,female,622.0,615.4,570.4,101-200,0.5
3609358,male,684.4,663.5,645.7,201-500,0.9
3609359,male,565.0,578.2,594.4,11-25,-0.4
3609360,male,498.1,533.7,613.3,26-100,0.8
3609361,male,628.8,701.2,660.2,more than 500,1.2
3609362,male,399.5,465.7,465.3,more than 500,0.7
3609364,male,439.9,568.8,495.2,201-500,1.3
3609367,female,453.0,580.3,497.8,26-100,0.5
3609368,male,587.4,764.7,674.1,201-500,0.2
3609369,male,616.2,586.5,647.2,more than 500,1.5
3609370,female,653.4,618.7,717.6,101-200,0.8
3609371,female,272.9,376.6,352.9,11-25,-1.3
3609374,female,386.0,385.6,389.6,11-25,-1.2
3609376,male,588.5,642.2,588.7,more than 500,-0.4
3609377,female,489.5,559.1,546.5,101-200,0.2
3609380,female,531.0,622.0,547.9,101-200,0.7
3609381,male,568.1,523.0,586.4,101-200,1.3
3609383,male,461.6,332.7,507.3,201-500,1.2
3609384,female,478.9,520.7,489.5,201-500,-0.3
3609385,female,518.7,505.2,512.5,201-500,1.4
3609387,female,458.5,528.1,496.8,201-500,1.1
3609389,male,352.6,334.4,417.8,101-200,1.2
3609390,male,589.1,584.8,596.3,more than 500,1.2
3609392,female,427.2,378.1,390.6,201-500,0.5
3609394,male,322.0,391.1,421.6,0-10,-1.9
3609396,male,475.0,431.0,405.6,101-200,1.2
3609397,male,526.5,537.9,567.1,101-200,1.1
3609398,male,492.9,348.3,511.7,101-200,0.6
3609399,male,606.1,627.4,596.3,201-500,1.1
3609400,male,476.7,396.2,478.9,11-25,0.8
3609402,female,580.2,631.5,636.8,201-500,1.2
3609404,female,398.1,513.8,369.0,101-200,0.0
3609405,female,440.2,562.3,482.6,26-100,-0.5
3609408,male,462.0,495.1,481.6,26-100,0.5
3609409,female,514.9,547.9,521.5,201-500,1.4
3609412,male,518.1,427.5,562.0,201-500,1.2
3609414,male,637.4,801.5,759.2,201-500,1.3
3609416,male,486.8,503.9,504.1,201-500,1.1
3609421,female,605.6,583.6,559.2,101-200,0.9
3609422,male,427.4,468.7,491.9,11-25,-1.8
3609423,male,321.3,235.0,316.2,11-25,-2.3
3609426,female,358.4,455.8,387.0,26-100,0.2
3609427,male,443.6,511.7,429.9,101-200,0.6
3609429,male,488.0,539.3,527.6,101-200,0.2
3609430,male,670.4,717.5,578.1,201-500,0.9
3609431,male,508.0,416.2,489.8,101-200,1.1
3609432,male,544.7,477.3,445.6,101-200,1.1
3609436,male,735.1,739.5,649.1,101-200,0.5
3609437,male,388.5,362.6,332.0,26-100,0.4
3609438,male,536.2,545.9,560.2,more than 500,1.2
3609443,male,474.0,540.2,528.5,101-200,0.1
3609444,female,485.5,559.6,521.4,101-200,0.3
3609445,female,516.7,661.0,550.0,201-500,1.0
3609446,female,534.3,457.5,440.2,201-500,1.0
3609447,male,300.9,230.9,350.9,11-25,-0.3
3609448,male,380.7,411.7,443.6,101-200,1.0
3609450,male,436.6,398.9,486.2,101-200,0.9
3609451,female,420.7,517.8,496.5,201-500,0.6
3609453,male,385.6,312.8,505.5,101-200,0.5
3609454,male,431.4,459.4,359.5,26-100,0.1
3609455,male,396.6,482.3,360.5,101-200,0.3
3609456,female,436.4,393.9,472.8,201-500,-0.3
3609457,male,614.2,605.2,707.5,more than 500,1.8
3609458,male,376.0,341.2,464.5,101-200,1.4
3609459,male,680.3,702.5,703.5,101-200,-0.1
3609460,male,507.8,583.4,593.2,101-200,1.1
3609461,male,560.9,528.4,636.9,201-500,1.6
3609462,male,552.3,515.0,508.3,26-100,0.7
3609465,male,324.0,370.2,358.0,more than 500,1.2
3609466,female,478.1,520.6,435.3,11-25,-0.6
3609467,female,499.0,586.0,569.4,11-25,0.6
3609468,male,595.2,586.7,522.2,26-100,1.3
3609469,female,627.3,665.2,596.7,201-500,0.6
3609472,male,594.6,638.4,592.8,11-25,0.7
3609478,male,623.6,540.8,587.9,26-100,-0.1
3609483,male,578.3,660.0,586.5,101-200,1.0
3609486,female,541.4,537.0,547.4,11-25,-0.2
3609488,male,352.8,446.4,452.2,26-100,0.6
3609492,female,461.4,541.0,512.2,201-500,1.2
3609493,female,440.0,380.2,413.4,101-200,0.0
3609496,female,694.0,661.2,687.6,more than 500,1.3
3609498,male,287.0,313.6,372.4,11-25,-0.9
3609499,male,327.6,363.1,373.7,101-200,1.0
3609503,male,732.4,627.6,711.5,201-500,1.7
3609504,female,429.4,508.8,435.0,11-25,-1.5
3609505,female,590.8,622.4,594.3,201-500,1.4
3609506,male,444.6,427.0,556.2,101-200,-0.3
3609507,male,234.2,371.8,357.6,101-200,0.1
3609510,male,475.5,494.5,488.5,201-500,0.9
3609515,male,319.2,356.3,392.1,26-100,-1.3
3609518,female,534.3,540.3,514.5,101-200,-0.4
3609519,female,411.7,492.7,487.6,11-25,-0.5
3609520,male,675.8,589.2,675.7,101-200,1.0
3609523,male,454.8,589.7,527.5,201-500,1.5
3609526,female,367.4,443.3,494.5,201-500,-1.5
3609529,male,628.7,664.8,681.9,more than 500,1.4
3609531,female,546.4,606.5,605.8,more than 500,1.2
3609534,female,327.1,460.7,302.1,more than 500,0.8
3609535,female,372.6,495.2,469.3,201-500,0.4
3609536,female,487.3,389.9,530.7,26-100,0.3
3609538,male,487.1,559.2,396.0,101-200,1.2
3609539,male,514.8,505.3,700.8,101-200,0.0
3609540,male,388.7,462.4,454.2,more than 500,1.6
3609541,male,529.3,627.3,568.7,201-500,1.1
3609543,male,506.6,501.8,660.0,201-500,0.0
3609548,female,475.1,551.6,496.5,201-500,1.1
3609550,female,292.1,393.7,440.1,201-500,0.9
3609551,male,543.8,648.1,506.9,101-200,0.8
3609553,male,594.4,585.8,730.7,more than 500,-0.4
3609554,female,356.8,461.4,497.1,101-200,0.7
3609555,female,306.2,321.4,347.5,0-10,-0.5
3609557,male,551.7,527.3,577.2,26-100,0.5
3609558,female,456.8,545.4,424.0,26-100,-0.3
3609560,male,515.0,481.1,512.8,101-200,1.1
3609562,male,263.3,327.1,330.8,26-100,-0.0
3609565,female,387.4,402.3,445.4,101-200,0.0
3609567,male,420.1,436.7,429.2,0-10,-1.0
3609569,male,464.1,449.4,565.3,101-200,0.4
3609571,female,694.8,645.8,654.8,201-500,1.0
3609572,female,642.8,654.8,593.9,101-200,1.3
3609573,female,406.8,417.3,494.3,11-25,0.6
3609574,male,400.8,444.2,480.3,26-100,-1.0
3609575,male,464.3,434.0,471.5,26-100,-1.6
3609576,male,524.3,454.5,506.1,101-200,0.0
3609577,female,363.1,418.7,334.2,101-200,1.0
3609581,female,594.6,603.2,640.2,101-200,1.0
3609583,female,640.6,616.8,664.5,more than 500,1.0
3609584,female,511.8,524.9,521.5,more than 500,0.8
3609585,female,589.8,602.5,654.4,101-200,-0.4
3609586,female,474.3,510.6,415.4,26-100,-0.7
3609588,female,513.6,636.2,569.3,101-200,0.7
3609589,male,501.5,501.8,448.8,more than 500,-0.1
3609590,female,546.2,695.6,649.5,201-500,1.4
3609591,female,628.9,650.3,559.5,101-200,1.0
3609592,male,651.0,620.9,669.5,201-500,1.1
3609596,female,428.0,437.8,455.9,201-500,0.8
3609597,female,329.3,400.1,211.7,26-100,-0.1
3609598,female,487.3,596.7,489.8,101-200,0.4
3609601,female,481.4,527.2,482.6,101-200,-0.5
3609602,male,519.4,495.5,483.0,101-200,1.3
3609603,male,554.4,572.6,551.1,more than 500,1.0
3609605,female,654.9,747.2,742.5,more than 500,1.6
3609606,female,402.6,441.3,511.4,101-200,-0.1
3609608,female,548.9,534.5,578.6,201-500,1.4
3609609,female,571.7,519.3,602.1,101-200,-0.2
3609610,male,478.2,505.1,392.9,101-200,-0.4
3609611,female,437.3,481.0,501.5,more than 500,1.4
3609612,female,493.6,467.0,519.3,101-200,1.1
3609613,female,408.1,325.7,376.3,26-100,-0.5
3609614,female,439.6,649.1,538.4,more than 500,1.2
3609616,male,597.2,596.3,577.7,more than 500,0.7
3609617,male,396.5,520.2,517.1,26-100,-0.8
3609620,male,353.4,401.2,518.1,26-100,0.4
3609621,female,503.1,496.7,466.9,201-500,0.4
3609622,female,532.7,615.3,651.5,201-500,1.3
3609628,female,482.0,670.8,549.4,101-200,1.5
3609634,female,520.7,571.6,469.4,101-200,0.8
3609637,male,437.5,329.2,447.9,26-100,-1.5
3609639,female,445.7,552.5,554.8,101-200,-0.9
3609644,female,324.3,305.6,352.0,0-10,-1.4
3609645,female,352.7,473.0,390.1,101-200,0.9
3609646,female,515.3,602.0,577.1,more than 500,0.0
3609648,male,705.4,647.1,697.4,11-25,0.7
3609649,female,503.2,455.4,505.9,26-100,0.0
3609652,male,585.0,591.5,557.6,more than 500,1.2
3609653,male,562.5,544.4,539.3,101-200,0.5
3609655,male,500.5,492.1,583.8,101-200,1.6
3609659,male,590.5,526.0,574.9,more than 500,1.4
3609660,female,506.4,551.9,570.8,26-100,1.2
3609661,female,626.8,732.5,552.8,201-500,0.3
3609662,female,554.6,497.9,564.6,101-200,-0.1
3609663,male,549.5,421.8,567.1,101-200,1.4
3609667,female,550.2,540.0,490.1,101-200,0.9
3609670,male,597.4,508.7,599.8,101-200,0.6
3609677,female,509.8,514.8,460.3,201-500,0.8
3609679,female,474.3,497.7,521.7,26-100,-2.4
3609680,male,377.0,366.7,442.9,201-500,0.8
3609681,female,407.4,545.7,487.1,201-500,-0.7
3609682,female,424.2,533.4,480.9,201-500,0.4
3609683,female,378.4,478.2,403.7,201-500,0.8
3609686,male,484.9,551.4,535.6,201-500,1.1
3609689,female,439.3,486.3,449.6,26-100,0.9
3609691,male,440.7,376.1,379.0,0-10,-1.2
3609695,male,243.7,256.2,248.3,101-200,0.6
3609696,female,476.3,473.2,534.5,101-200,0.9
3609697,male,490.2,419.8,426.3,more than 500,1.4
3609699,male,451.5,482.7,445.4,more than 500,1.3
3609703,male,687.8,560.7,704.3,more than 500,1.1
3609704,female,449.2,586.0,464.6,201-500,-0.6
3609705,female,398.8,417.4,378.9,26-100,-0.8
3609706,male,652.4,652.8,634.5,101-200,-0.8
3609707,female,412.6,321.2,361.7,101-200,-0.6
3609709,female,506.9,487.3,545.0,201-500,0.8
3609711,male,500.3,460.5,518.4,more than 500,0.6
3609713,male,273.1,261.9,314.7,26-100,-1.4
3609715,male,419.4,389.5,448.4,more than 500,0.9
3609718,male,636.7,546.7,607.1,101-200,1.3
3609719,female,534.0,668.5,578.3,101-200,1.1
3609720,female,688.9,675.7,767.5,101-200,1.0
3609722,male,409.6,551.0,481.5,101-200,0.3
3609723,female,337.8,374.1,315.3,101-200,0.9
3609724,male,516.4,614.8,499.1,101-200,-0.8
3609725,male,538.6,447.4,536.4,101-200,1.5
3609726,female,445.4,525.7,479.3,201-500,0.7
3609728,male,426.0,328.4,416.4,11-25,0.4
3609731,male,494.1,368.7,438.2,101-200,0.5
3609732,male,506.8,477.8,497.6,more than 500,-0.4
3609734,female,452.6,542.5,492.0,201-500,0.8
3609735,female,395.7,360.1,452.3,26-100,0.2
3609737,male,449.2,465.2,402.0,101-200,0.4
3609740,female,535.1,485.9,505.5,101-200,-0.6
3609741,male,415.7,495.7,467.5,26-100,-0.2
3609743,female,535.7,580.1,529.3,101-200,-0.3
3609749,male,342.1,216.2,324.7,0-10,0.4
3609752,female,237.6,144.4,239.7,0-10,-2.1
3609754,male,336.1,404.0,337.4,101-200,-0.5
3609759,female,505.9,669.9,512.8,more than 500,-1.2
3609763,female,497.4,554.0,540.3,101-200,0.4
3609764,female,494.2,448.3,591.2,201-500,-0.2
3609766,female,273.9,319.4,269.5,0-10,-0.8
3609767,male,469.9,498.1,553.1,201-500,1.1
3609768,male,622.2,539.3,582.5,201-500,0.8
3609772,male,440.3,459.4,462.8,201-500,1.1
3609774,female,428.6,349.8,521.8,101-200,-0.2
3609775,female,524.1,575.0,532.1,201-500,0.6
3609776,male,495.3,581.3,546.4,11-25,-0.5
3609781,male,382.9,372.2,375.3,0-10,-0.7
3609782,male,639.0,614.5,634.6,101-200,1.0
3609784,male,427.8,462.0,378.5,101-200,-1.0
3609785,male,604.8,689.6,703.0,more than 500,0.8
3609788,male,544.4,489.0,580.7,201-500,1.0
3609789,female,579.8,460.1,552.2,more than 500,1.5
3609791,male,518.8,547.4,583.2,201-500,1.2
3609792,female,398.0,591.2,472.1,11-25,-3.2
3609794,female,443.8,441.7,435.9,26-100,-1.2
3609795,male,697.0,716.8,685.1,201-500,0.7
3609800,male,464.3,381.6,519.2,11-25,0.2
3609801,female,556.1,587.4,613.6,201-500,-0.8
3609802,female,469.4,510.0,456.8,11-25,0.4
3609806,male,376.1,374.2,354.5,11-25,0.2
3609807,male,509.4,370.3,531.0,26-100,1.0
3609810,female,546.6,574.7,606.0,201-500,0.1
3609812,female,323.2,284.4,242.2,101-200,0.1
3609813,female,424.1,383.5,485.5,26-100,1.0
3609814,female,345.4,372.9,354.7,26-100,-0.0
3609815,female,365.8,507.9,427.4,101-200,0.8
3609816,male,575.5,575.9,650.7,more than 500,0.6
3609817,female,474.9,452.0,478.1,more than 500,0.2
3609820,male,453.3,471.5,482.6,201-500,1.2
3609821,female,372.3,353.5,367.9,11-25,0.7
3609822,female,499.0,440.9,543.5,201-500,1.2
3609824,female,442.8,538.2,473.9,26-100,0.7
3609826,female,497.8,528.2,466.7,26-100,-0.8
3609827,male,503.6,613.3,430.6,11-25,-0.5
3609828,female,410.2,544.2,447.7,more than 500,1.2
3609829,male,632.6,472.6,579.2,201-500,1.6
3609830,female,317.3,321.5,373.1,0-10,0.9
3609831,female,499.9,543.6,590.7,more than 500,1.4
3609832,male,442.3,475.7,480.0,101-200,-1.1
3609833,female,387.3,456.3,404.9,26-100,-0.0
3609834,male,646.3,550.3,631.7,101-200,1.1
3609835,male,596.1,459.2,612.1,201-500,1.6
3609837,female,425.5,425.4,457.0,101-200,-1.2
3609838,male,488.3,492.4,418.2,11-25,0.7
3609839,male,384.7,383.4,358.3,201-500,1.2
3609840,male,406.8,468.4,404.8,101-200,0.6
3609841,male,573.1,410.6,573.3,101-200,0.8
3609843,female,464.5,482.6,551.6,201-500,0.5
3609846,female,594.6,572.4,593.1,26-100,-0.0
3609847,male,419.9,438.3,439.3,101-200,0.9
3609850,female,520.2,607.3,638.2,201-500,1.5
3609853,male,503.7,539.9,575.0,101-200,0.6
3609855,female,409.8,525.2,438.7,26-100,0.1
3609857,male,651.5,623.2,623.9,more than 500,1.0
3609858,female,355.7,483.5,369.1,26-100,-1.0
3609859,male,342.1,374.6,419.7,11-25,0.7
3609861,male,346.9,304.2,413.5,26-100,1.0
3609862,male,483.7,479.4,578.8,more than 500,1.3
3609864,male,657.3,724.9,768.5,more than 500,1.1
3609869,female,477.9,469.1,410.9,101-200,-1.4
3609870,female,495.4,441.6,511.7,201-500,0.8
3609872,female,293.1,346.7,300.1,11-25,-0.5
3609874,male,352.6,355.8,347.8,11-25,-1.2
3609876,female,407.0,441.2,389.2,201-500,0.2
3609878,female,502.8,454.0,498.1,101-200,-0.5
3609879,male,485.8,508.5,567.3,11-25,-0.1
3609880,female,374.8,285.0,341.0,201-500,-0.0
3609881,female,532.2,601.3,531.1,26-100,0.6
3609882,female,428.4,392.9,458.1,101-200,-0.4
3609883,female,360.8,404.5,406.7,101-200,-0.7
3609885,female,575.7,661.7,622.0,more than 500,2.2
3609886,female,510.8,499.2,513.2,26-100,-0.8
3609888,female,526.5,553.6,501.3,101-200,1.1
3609892,female,673.7,663.6,697.6,201-500,1.1
3609893,male,373.0,423.1,361.5,101-200,-1.7
3609896,male,551.2,457.5,566.8,101-200,1.4
3609897,male,636.6,573.9,632.2,101-200,1.3
3609898,male,527.7,450.8,498.2,201-500,1.3
3609899,female,485.7,478.4,497.9,201-500,1.1
3609900,female,495.3,518.0,449.7,201-500,1.2
3609901,female,569.6,638.6,547.0,more than 500,0.5
3609902,female,612.7,590.3,679.5,101-200,1.2
3609903,female,354.2,517.7,504.7,101-200,-0.7
3609905,female,343.0,444.9,382.8,26-100,0.5
3609906,female,359.2,442.6,403.5,101-200,0.2
3609909,male,602.9,491.9,563.3,201-500,1.4
3609910,female,560.0,617.1,663.5,more than 500,1.6
3609911,male,627.9,593.7,625.3,201-500,0.6
3609912,female,467.7,578.5,461.7,11-25,0.4
3609913,male,464.7,478.5,419.2,11-25,0.7
3609914,female,453.0,492.4,505.2,101-200,0.5
3609915,female,462.7,497.2,641.3,101-200,0.9
3609916,male,439.4,455.5,511.0,101-200,0.8
3609917,male,389.8,389.5,400.0,26-100,-0.4
3609919,female,538.5,671.4,563.1,26-100,0.9
3609921,female,445.5,565.9,534.5,101-200,1.0
3609924,female,611.5,691.6,534.0,201-500,0.9
3609926,male,469.5,402.5,489.8,101-200,-0.3
3609928,male,431.0,429.6,356.6,0-10,1.1
3609929,male,390.8,416.3,446.0,11-25,-0.1
3609930,female,489.3,550.0,497.2,26-100,0.2
3609931,male,469.1,358.1,423.2,26-100,0.4
3609932,female,629.2,710.5,600.2,201-500,1.2
3609933,female,496.9,553.4,536.8,101-200,1.2
3609936,male,462.9,559.0,538.3,101-200,1.3
3609938,female,417.8,609.9,523.2,201-500,1.0
3609940,female,585.0,593.3,657.0,more than 500,0.6
3609942,female,558.9,644.5,622.4,201-500,1.2
3609943,male,505.2,479.4,551.3,more than 500,0.3
3609946,female,538.7,538.3,622.2,26-100,0.8
3609947,male,527.8,444.0,452.2,201-500,0.3
3609949,male,438.8,434.3,510.6,26-100,0.7
3609950,male,406.2,445.1,505.5,11-25,-0.8
3609952,female,402.6,377.5,442.4,101-200,0.2
3609954,male,436.7,578.0,588.7,more than 500,1.2
3609955,male,602.3,579.1,584.0,201-500,0.3
3609956,male,536.2,639.4,631.0,201-500,0.2
3609957,male,583.0,647.3,623.3,201-500,1.5
3609958,male,480.4,465.8,413.1,more than 500,1.1
3609964,male,612.6,607.3,566.8,26-100,0.9
3609965,female,617.4,601.3,603.0,101-200,0.6
3609966,male,424.2,369.7,387.2,101-200,0.9
3609967,female,449.8,467.3,514.5,26-100,-0.3
3609968,male,558.5,510.3,609.9,201-500,-1.7
3609969,male,527.4,553.6,506.0,101-200,-0.7
3609970,male,591.3,560.1,571.9,101-200,0.8
3609972,male,594.0,553.9,601.8,26-100,0.6
3609973,male,514.6,543.9,523.9,101-200,1.1
3609976,female,352.9,332.3,350.4,11-25,-0.1
3609977,female,567.8,574.5,552.0,201-500,1.3
3609978,female,585.7,691.0,661.6,201-500,0.3
3609979,male,642.1,601.8,634.1,more than 500,1.2
3609981,female,476.0,539.1,509.0,more than 500,-0.4
3609982,female,333.4,378.6,309.1,201-500,-1.1
3609984,female,405.6,433.5,426.9,101-200,-0.0
3609985,female,393.4,445.6,428.5,101-200,-1.0
3609989,female,442.0,538.4,538.4,101-200,-0.9
3609991,female,496.2,420.5,422.9,101-200,0.2
3609992,male,444.0,476.9,512.2,26-100,0.4
3609995,male,708.0,700.1,650.1,101-200,0.6
3609996,female,598.0,723.6,639.3,more than 500,0.4
3609999,male,477.3,411.8,485.2,201-500,-0.7
3610000,female,507.7,438.8,475.5,101-200,0.4
3610004,female,460.0,550.1,522.9,101-200,1.1
3610005,female,410.9,461.5,482.6,11-25,-0.8
3610006,male,770.1,696.9,733.7,more than 500,1.0
3610007,female,381.6,450.6,455.0,101-200,0.4
3610008,female,399.8,497.7,393.0,26-100,-0.5
3610009,female,452.8,473.3,448.4,101-200,-1.1
3610013,female,473.7,507.9,407.3,26-100,-0.4
3610014,female,316.0,326.2,279.9,11-25,-0.8
3610017,female,344.1,313.3,358.9,11-25,-0.9
3610019,male,458.2,242.1,451.7,201-500,-0.5
3610021,male,540.2,501.6,546.4,more than 500,1.7
3610022,male,421.2,338.5,333.2,26-100,-0.2
3610024,female,447.7,503.1,426.4,26-100,0.2
3610025,female,437.1,475.5,471.5,101-200,0.3
3610026,female,495.2,628.6,559.5,201-500,1.2
3610027,male,474.5,431.1,430.3,26-100,1.1
3610029,female,558.5,641.4,556.2,201-500,1.4
3610030,male,361.2,347.1,376.9,26-100,-0.8
3610032,male,394.0,431.9,414.8,101-200,-0.3
3610038,male,352.8,351.9,392.7,0-10,-1.3
3610039,male,362.3,270.8,432.7,11-25,-0.8
3610040,male,458.3,544.9,519.2,more than 500,1.1
3610041,female,473.9,600.3,517.4,201-500,0.1
3610042,male,706.6,638.2,650.4,201-500,0.7
3610043,male,545.7,507.5,550.4,101-200,0.6
3610045,female,427.9,484.3,408.1,11-25,-1.7
3610046,female,419.1,466.0,423.0,101-200,0.1
3610049,male,665.8,615.5,735.0,201-500,1.3
3610050,female,407.9,296.2,431.3,more than 500,0.7
3610051,female,500.3,704.5,672.8,201-500,0.7
3610053,female,531.0,561.2,637.8,201-500,0.0
3610056,female,624.7,553.6,547.6,101-200,1.2
3610057,female,587.8,589.5,649.0,more than 500,1.0
3610059,female,358.1,417.2,335.3,201-500,-1.3
3610060,female,443.9,467.1,444.6,201-500,0.1
3610061,male,557.5,557.0,603.9,101-200,1.2
3610064,male,376.9,402.7,510.7,101-200,0.6
3610068,female,549.6,595.4,579.0,101-200,-0.0
3610069,male,529.5,544.6,522.3,26-100,-0.7
3610073,female,398.5,363.4,476.8,26-100,0.3
3610074,male,519.5,399.5,449.6,26-100,-0.2
3610076,female,495.9,483.1,533.2,101-200,0.7
3610079,female,476.5,514.9,513.6,101-200,1.1
3610080,female,642.1,678.0,645.7,more than 500,1.2
3610081,male,600.7,587.5,657.8,26-100,-0.9
3610082,female,499.6,483.0,577.8,more than 500,1.0
3610083,male,489.8,528.4,484.3,201-500,0.2
3610085,female,366.7,373.6,389.2,201-500,0.5
3610086,male,415.6,473.9,454.8,201-500,1.1
3610089,male,658.0,688.3,683.0,101-200,1.1
3610090,male,340.3,246.9,366.2,101-200,-0.4
3610091,male,428.6,518.8,439.6,101-200,-0.2
3610092,female,626.6,618.6,678.2,more than 500,1.3
3610094,male,571.9,668.7,630.7,201-500,0.7
3610096,female,614.5,554.8,653.1,more than 500,1.6
3610099,male,397.8,407.8,475.8,101-200,-0.5
3610101,male,489.9,482.8,460.2,201-500,1.5
3610102,female,409.0,439.6,435.0,101-200,-0.8
3610103,male,592.9,518.8,548.4,more than 500,1.2
3610104,male,513.4,581.5,525.8,26-100,-0.7
3610105,male,556.0,522.9,559.6,more than 500,1.0
3610107,male,442.4,525.1,498.6,26-100,-1.5
3610108,female,447.7,504.3,437.2,26-100,-0.5
3610109,male,607.5,627.6,604.4,more than 500,0.9
3610110,male,368.6,375.5,304.7,11-25,-1.3
3610113,male,655.1,634.6,673.9,more than 500,1.4
3610117,male,370.9,407.4,424.6,26-100,0.6
3610118,male,424.8,399.3,435.4,101-200,0.3
3610121,female,390.7,315.9,338.7,101-200,1.1
3610125,male,678.2,623.3,690.7,more than 500,1.8
3610127,male,489.8,536.0,527.9,11-25,-1.1
3610128,female,509.8,540.9,567.6,101-200,-0.3
3610129,female,604.8,610.6,601.8,more than 500,1.3
3610130,male,680.8,662.5,679.0,101-200,0.8
3610132,female,572.0,696.4,608.5,201-500,-0.2
3610136,female,444.9,435.0,459.5,101-200,1.2
3610139,female,412.6,562.6,457.3,201-500,-1.6
3610140,female,603.0,587.5,513.4,26-100,0.7
3610141,male,351.9,354.0,449.9,more than 500,0.1
3610146,female,538.5,413.9,519.8,11-25,-0.1
3610148,female,581.4,472.9,536.0,101-200,1.1
3610149,male,292.5,285.9,303.6,11-25,-0.4
3610150,male,506.0,538.8,500.0,101-200,-0.8
3610152,female,656.1,623.2,642.6,101-200,0.9
3610159,male,346.6,351.3,452.1,26-100,0.4
3610160,male,385.3,458.4,388.8,26-100,-0.8
3610161,male,467.7,464.4,463.8,101-200,0.3
3610165,female,575.8,540.2,583.6,101-200,1.0
3610166,male,550.8,552.7,586.7,26-100,-1.1
3610168,female,487.7,551.4,564.2,201-500,0.2
3610169,male,675.3,734.4,731.8,201-500,0.8
3610170,female,650.2,654.5,642.1,201-500,1.3
3610171,male,513.7,555.3,478.1,26-100,0.5
3610172,male,515.3,412.9,545.2,101-200,1.4
3610174,female,506.7,506.7,500.2,201-500,0.6
3610176,female,540.3,553.0,559.2,101-200,1.1
3610177,male,530.2,566.3,468.3,101-200,0.9
3610184,female,524.0,571.4,550.6,101-200,1.0
3610187,female,485.9,479.1,441.3,101-200,-0.5
3610188,male,386.2,425.2,443.0,0-10,-0.2
3610189,female,599.1,656.6,540.6,101-200,0.2
3610190,female,464.9,400.8,446.3,26-100,0.7
3610191,male,279.7,266.8,169.3,11-25,0.3
3610192,male,527.6,615.0,603.0,101-200,0.7
3610193,female,491.8,630.1,528.4,101-200,0.3
3610194,female,477.4,476.0,455.3,101-200,0.9
3610196,female,297.6,379.7,400.5,11-25,-1.6
3610199,female,485.5,501.3,571.2,26-100,1.3
3610200,female,635.5,693.9,645.2,201-500,1.4
3610201,female,487.8,538.9,607.3,101-200,1.1
3610202,female,460.1,474.2,564.0,201-500,0.7
3610206,female,462.4,486.4,430.9,26-100,-0.3
3610208,female,590.7,615.9,603.6,101-200,0.1
3610211,male,450.4,518.0,468.7,101-200,1.1
3610213,female,423.3,381.3,422.6,26-100,0.6
3610216,female,383.3,404.7,454.5,101-200,-1.0
3610217,male,458.9,400.1,414.2,more than 500,1.1
3610218,male,513.0,575.2,664.3,101-200,0.5
3610219,female,507.7,596.8,510.8,101-200,0.0
3610220,male,420.5,459.4,391.3,0-10,0.4
3610221,female,350.4,437.7,422.9,11-25,-0.2
3610222,male,452.3,404.3,379.0,11-25,0.2
3610225,female,405.3,375.1,402.6,11-25,-2.3
3610228,female,480.9,426.8,591.0,26-100,0.8
3610230,male,594.2,501.0,651.5,101-200,1.2
3610232,female,415.3,523.0,464.6,201-500,-0.2
3610233,male,674.5,728.7,720.5,201-500,0.6
3610234,female,423.7,407.1,411.5,101-200,0.6
3610235,female,635.9,605.8,575.7,more than 500,0.4
3610236,female,520.9,393.4,456.0,more than 500,1.4
3610237,male,518.1,466.2,549.4,26-100,-1.3
3610239,male,517.1,509.1,532.9,101-200,0.8
3610240,male,512.3,371.1,582.3,more than 500,0.4
3610242,male,465.4,431.2,469.0,26-100,1.1
3610244,female,363.2,555.5,371.2,11-25,-0.6
3610245,male,506.6,582.6,560.2,more than 500,0.8
3610248,male,668.3,571.0,549.6,101-200,1.1
3610249,female,479.7,553.8,528.6,more than 500,0.4
3610252,female,528.0,508.3,584.3,101-200,-0.3
3610254,female,467.2,595.7,511.1,more than 500,-0.6
3610256,male,338.3,364.7,376.4,201-500,-0.7
3610257,male,481.5,504.8,528.6,0-10,-0.6
3610259,male,471.6,480.2,470.6,26-100,-0.4
3610260,male,310.7,347.4,372.3,11-25,0.6
3610262,female,438.2,496.5,497.7,more than 500,0.8
3610263,female,621.2,763.3,631.2,more than 500,1.5
3610265,male,415.0,425.5,442.6,101-200,-1.6
3610266,female,491.4,484.8,534.6,101-200,1.2
3610267,female,418.7,422.5,383.6,0-10,0.0
3610268,male,423.3,439.2,458.2,101-200,0.1
3610269,male,422.8,418.6,468.0,201-500,1.3
3610273,female,463.1,488.2,438.7,201-500,0.3
3610275,female,421.6,450.2,460.7,26-100,0.3
3610276,male,416.2,271.9,496.9,201-500,1.1
3610277,male,371.1,300.5,256.6,0-10,-0.0
3610280,male,627.7,571.8,671.1,101-200,0.2
3610281,female,486.0,536.6,574.7,101-200,0.3
3610283,male,399.7,515.0,408.2,11-25,-1.7
3610284,female,384.4,378.2,409.0,11-25,0.0
3610285,male,648.9,691.4,745.9,101-200,1.0
3610287,male,379.0,405.2,351.2,11-25,-0.4
3610288,female,408.8,470.6,491.0,26-100,0.6
3610290,female,567.9,575.1,585.2,101-200,0.9
3610292,male,442.4,557.5,441.6,101-200,-0.9
3610294,male,482.7,477.5,510.0,201-500,0.7
3610303,male,538.5,501.9,494.8,26-100,0.5
3610304,male,265.4,282.0,313.1,0-10,0.2
3610306,female,411.3,421.4,434.0,11-25,0.8
3610308,male,439.4,478.7,484.5,26-100,0.9
3610310,female,647.1,653.3,694.5,101-200,1.1
3610312,male,434.9,486.2,566.7,26-100,-0.4
3610313,male,648.2,681.1,627.2,201-500,-0.4
3610314,male,336.3,362.2,335.7,11-25,-1.4
3610315,male,634.6,594.8,638.3,26-100,-0.0
3610320,female,568.2,687.8,630.2,101-200,0.0
3610321,female,494.6,540.8,601.1,0-10,-1.1
3610322,male,355.6,364.9,361.5,201-500,-0.0
3610323,female,404.9,451.8,420.2,more than 500,-0.1
3610324,female,357.8,219.9,288.0,101-200,-0.5
3610326,male,466.2,449.8,543.4,101-200,1.4
3610327,female,681.1,699.8,611.6,201-500,1.0
3610328,male,512.6,470.2,513.7,201-500,0.8
3610329,male,574.2,698.6,636.3,201-500,0.7
3610330,male,533.9,578.1,577.6,26-100,0.7
3610332,male,548.4,410.3,560.5,more than 500,1.5
3610334,male,557.2,572.0,515.3,more than 500,1.3
3610335,female,401.7,373.3,418.8,101-200,-0.3
3610336,male,623.5,563.1,562.3,201-500,0.6
3610339,female,456.2,418.6,524.6,201-500,1.1
3610341,female,447.4,450.1,455.6,more than 500,1.2
3610342,female,528.4,516.3,463.7,201-500,0.9
3610345,male,427.7,471.3,483.3,101-200,0.6
3610349,male,665.2,569.4,642.9,101-200,0.3
3610352,female,471.3,462.4,438.7,more than 500,0.5
3610355,female,510.2,428.9,571.8,more than 500,1.1
3610357,male,341.8,395.4,323.9,101-200,-0.5
3610359,female,444.2,430.6,424.9,26-100,0.9
3610360,female,578.1,635.4,567.7,101-200,0.9
3610361,female,348.7,379.2,386.7,11-25,-1.1
3610362,female,356.9,447.9,414.5,more than 500,0.5
3610363,male,367.9,273.1,280.2,0-10,0.8
3610364,female,514.8,527.5,525.3,11-25,0.8
3610365,male,512.8,562.1,549.2,201-500,1.6
3610367,female,701.7,566.4,669.8,11-25,0.2
3610368,male,427.7,435.9,480.5,26-100,0.6
3610369,female,483.0,535.8,489.1,101-200,0.6
3610371,female,386.0,358.6,389.8,11-25,-0.1
3610373,male,470.1,511.6,440.0,101-200,0.2
3610374,female,546.4,505.6,518.9,101-200,-0.3
3610375,male,438.7,429.5,529.9,101-200,-1.0
3610376,female,626.6,730.1,701.9,101-200,1.1
3610377,female,277.2,216.0,375.9,11-25,0.3
3610384,male,402.1,459.6,411.3,26-100,-0.3
3610386,male,378.0,365.3,412.2,201-500,0.9
3610388,male,559.0,552.4,518.9,201-500,1.4
3610391,female,460.8,468.0,535.7,101-200,0.9
3610394,female,486.6,599.8,493.7,101-200,0.8
3610395,male,632.9,656.4,753.8,more than 500,1.4
3610398,male,504.8,516.7,552.2,201-500,1.1
3610399,female,615.2,695.1,680.1,101-200,-0.7
3610402,male,354.9,363.2,360.3,11-25,-1.1
3610404,male,312.5,303.3,332.2,11-25,0.8
3610405,female,419.3,546.1,428.9,201-500,-0.1
3610407,male,488.5,350.7,481.6,101-200,0.0
3610409,female,392.7,469.6,402.2,201-500,0.5
3610410,male,436.7,449.3,451.1,26-100,0.8
3610411,male,524.4,580.3,490.4,201-500,1.3
3610412,male,421.7,545.4,493.0,11-25,0.1
3610413,female,439.7,429.8,364.2,11-25,-1.8
3610414,male,549.4,518.2,415.3,101-200,0.7
3610417,female,484.1,584.1,617.5,more than 500,0.5
3610418,female,638.1,699.1,631.5,201-500,1.2
3610419,female,490.5,470.1,448.9,26-100,0.4
3610421,female,609.1,589.4,545.2,101-200,0.8
3610423,male,618.3,599.3,601.2,11-25,1.0
3610424,female,520.5,610.7,575.1,more than 500,1.4
3610425,male,419.9,513.1,519.1,26-100,-0.9
3610426,female,330.5,394.5,404.6,101-200,0.1
3610427,male,408.4,467.1,441.8,26-100,-0.1
3610428,male,447.9,420.0,425.1,26-100,-0.7
3610430,female,484.6,545.0,496.8,11-25,0.6
3610431,female,587.2,645.0,597.2,26-100,0.8
3610433,female,393.1,459.6,451.3,201-500,0.9
3610435,male,454.9,347.9,500.6,101-200,0.7
3610437,male,527.8,576.9,622.6,101-200,0.9
3610438,male,542.3,394.9,567.9,101-200,-0.2
3610440,male,578.2,565.3,611.0,more than 500,1.2
3610441,male,545.5,624.5,512.7,more than 500,0.5
3610442,female,588.2,525.7,569.4,101-200,0.3
3610444,male,491.6,514.4,511.9,more than 500,1.1
3610446,female,360.4,428.5,382.8,201-500,0.2
3610447,female,349.5,396.1,372.4,26-100,-0.2
3610450,female,521.2,480.5,544.9,101-200,-0.3
3610452,female,388.5,599.8,460.2,more than 500,0.3
3610453,female,543.8,513.7,578.0,more than 500,1.4
3610454,male,510.5,499.0,428.2,11-25,0.5
3610455,female,427.6,543.4,498.0,101-200,0.7
3610456,female,459.7,636.0,545.2,101-200,0.4
3610459,female,436.6,496.9,443.7,11-25,1.1
3610460,female,488.2,580.1,568.2,101-200,0.3
3610461,female,527.1,637.2,602.9,201-500,0.5
3610462,female,446.2,428.8,533.0,201-500,-0.4
3610464,male,451.3,429.3,429.4,more than 500,1.2
3610465,male,323.5,367.8,357.7,101-200,1.0
3610466,female,527.8,489.4,559.1,201-500,0.8
3610467,male,403.7,512.2,445.0,201-500,1.2
3610468,female,348.2,331.6,356.8,0-10,0.8
3610469,male,550.3,552.0,529.5,more than 500,1.2
3610472,female,565.4,537.9,576.3,more than 500,0.4
3610473,female,516.0,641.1,576.9,201-500,1.3
3610474,male,589.8,556.3,605.2,101-200,-0.4
3610475,female,427.5,450.4,475.8,11-25,0.8
3610476,female,517.8,642.4,593.5,201-500,1.2
3610479,female,532.8,630.8,658.8,201-500,1.2
3610483,male,596.8,672.1,584.0,11-25,0.7
3610485,female,389.3,482.6,402.1,201-500,1.6
3610489,female,331.6,283.6,251.5,201-500,0.6
3610491,female,448.5,585.4,502.2,201-500,0.9
3610493,male,545.0,603.1,669.4,201-500,0.9
3610495,female,598.8,666.3,643.8,101-200,-0.1
3610498,female,367.5,371.8,443.0,more than 500,0.5
3610499,male,533.1,402.5,523.0,201-500,1.4
3610501,male,652.8,656.1,622.8,201-500,0.4
3610502,male,467.0,527.1,480.0,11-25,0.6
3610503,male,395.8,365.7,380.5,26-100,-1.0
3610504,female,480.5,462.5,531.1,0-10,-0.5
3610505,female,490.2,503.7,412.1,201-500,0.5
3610507,female,622.4,602.9,659.7,201-500,0.5
3610508,female,379.4,334.7,400.5,101-200,-0.6
3610509,male,581.4,697.1,739.4,26-100,-0.6
3610510,male,568.9,470.3,536.5,26-100,0.9
3610511,male,516.0,453.9,450.0,101-200,-0.6
3610513,male,277.4,277.9,237.2,101-200,0.2
3610514,male,476.4,538.4,480.5,more than 500,1.2
3610515,male,743.0,773.4,770.2,201-500,1.3
3610516,female,475.4,625.2,614.5,more than 500,0.5
3610518,female,529.1,543.3,526.2,201-500,1.6
3610519,male,496.4,460.5,523.6,101-200,1.0
3610520,female,598.2,464.6,516.0,201-500,0.7
3610523,male,459.0,404.9,457.1,0-10,-1.4
3610524,female,424.9,456.0,488.6,101-200,1.8
3610526,female,459.1,497.0,514.8,26-100,0.4
3610527,female,457.6,523.2,513.9,201-500,0.7
3610528,male,551.8,542.6,648.3,more than 500,1.4
3610529,female,466.7,486.9,453.7,201-500,1.4
3610531,female,670.5,679.2,726.0,201-500,0.9
3610533,female,369.3,416.6,442.4,101-200,0.7
3610535,male,507.2,515.3,484.8,201-500,1.4
3610536,male,666.0,672.2,626.6,201-500,0.6
3610541,male,392.5,388.3,389.6,26-100,0.1
3610542,female,615.4,528.3,568.7,101-200,-1.2
3610548,male,625.5,536.4,652.8,101-200,-0.4
3610550,male,490.8,466.6,485.1,101-200,0.7
3610551,male,418.5,370.4,433.5,201-500,0.2
3610552,male,451.3,374.7,478.5,101-200,1.2
3610554,male,604.8,530.5,698.0,201-500,0.9
3610555,female,470.1,500.1,572.8,26-100,-0.9
3610556,male,519.6,511.3,464.0,11-25,-1.2
3610557,male,369.8,313.5,509.1,26-100,-1.1
3610562,male,598.1,585.6,527.4,101-200,1.4
3610565,male,550.8,558.0,507.3,101-200,0.9
3610567,female,534.9,638.3,474.7,101-200,1.1
3610570,male,759.4,778.2,721.4,26-100,0.6
3610572,female,558.6,539.4,663.7,101-200,0.9
3610573,male,395.4,365.0,424.1,0-10,0.5
3610574,female,530.8,402.7,561.9,more than 500,0.9
3610575,female,341.2,323.0,370.2,26-100,0.2
3610580,male,503.0,560.3,531.9,101-200,0.7
3610581,female,572.5,526.1,531.6,101-200,-0.2
3610584,male,531.7,480.0,490.0,11-25,-0.9
3610586,female,270.3,369.0,302.5,101-200,0.5
3610587,female,516.1,517.1,521.3,101-200,0.6
3610589,female,634.9,684.4,629.6,more than 500,0.8
3610590,female,512.5,577.6,564.4,201-500,-0.3
3610591,female,516.9,555.3,540.3,more than 500,1.5
3610592,female,537.0,518.3,531.5,26-100,-0.2
3610594,male,603.0,564.0,596.6,101-200,0.8
3610595,male,386.6,481.0,339.7,11-25,-0.4
3610596,male,356.2,305.8,441.9,11-25,0.2
3610597,female,587.3,614.2,581.2,more than 500,0.1
3610600,male,328.0,344.8,396.2,101-200,-1.1
3610607,male,632.5,678.4,669.5,201-500,0.5
3610608,female,631.0,626.5,635.4,26-100,1.0
3610610,male,374.5,434.1,495.8,26-100,-1.6
3610611,male,657.5,588.9,672.0,201-500,-0.1
3610613,male,487.8,450.4,478.3,11-25,0.2
3610614,female,480.7,570.8,526.2,201-500,-1.9
3610615,male,592.7,571.9,565.7,26-100,1.0
3610617,female,458.6,458.8,560.8,more than 500,1.7
3610618,male,362.3,391.1,478.9,0-10,-0.4
3610619,male,488.0,580.3,616.0,more than 500,1.3
3610623,male,536.5,495.4,501.6,101-200,0.4
3610625,female,525.4,525.8,525.9,11-25,-0.1
3610628,male,587.4,539.6,545.4,201-500,1.2
3610633,female,509.2,552.5,625.9,more than 500,-0.1
3610635,female,424.5,457.5,478.2,26-100,-0.4
3610637,male,637.9,536.7,618.9,101-200,1.2
3610638,male,583.6,570.9,570.0,101-200,0.9
3610639,male,406.6,358.1,367.1,11-25,0.6
3610641,male,411.7,386.8,417.0,26-100,0.4
3610642,female,601.0,656.7,606.0,more than 500,1.3
3610646,male,323.6,345.5,228.3,11-25,-0.8
3610649,male,313.1,325.5,294.1,101-200,-0.1
3610651,male,528.5,596.9,615.1,201-500,1.2
3610653,female,472.0,578.3,433.2,101-200,-0.0
3610657,female,381.0,421.6,342.4,more than 500,1.3
3610658,male,349.0,369.9,371.2,26-100,0.6
3610659,male,451.8,469.3,437.2,201-500,-0.6
3610662,female,300.9,345.2,278.7,101-200,0.6
3610663,male,281.5,375.5,280.2,0-10,-2.2
3610664,female,581.4,661.2,538.4,101-200,1.0
3610665,female,402.6,321.5,331.2,101-200,-1.6
3610670,female,465.4,472.0,512.0,more than 500,0.3
3610671,male,423.9,341.3,414.4,11-25,0.4
3610673,male,287.3,234.7,247.2,101-200,0.5
3610674,female,381.1,378.2,367.1,11-25,-1.3
3610675,male,449.7,491.6,552.4,26-100,-0.6
3610676,female,563.1,580.2,606.9,201-500,0.5
3610677,female,435.4,510.0,505.0,26-100,0.5
3610679,female,433.6,412.1,489.7,101-200,-0.1
3610681,male,413.6,357.2,434.4,101-200,0.2
3610682,male,528.8,487.8,565.4,101-200,1.3
3610683,male,521.0,532.8,516.2,201-500,0.3
3610684,female,511.3,630.6,523.9,101-200,0.6
3610686,female,370.4,495.7,482.7,101-200,-0.2
3610687,male,537.5,615.7,662.7,101-200,-0.8
3610689,female,504.0,495.4,543.1,201-500,1.2
3610690,female,607.4,636.8,664.0,101-200,0.2
3610693,female,492.0,548.1,497.1,more than 500,1.7
3610694,female,461.7,476.8,460.8,11-25,-0.1
3610696,male,621.1,569.5,628.2,26-100,0.3
3610698,male,451.3,506.4,569.3,201-500,1.0
3610699,male,560.5,583.7,522.0,201-500,1.3
3610700,female,442.6,570.0,485.4,201-500,0.8
3610701,male,628.9,525.9,553.8,101-200,1.2
3610702,male,655.8,618.8,681.0,101-200,0.4
3610703,male,631.1,658.4,680.9,201-500,1.1
3610704,male,476.6,339.8,411.0,101-200,-1.4
3610705,female,515.1,507.5,463.3,26-100,0.5
3610707,male,553.3,543.2,596.5,101-200,0.9
3610709,female,340.0,428.5,430.0,more than 500,-0.5
3610710,female,527.8,410.2,507.9,101-200,0.7
3610711,male,529.6,506.1,506.5,11-25,0.5
3610712,female,428.5,472.6,477.9,201-500,0.4
3610713,female,460.8,451.6,508.3,101-200,1.0
3610714,female,479.8,473.0,451.0,more than 500,-0.7
3610715,female,414.6,507.7,385.7,101-200,-1.7
3610718,male,447.3,469.4,453.5,201-500,0.3
3610720,female,544.3,566.3,609.2,more than 500,1.2
3610722,male,444.9,548.4,526.3,26-100,-0.2
3610726,female,461.8,426.1,442.3,more than 500,0.7
3610727,male,580.7,624.1,628.2,201-500,0.8
3610728,female,620.3,662.5,688.5,more than 500,1.3
3610733,male,367.6,328.3,346.3,201-500,1.1
3610735,male,567.0,591.1,564.1,101-200,0.8
3610736,male,549.7,515.2,556.5,201-500,0.5
3610737,male,517.9,522.2,534.2,101-200,0.5
3610738,male,551.4,602.9,572.5,26-100,0.8
3610740,female,278.3,294.0,333.3,11-25,-0.0
3610743,female,620.6,565.8,580.8,201-500,1.0
3610744,female,519.2,463.9,509.6,11-25,-0.2
3610745,male,644.0,610.1,625.8,101-200,1.0
3610746,female,529.1,627.2,498.5,26-100,-0.9
3610747,female,318.1,319.8,325.3,101-200,0.2
3610748,female,334.1,381.4,371.4,201-500,0.1
3610749,female,478.0,412.9,562.7,101-200,0.5
3610750,male,618.3,678.8,711.0,more than 500,1.5
3610751,female,462.2,488.0,455.2,101-200,-0.1
3610752,female,500.0,510.2,422.9,more than 500,1.2
3610753,male,639.4,645.2,672.5,more than 500,0.2
3610754,female,531.9,493.8,590.7,201-500,1.1
3610755,female,540.4,522.7,609.7,201-500,1.1
3610756,male,606.3,538.6,615.8,101-200,0.9
3610757,male,381.7,455.8,485.4,0-10,-0.9
3610759,male,548.3,485.0,498.5,101-200,0.1
3610762,male,616.3,596.8,662.0,101-200,0.8
3610763,male,381.0,271.8,377.5,26-100,0.6
3610764,female,554.5,579.5,565.7,101-200,0.5
3610765,male,567.6,690.7,583.6,26-100,0.9
3610766,female,463.2,534.6,439.7,201-500,0.4
3610767,female,361.4,576.7,426.6,101-200,-1.4
3610768,male,368.2,377.8,322.8,more than 500,1.1
3610769,male,548.3,581.9,545.9,26-100,-0.1
3610770,female,504.3,575.8,419.9,11-25,0.0
3610772,male,601.8,609.9,663.6,101-200,0.5
3610774,male,583.8,665.3,538.3,26-100,0.7
3610775,male,565.7,498.9,593.4,101-200,0.6
3610776,female,761.1,708.1,735.0,more than 500,1.7
3610777,male,627.8,555.1,645.8,0-10,-1.6
3610778,female,599.9,623.2,594.5,201-500,1.3
3610780,female,379.0,473.2,470.6,26-100,0.8
3610781,female,442.4,532.4,511.8,26-100,0.7
3610782,female,420.0,458.5,402.9,201-500,0.9
3610786,male,614.2,575.0,573.3,201-500,1.1
3610788,female,292.4,316.8,415.8,26-100,-0.4
3610789,female,275.5,242.3,244.2,11-25,-0.1
3610790,female,575.4,536.0,661.9,101-200,0.8
3610792,male,461.5,556.8,548.0,101-200,1.2
3610794,female,517.5,437.6,598.2,11-25,0.7
3610795,male,667.8,619.1,729.2,101-200,1.2
3610796,male,563.6,659.3,616.4,101-200,-0.2
3610797,female,273.8,237.3,251.7,201-500,-1.6
3610799,female,546.7,575.2,574.8,201-500,1.4
3610806,male,482.3,587.8,545.9,101-200,0.1
3610807,female,339.2,307.6,272.6,101-200,1.0
3610808,male,597.6,521.3,656.2,101-200,1.1
3610811,female,586.2,600.2,646.2,more than 500,1.3
3610812,male,372.5,372.2,393.3,201-500,0.1
3610814,male,495.5,581.9,546.2,101-200,0.9
3610815,female,626.4,620.7,599.1,more than 500,0.6
3610818,male,592.3,594.5,578.3,101-200,0.4
3610820,male,468.0,468.0,457.3,101-200,0.3
3610821,female,592.8,567.1,464.0,101-200,1.0
3610823,male,501.9,571.4,433.6,11-25,-0.8
3610824,male,634.1,601.1,609.0,201-500,0.1
3610825,male,682.4,625.7,587.3,more than 500,0.6
3610826,male,441.1,349.1,396.0,101-200,-0.1
3610827,male,531.4,530.9,549.3,101-200,-0.4
3610828,female,329.4,353.2,332.4,101-200,-1.4
3610830,male,358.4,421.5,364.6,101-200,-0.7
3610832,female,567.2,611.9,614.2,101-200,0.4
3610833,female,497.2,573.2,578.3,101-200,-1.2
3610838,male,619.9,535.4,587.5,101-200,0.9
3610839,male,347.0,263.9,332.2,11-25,-0.9
3610842,female,614.6,669.3,652.2,more than 500,1.6
3610844,male,555.6,517.1,534.7,101-200,0.2
3610845,female,554.0,668.8,609.4,more than 500,1.6
3610852,female,614.8,663.5,600.1,0-10,-0.9
3610854,female,496.3,480.2,435.0,more than 500,1.2
3610856,female,434.3,544.6,519.6,201-500,1.3
3610857,male,383.7,424.0,431.0,101-200,-0.1
3610858,female,534.7,596.9,606.9,201-500,1.2
3610860,female,452.8,402.2,496.9,101-200,-2.6
3610861,female,499.8,567.7,513.7,101-200,-1.6
3610862,female,413.7,360.7,467.3,26-100,-0.2
3610864,female,543.5,578.5,546.0,more than 500,1.2
3610867,female,447.1,585.5,545.2,101-200,1.3
3610868,female,571.5,593.4,578.1,more than 500,1.4
3610869,female,470.5,514.1,483.4,101-200,0.9
3610870,female,635.8,623.1,728.2,101-200,1.2
3610872,female,382.8,462.7,426.3,201-500,-1.3
3610873,female,399.2,477.3,456.4,101-200,-0.5
3610874,female,478.9,594.9,557.1,101-200,0.9
3610875,female,429.0,464.2,482.9,26-100,-1.4
3610878,male,597.9,649.6,620.1,101-200,-0.3
3610880,male,440.8,472.6,527.4,101-200,0.8
3610885,male,542.8,561.8,613.5,101-200,1.1
3610886,female,334.5,468.3,475.6,101-200,0.3
3610888,male,601.1,503.3,665.1,101-200,0.4
3610889,female,696.0,598.4,661.1,101-200,1.1
3610891,female,487.8,521.4,596.9,201-500,0.1
3610892,male,573.6,507.7,559.2,101-200,1.0
3610893,female,410.1,434.4,401.7,11-25,-0.7
3610895,female,463.0,310.1,392.7,101-200,-0.1
3610897,female,434.0,464.6,431.5,26-100,1.0
3610898,female,616.6,487.8,590.5,201-500,0.7
3610901,male,511.6,581.8,455.4,201-500,-0.5
3610905,male,241.5,225.3,269.6,26-100,-0.6
3610906,male,358.3,314.1,316.7,101-200,-0.9
3610907,female,390.1,385.6,394.6,101-200,0.4
3610908,female,639.9,687.3,633.9,more than 500,1.7
3610909,female,426.4,452.7,412.3,201-500,0.8
3610912,male,588.4,497.6,603.9,26-100,1.0
3610914,female,368.0,452.6,443.6,201-500,-0.3
3610916,male,505.3,431.8,433.9,101-200,-0.5
3610917,female,594.6,567.9,477.2,101-200,-0.4
3610918,female,427.0,453.0,508.1,101-200,-0.9
3610920,male,572.3,508.4,602.2,101-200,-0.4
3610923,male,254.5,237.4,343.4,201-500,0.8
3610925,female,541.6,589.3,531.0,201-500,0.1
3610926,female,573.6,590.9,545.0,101-200,0.9
3610928,male,449.5,570.2,481.5,101-200,-0.9
3610930,male,553.8,582.7,621.3,201-500,1.0
3610932,female,601.2,491.2,534.3,more than 500,1.8
3610933,female,498.5,631.0,528.6,101-200,-0.3
3610938,male,308.7,381.3,322.9,26-100,-0.1
3610939,male,484.9,484.4,603.4,more than 500,1.3
3610942,female,195.7,271.6,315.9,11-25,-1.6
3610943,female,435.4,507.4,527.3,101-200,0.8
3610944,male,461.2,400.5,374.8,201-500,0.6
3610945,female,443.7,507.7,406.4,11-25,0.4
3610946,female,508.0,527.5,561.1,201-500,0.7
3610948,male,481.2,355.5,503.5,11-25,-0.2
3610949,female,576.1,587.1,649.7,201-500,0.7
3610956,male,348.1,264.8,375.1,201-500,0.6
3610957,male,494.8,517.9,471.4,26-100,0.7
3610958,female,373.5,346.5,413.5,26-100,0.2
3610959,male,441.3,447.9,425.6,101-200,-0.3
3610964,female,493.3,574.7,471.6,101-200,1.1
3610966,male,282.8,363.9,238.8,26-100,-1.2
3610970,female,600.7,763.7,626.1,201-500,1.4
3610971,male,378.8,405.7,520.8,more than 500,1.3
3610972,female,396.4,529.1,465.2,more than 500,1.2
3610973,male,358.1,503.6,427.1,201-500,-0.5
3610975,female,444.9,402.5,408.4,201-500,0.3
3610976,female,366.7,504.2,464.0,more than 500,0.8
3610979,male,328.1,320.7,371.3,26-100,0.3
3610980,male,409.0,357.6,374.4,101-200,1.3
3610981,female,471.3,613.0,509.1,more than 500,1.0
3610982,male,343.0,404.6,327.6,0-10,-0.4
3610983,female,381.0,373.3,389.9,11-25,-1.1
3610984,male,300.3,209.2,242.7,11-25,-0.2
3610987,male,430.9,458.0,466.0,26-100,0.4
3610989,female,372.4,458.7,395.0,101-200,0.9
3610991,female,511.7,522.3,481.1,101-200,-0.1
3610992,female,521.5,547.3,542.5,101-200,-0.2
3610994,male,436.7,308.6,493.1,26-100,-0.0
3610995,female,418.2,519.3,556.3,101-200,1.0
3610996,male,389.9,352.3,405.7,26-100,-0.8
3610998,female,396.9,452.4,388.3,201-500,1.1
3610999,female,570.6,561.6,573.9,101-200,1.0
3611000,male,458.4,382.6,507.5,201-500,1.0
3611001,female,452.0,438.9,549.6,26-100,-0.9
3611002,male,409.3,436.6,402.3,26-100,1.3
3611004,male,452.2,409.1,474.5,101-200,-0.3
3611005,male,480.9,414.3,494.7,101-200,0.3
3611007,male,473.0,450.0,431.3,more than 500,1.3
3611008,female,474.3,462.1,563.6,26-100,0.7
3611009,female,492.3,614.0,565.1,26-100,-0.4
3611010,female,604.5,660.1,579.2,101-200,0.1
3611011,female,476.0,464.7,522.6,101-200,1.0
3611012,male,554.7,514.6,587.5,101-200,-0.3
3611013,male,403.0,376.8,448.2,26-100,-1.0
3611015,male,652.7,686.4,615.5,201-500,1.0
3611016,male,561.0,591.3,555.6,201-500,0.0
3611017,male,487.7,455.1,548.2,more than 500,0.8
3611018,female,578.3,576.9,563.0,0-10,1.3
3611020,female,417.5,526.9,523.2,201-500,0.3
3611023,female,525.1,534.0,455.5,201-500,-0.5
3611025,male,475.4,390.5,528.7,11-25,-0.1
3611027,male,649.0,693.2,643.8,201-500,0.8
3611032,female,481.3,539.1,542.9,101-200,1.2
3611034,female,575.8,560.1,626.2,more than 500,1.0
3611036,female,478.0,644.9,577.4,101-200,-0.3
3611037,male,413.0,523.8,560.3,101-200,1.2
3611040,female,532.3,487.1,526.2,101-200,0.2
3611041,male,427.8,489.4,487.8,11-25,0.2
3611043,female,466.0,628.0,521.3,101-200,-0.2
3611044,male,492.3,620.8,540.4,11-25,-1.3
3611045,male,580.2,526.6,695.9,101-200,-0.5
3611047,female,439.9,484.3,446.1,11-25,0.1
3611048,male,674.7,717.1,740.9,more than 500,1.2
3611049,male,634.6,707.6,601.4,201-500,1.4
3611052,female,525.4,553.0,615.3,26-100,-1.0
3611055,male,484.1,515.5,579.1,26-100,0.6
3611056,female,289.6,261.0,330.5,0-10,-1.1
3611057,female,444.0,528.5,501.6,11-25,-1.6
3611059,male,349.4,308.7,328.1,101-200,-0.2
3611060,female,383.6,412.7,422.5,101-200,-0.7
3611061,male,328.4,313.8,274.5,101-200,0.3
3611062,male,540.2,480.6,518.0,101-200,-0.8
3611063,female,628.2,643.6,616.1,201-500,1.0
3611066,male,539.5,525.3,571.0,101-200,-0.4
3611067,female,546.3,555.7,534.3,26-100,0.5
3611070,male,499.7,507.3,444.8,101-200,0.9
3611073,female,414.3,362.7,443.5,101-200,-1.3
3611076,male,554.0,457.4,585.0,101-200,1.1
3611077,male,609.5,601.3,651.2,201-500,1.4
3611081,female,538.2,548.1,600.6,11-25,1.0
3611082,female,455.7,393.4,446.8,101-200,-0.7
3611083,female,491.9,531.6,486.0,26-100,-1.2
3611085,female,575.8,581.0,566.4,101-200,0.1
3611086,male,391.2,387.2,420.5,201-500,0.7
3611087,male,510.3,471.4,581.0,201-500,0.9
3611090,male,465.9,479.5,383.2,26-100,-1.5
3611093,female,547.0,532.3,560.4,201-500,1.3
3611094,female,611.3,611.2,667.4,26-100,0.3
3611096,male,528.5,543.9,547.5,more than 500,1.2
3611097,male,425.7,407.2,435.9,101-200,-0.4
3611098,female,602.0,639.6,523.0,26-100,0.8
3611100,male,480.4,402.9,550.8,201-500,1.3
3611101,female,525.6,507.8,608.4,101-200,1.0
3611102,male,598.7,488.9,562.8,101-200,0.8
3611104,female,432.1,491.4,462.5,26-100,-0.7
3611105,female,411.6,423.3,381.7,201-500,-0.4
3611107,male,435.2,423.8,461.5,101-200,0.6
3611109,female,354.6,349.3,399.8,201-500,1.0
3611110,male,481.6,549.9,604.5,201-500,1.1
3611111,male,436.9,394.5,437.3,11-25,-0.2
3611112,male,505.8,470.1,499.7,201-500,0.5
3611117,male,572.2,545.7,600.6,201-500,0.8
3611120,male,389.8,472.8,452.6,101-200,0.6
3611121,female,543.2,568.8,665.4,more than 500,1.1
3611122,female,525.0,529.1,550.2,more than 500,1.0
3611123,male,430.7,474.3,522.9,11-25,-0.9
3611126,male,453.2,400.4,432.1,26-100,0.9
3611127,female,579.3,582.5,524.4,101-200,0.6
3611129,female,517.9,524.0,458.0,101-200,0.7
3611130,female,374.6,393.0,378.8,101-200,1.1
3611132,female,551.1,672.3,645.7,201-500,0.7
3611133,male,349.0,338.8,424.8,101-200,-0.6
3611134,female,493.3,606.5,555.2,201-500,0.5
3611135,female,615.4,653.3,594.0,101-200,0.7
3611136,male,628.4,574.4,585.8,more than 500,1.3
3611137,male,491.0,540.0,494.6,101-200,1.1
3611138,female,516.8,528.8,440.9,101-200,0.8
3611139,female,560.9,584.8,604.1,201-500,-0.7
3611140,female,632.3,676.8,667.5,101-200,1.4
3611141,male,455.2,184.6,350.0,201-500,-0.8
3611145,male,572.6,650.5,512.4,101-200,1.0
3611147,female,638.2,679.1,606.2,201-500,1.2
3611148,female,557.1,532.0,593.1,101-200,1.2
3611149,male,403.7,454.1,394.8,201-500,0.6
3611151,male,532.3,563.4,565.8,201-500,0.6
3611152,male,485.9,466.4,543.2,more than 500,1.2
3611154,female,447.8,410.8,487.7,11-25,-1.4
3611156,female,381.2,344.8,366.9,0-10,0.9
3611157,female,651.5,697.1,600.7,201-500,1.9
3611160,male,404.1,447.1,414.1,101-200,-0.9
3611161,female,448.8,568.4,541.0,101-200,-1.0
3611162,male,427.4,406.7,405.4,201-500,-0.5
3611164,male,406.3,444.1,485.5,101-200,0.6
3611166,male,459.4,462.3,541.7,101-200,0.7
3611167,female,592.7,526.3,554.7,201-500,1.6
3611168,male,527.8,470.6,481.7,101-200,0.3
3611171,female,560.3,573.1,604.5,101-200,1.1
3611175,male,655.5,556.8,526.4,201-500,1.3
3611177,male,429.8,549.7,397.2,201-500,-1.0
3611179,female,552.2,657.0,569.2,201-500,1.1
3611180,female,570.2,533.0,536.3,26-100,0.6
3611181,female,637.8,564.4,672.8,more than 500,0.7
3611183,female,560.3,533.2,508.5,101-200,0.6
3611184,female,364.5,371.2,344.1,101-200,-0.1
3611185,female,633.4,677.3,636.8,26-100,1.2
3611186,male,343.3,429.4,440.5,201-500,-1.0
3611190,male,592.0,460.9,568.1,101-200,0.6
3611192,male,471.7,468.8,453.8,26-100,0.9
3611194,female,352.2,255.3,335.3,0-10,0.9
3611195,male,559.9,481.9,624.4,26-100,0.2
3611196,female,420.9,518.7,443.2,11-25,-0.0
3611197,female,427.8,627.8,520.4,26-100,-0.6
3611198,male,523.8,617.2,597.9,101-200,-0.3
3611199,female,501.5,550.3,530.6,101-200,0.0
3611200,female,376.8,400.1,445.6,201-500,-0.8
3611203,male,405.0,407.7,427.4,26-100,-1.1
3611204,female,508.4,595.5,503.2,101-200,0.9
3611207,male,629.6,659.8,696.6,101-200,0.6
3611208,female,610.0,634.8,701.6,101-200,1.0
3611209,male,462.6,476.2,456.2,101-200,0.9
3611212,male,362.1,477.3,526.2,101-200,1.3
3611213,male,479.1,421.3,494.6,201-500,1.4
3611214,female,626.3,615.1,638.3,101-200,1.0
3611215,male,545.2,550.0,561.8,201-500,0.7
3611216,female,444.1,457.0,554.6,101-200,0.7
3611217,male,524.3,531.0,553.5,more than 500,1.0
3611220,male,418.9,512.7,433.8,26-100,-0.4
3611221,female,586.2,564.0,554.6,26-100,0.5
3611222,male,421.9,380.1,457.9,101-200,-0.7
3611225,female,354.7,313.6,337.0,11-25,-2.4
3611226,male,467.5,454.3,322.3,101-200,-0.8
3611227,female,484.3,457.1,458.6,26-100,-1.1
3611228,female,532.2,586.9,515.5,26-100,0.7
3611229,male,430.5,508.8,507.0,101-200,0.2
3611230,male,518.2,427.0,524.6,11-25,1.0
3611233,male,588.4,644.7,551.2,26-100,0.5
3611234,female,440.2,476.6,446.1,201-500,1.0
3611236,male,591.0,558.1,666.9,more than 500,0.9
3611237,male,615.5,643.1,583.3,26-100,-0.4
3611239,female,476.0,470.8,401.3,201-500,0.5
3611241,male,298.4,220.1,340.1,more than 500,-0.2
3611242,female,389.1,491.0,490.3,26-100,1.1
3611243,male,524.9,605.5,644.0,101-200,0.8
3611245,female,451.5,468.8,507.4,201-500,-0.7
3611247,female,516.6,506.5,585.1,201-500,-0.5
3611248,female,413.7,418.1,613.4,101-200,0.9
3611249,female,453.9,559.0,457.5,more than 500,0.9
3611250,female,493.2,521.9,487.0,101-200,-0.8
3611251,male,514.7,376.5,497.3,101-200,0.8
3611252,female,370.4,369.9,437.1,101-200,-0.2
3611253,female,494.5,504.7,447.4,more than 500,-0.7
3611254,male,583.3,644.6,590.4,more than 500,0.9
3611257,male,448.6,401.6,428.2,more than 500,1.5
3611259,male,399.8,394.4,371.2,201-500,-0.5
3611261,female,528.2,653.3,612.0,more than 500,0.9
3611262,female,487.0,438.1,512.5,101-200,-0.1
3611263,male,540.2,520.6,558.0,101-200,1.1
3611265,male,472.1,461.4,483.8,26-100,-0.5
3611266,male,569.2,554.5,519.1,26-100,-0.4
3611267,female,548.9,504.4,489.5,11-25,0.9
3611270,female,411.4,385.3,422.5,11-25,-0.3
3611273,male,587.8,601.3,640.0,26-100,0.9
3611276,male,608.2,565.3,594.3,201-500,1.4
3611277,male,368.5,351.2,314.6,11-25,-0.5
3611278,female,458.5,450.8,340.9,11-25,-2.4
3611280,male,501.3,424.1,475.2,201-500,-0.3
3611281,male,372.5,464.0,501.1,11-25,-1.0
3611282,female,540.8,552.6,426.4,11-25,-0.2
3611284,male,483.3,489.3,528.5,26-100,0.3
3611285,female,386.5,505.1,476.1,11-25,-0.4
3611286,male,533.9,461.3,548.8,101-200,-1.2
3611288,female,326.6,398.9,365.4,11-25,-0.4
3611290,male,518.3,553.0,586.6,11-25,0.4
3611291,male,466.4,593.5,499.9,more than 500,1.4
3611293,male,525.3,610.6,523.4,101-200,0.1
3611294,female,621.1,560.9,622.3,201-500,1.5
3611296,male,438.2,449.2,450.4,101-200,0.8
3611298,female,279.5,335.6,346.7,11-25,-0.2
3611299,male,558.8,554.6,613.5,101-200,-0.4
3611300,male,593.0,584.6,501.2,201-500,1.1
3611301,female,490.8,529.8,527.2,26-100,0.6
3611302,female,493.7,553.7,574.6,26-100,0.9
3611303,male,326.9,290.5,392.9,11-25,-0.1
3611304,female,579.8,590.5,586.4,201-500,0.6
3611308,male,527.6,620.4,603.8,201-500,1.0
3611310,male,475.9,385.8,569.4,0-10,-0.3
3611312,female,396.0,488.1,369.4,201-500,0.7
3611313,female,338.2,269.0,329.0,201-500,1.3
3611315,female,564.2,567.2,620.2,101-200,-0.3
3611316,female,467.6,505.3,569.2,101-200,0.9
3611317,male,682.9,632.5,701.9,101-200,0.4
3611318,female,460.7,457.5,499.8,101-200,0.4
3611319,female,490.2,581.1,563.8,more than 500,-0.8
3611321,female,387.3,366.9,352.1,11-25,0.2
3611322,male,533.5,548.6,533.9,26-100,0.8
3611323,male,440.9,445.5,471.0,201-500,1.1
3611325,male,456.0,473.7,488.7,more than 500,0.8
3611329,female,403.9,542.8,465.3,11-25,0.4
3611331,female,464.0,533.7,475.8,101-200,0.6
3611332,male,500.2,410.4,450.2,101-200,-2.2
3611335,female,431.8,421.1,346.0,26-100,-1.7
3611336,female,711.8,777.3,738.5,more than 500,1.7
3611337,male,608.3,582.3,643.7,101-200,1.0
3611341,female,555.4,622.4,579.9,201-500,1.6
3611342,female,511.2,534.6,590.3,201-500,0.7
3611343,male,735.5,641.9,713.9,more than 500,1.1
3611344,male,371.5,243.1,328.5,101-200,0.1
3611345,female,541.0,626.6,446.1,101-200,-0.4
3611347,female,530.6,518.9,464.1,26-100,-0.6
3611349,male,337.7,256.8,378.8,26-100,-0.5
3611350,male,405.5,416.0,421.8,11-25,-0.3
3611353,female,382.5,469.7,464.9,more than 500,1.1
3611354,female,309.1,416.1,379.4,201-500,1.1
3611358,female,419.6,496.9,422.4,0-10,-1.3
3611362,female,612.5,568.2,567.6,more than 500,1.2
3611365,male,468.3,628.1,586.0,26-100,0.8
3611367,male,466.7,391.5,546.4,26-100,-0.7
3611368,male,511.1,537.0,493.2,101-200,-0.3
3611369,female,413.5,451.7,421.6,101-200,-0.0
3611370,female,379.5,435.5,459.1,26-100,0.6
3611371,female,375.6,473.2,406.2,26-100,0.3
3611374,female,349.8,481.6,377.6,more than 500,-0.3
3611376,female,544.3,594.8,640.7,more than 500,0.8
3611377,female,631.6,641.7,643.2,101-200,-0.1
3611378,female,525.3,524.6,529.2,11-25,-0.6
3611380,female,338.1,463.0,382.0,11-25,0.5
3611381,male,528.7,472.4,473.5,26-100,-0.1
3611382,female,459.8,434.8,452.4,more than 500,1.7
3611384,male,557.9,611.6,592.9,more than 500,0.7
3611386,female,340.6,294.8,336.1,101-200,-0.2
3611387,female,436.0,518.9,415.9,201-500,-0.0
3611388,female,557.5,513.4,634.5,more than 500,1.8
3611389,male,464.5,588.4,433.7,201-500,-0.9
3611391,male,424.6,472.9,387.0,26-100,-0.4
3611393,female,411.3,340.2,400.0,26-100,0.7
3611396,male,399.0,448.1,394.8,201-500,0.3
3611398,female,417.3,373.6,497.8,11-25,-0.4
3611399,male,570.0,488.0,501.0,more than 500,1.0
3611400,male,451.4,596.7,472.5,26-100,0.8
3611401,male,738.3,626.7,792.2,101-200,1.5
3611404,male,495.7,470.9,478.5,101-200,-1.0
3611406,female,318.4,313.5,316.0,0-10,-0.8
3611408,female,205.8,197.1,249.7,0-10,-1.8
3611409,male,577.4,473.1,595.0,101-200,1.3
3611410,female,457.2,538.9,519.8,11-25,1.0
3611411,female,474.0,538.4,487.0,201-500,1.2
3611412,female,557.1,564.5,499.2,101-200,0.9
3611413,male,604.4,577.7,600.0,101-200,0.5
3611415,female,369.3,472.0,441.7,201-500,-0.6
3611418,male,563.5,608.9,562.4,201-500,2.2
3611419,female,542.1,651.1,593.6,more than 500,0.9
3611421,male,246.9,187.6,259.6,0-10,-0.7
3611423,female,513.5,488.4,495.2,101-200,1.0
3611425,female,562.5,588.3,539.7,201-500,1.3
3611426,female,646.9,742.6,746.9,more than 500,1.2
3611432,female,697.8,735.1,732.5,more than 500,1.2
3611434,male,415.4,453.1,362.6,201-500,0.4
3611435,female,455.3,563.5,504.3,101-200,0.8
3611436,female,424.6,454.9,347.3,101-200,0.9
3611437,female,475.1,358.1,444.2,201-500,1.1
3611439,female,477.9,442.2,406.3,101-200,-0.9
3611446,female,464.5,403.1,496.4,201-500,1.7
3611447,female,611.9,607.8,570.9,201-500,0.9
3611448,male,613.3,521.9,634.9,101-200,1.3
3611449,female,672.0,638.7,679.0,more than 500,0.7
3611450,female,362.0,385.2,342.2,101-200,0.3
3611451,male,510.3,476.3,554.1,11-25,-0.3
3611453,female,465.3,503.7,455.3,101-200,1.1
3611454,female,400.3,463.8,416.1,0-10,-0.2
3611455,male,429.6,374.2,384.3,0-10,0.4
3611456,male,242.3,248.3,324.8,101-200,0.6
3611458,female,542.1,526.0,644.5,101-200,-0.5
3611459,male,478.7,521.5,596.7,11-25,-1.1
3611460,male,417.5,273.9,423.8,26-100,0.2
3611462,male,624.9,567.9,508.7,more than 500,1.0
3611463,male,456.4,535.6,496.7,201-500,0.4
3611465,female,450.2,501.3,508.3,101-200,-0.1
3611466,male,494.8,695.2,568.6,101-200,1.5
3611468,male,487.2,515.4,586.6,26-100,0.6
3611471,female,369.4,488.1,501.7,101-200,-2.0
3611475,female,531.5,607.5,418.1,201-500,0.8
3611479,female,530.1,577.5,624.5,101-200,0.7
3611480,female,305.0,313.3,254.0,11-25,-0.2
3611481,female,557.1,563.6,567.8,101-200,0.7
3611483,male,391.2,344.4,486.0,26-100,0.4
3611484,male,469.5,424.8,467.7,101-200,0.1
3611485,male,396.1,422.7,391.2,0-10,0.1
3611488,female,610.0,604.7,550.4,101-200,0.7
3611489,female,460.1,607.0,471.3,101-200,1.3
3611491,male,381.6,305.2,416.8,26-100,0.4
3611492,female,469.9,523.7,464.8,101-200,1.4
3611494,male,322.5,246.3,291.3,0-10,0.8
3611495,female,534.2,619.3,507.1,26-100,0.0
3611496,male,431.7,299.8,365.5,0-10,-1.9
3611499,male,564.3,535.4,658.2,101-200,1.3
3611500,female,479.7,572.5,506.3,101-200,0.5
3611501,male,454.3,445.0,431.3,101-200,0.8
3611504,female,408.3,450.3,505.8,26-100,-0.5
3611507,female,602.6,524.7,635.1,more than 500,1.2
3611508,male,541.7,612.8,524.5,201-500,0.3
3611509,female,331.6,406.5,368.5,26-100,-1.4
3611510,male,362.1,373.1,442.1,11-25,-0.4
3611513,male,471.8,479.1,385.0,101-200,1.0
3611515,male,382.9,373.5,348.0,101-200,-1.0
3611517,female,517.1,400.7,498.8,26-100,-2.2
3611518,male,405.8,416.0,452.9,101-200,1.2
3611521,male,574.1,617.2,651.9,more than 500,-0.2
3611522,female,504.0,603.6,509.4,101-200,1.3
3611523,male,487.8,463.8,594.9,more than 500,-0.7
3611524,male,554.7,423.1,548.8,101-200,0.2
3611525,female,376.4,473.7,406.1,11-25,-1.0
3611528,male,428.1,351.2,443.0,201-500,1.1
3611529,male,323.4,426.6,344.6,0-10,-0.2
3611530,male,585.1,557.3,577.8,201-500,1.2
3611533,female,386.7,318.7,366.0,101-200,-0.2
3611535,male,443.8,481.3,488.6,101-200,1.1
3611536,male,478.6,535.7,471.0,101-200,0.4
3611537,male,363.7,370.5,377.0,26-100,0.7
3611541,male,605.5,653.1,560.7,more than 500,0.2
3611542,male,734.4,607.6,715.8,101-200,1.0
3611543,female,392.8,486.7,432.8,more than 500,1.0
3611544,female,380.1,377.6,336.9,more than 500,1.4
3611545,male,536.6,526.8,481.4,101-200,-0.0
3611546,male,478.2,493.2,502.0,11-25,0.4
3611548,female,586.0,692.8,631.7,more than 500,1.2
3611551,female,626.0,601.8,707.2,more than 500,1.4
3611554,male,328.0,437.9,439.4,26-100,-0.1
3611556,female,492.6,560.7,491.9,201-500,0.9
3611557,female,448.5,528.8,570.5,101-200,-0.8
3611559,male,479.1,469.2,543.0,101-200,0.6
3611560,female,495.3,516.6,476.9,26-100,0.2
3611561,male,569.8,491.0,552.3,more than 500,1.7
3611562,female,319.8,330.1,369.6,more than 500,0.7
3611563,male,391.4,400.7,382.5,11-25,-2.3
3611565,male,517.7,598.8,665.4,201-500,0.5
3611566,male,352.5,319.4,347.6,101-200,-0.5
3611567,male,490.5,609.2,498.0,201-500,0.6
3611568,male,386.4,285.7,387.2,101-200,0.3
3611569,male,549.1,547.6,563.1,201-500,1.3
3611572,male,339.8,267.3,326.7,101-200,-0.4
3611575,female,479.8,465.9,457.3,more than 500,-0.7
3611576,female,563.8,604.0,604.5,more than 500,2.1
3611577,female,393.8,426.7,424.3,101-200,-0.2
3611579,male,489.0,454.5,472.1,0-10,-0.3
3611580,male,452.9,368.3,442.9,101-200,0.0
3611581,male,530.1,386.7,602.0,11-25,0.2
3611582,female,439.1,549.2,540.1,0-10,-2.6
3611583,male,346.7,284.2,255.0,11-25,0.0
3611586,male,546.9,661.0,656.2,11-25,0.6
3611588,male,617.4,618.1,669.8,201-500,-0.2
3611589,male,667.2,607.9,660.4,26-100,1.1
3611591,male,548.4,583.3,582.3,26-100,0.8
3611593,female,621.4,583.3,635.0,201-500,1.1
3611598,male,397.7,404.7,464.4,11-25,-0.7
3611599,male,415.6,439.8,469.7,101-200,-0.6
3611601,male,459.3,461.2,560.7,0-10,-1.0
3611603,female,476.6,524.8,439.8,101-200,0.6
3611604,male,569.1,562.3,639.8,more than 500,1.2
3611606,female,417.8,437.5,425.3,11-25,0.9
3611609,female,674.4,672.8,706.9,more than 500,1.4
3611611,female,597.8,620.0,587.5,more than 500,1.2
3611612,male,501.0,482.0,494.7,11-25,0.6
3611614,female,531.9,492.0,556.2,more than 500,1.4
3611617,female,574.7,653.0,578.4,201-500,-0.4
3611618,male,701.2,639.4,685.0,more than 500,0.8
3611621,female,284.9,249.0,310.3,11-25,-1.1
3611622,female,566.3,591.0,567.2,more than 500,0.6
3611623,male,282.8,438.9,325.1,101-200,-0.5
3611624,male,440.3,360.2,368.2,201-500,1.5
3611626,male,559.6,594.9,627.5,more than 500,0.9
3611627,male,433.0,478.8,410.2,101-200,1.0
3611630,female,486.1,473.5,525.9,26-100,0.2
3611631,male,631.6,575.2,564.1,more than 500,0.6
3611632,female,541.6,464.6,521.4,101-200,-0.8
3611633,female,504.9,538.1,536.5,101-200,0.9
3611634,male,617.4,606.5,550.0,101-200,1.1
3611635,male,591.6,577.2,635.1,201-500,1.5
3611637,female,591.3,679.5,636.6,101-200,0.5
3611638,female,423.4,505.6,525.6,101-200,-0.6
3611639,female,457.7,508.4,475.3,26-100,-0.1
3611640,female,405.9,466.3,370.1,more than 500,1.0
3611641,female,614.3,650.0,697.6,101-200,1.4
3611642,male,407.9,403.3,406.4,0-10,-0.4
3611645,male,457.7,383.8,520.2,101-200,0.7
3611646,female,554.8,591.3,582.5,101-200,0.3
3611648,male,429.2,461.4,377.5,201-500,0.2
3611650,male,461.0,365.3,466.4,26-100,-1.2
3611652,female,527.9,454.5,414.3,201-500,0.6
3611654,female,542.3,541.7,546.2,101-200,1.0
3611655,female,593.6,675.4,593.8,201-500,1.2
3611656,male,683.8,706.5,659.0,more than 500,1.4
3611657,male,666.1,616.2,673.2,101-200,0.2
3611659,female,384.4,404.4,458.4,11-25,0.7
3611660,male,447.1,483.4,510.6,201-500,0.5
3611661,male,571.8,616.3,497.2,101-200,0.2
3611662,male,689.1,593.5,664.1,more than 500,1.0
3611667,male,653.6,616.2,613.8,101-200,1.5
3611668,female,560.9,632.1,568.3,201-500,1.2
3611669,male,351.1,316.8,388.0,101-200,-0.3
3611670,male,500.3,506.7,501.2,101-200,0.9
3611672,male,411.2,344.0,350.2,11-25,-0.9
3611674,male,644.9,616.7,579.6,101-200,0.0
3611675,male,404.3,453.4,368.1,11-25,-0.1
3611677,female,497.8,497.4,435.5,201-500,-0.7
3611678,male,657.0,728.2,662.1,101-200,1.2
3611679,male,457.4,510.2,523.0,201-500,0.7
3611680,male,542.0,533.7,601.3,201-500,-0.3
3611682,male,543.8,522.1,581.6,201-500,0.1
3611684,male,508.5,348.9,468.3,11-25,-1.5
3611687,female,408.8,497.9,432.4,11-25,-1.6
3611690,male,470.2,427.6,421.6,201-500,-1.0
3611693,male,426.5,439.4,430.1,26-100,-0.1
3611695,female,413.2,484.6,507.2,11-25,-0.5
3611696,male,653.2,581.5,692.0,201-500,0.9
3611699,male,441.1,450.3,480.1,26-100,-0.9
3611703,male,482.9,528.0,568.6,more than 500,1.0
3611705,female,564.7,586.2,609.7,201-500,0.5
3611706,female,517.9,443.8,472.7,101-200,1.6
3611707,female,592.2,614.8,612.0,more than 500,1.1
3611709,female,484.6,529.5,510.5,101-200,0.7
3611710,male,512.0,534.1,594.3,101-200,1.2
3611711,female,537.6,490.0,608.4,101-200,0.1
3611714,female,478.3,562.7,563.4,more than 500,1.6
3611715,male,656.4,606.3,632.1,more than 500,1.3
3611718,male,525.9,516.0,532.8,101-200,0.8
3611719,female,401.0,424.9,519.8,26-100,-1.0
3611720,male,566.9,430.6,568.3,101-200,0.7
3611721,male,681.5,584.0,683.5,more than 500,1.2
3611723,female,480.5,453.2,518.4,26-100,-0.2
3611727,male,548.6,494.5,569.0,201-500,0.8
3611729,male,625.7,673.1,709.7,201-500,1.1
3611730,female,462.4,521.1,523.9,101-200,0.8
3611731,female,555.4,629.6,613.7,more than 500,1.0
3611733,female,584.2,592.1,593.4,more than 500,-0.1
3611734,male,507.4,432.2,519.1,201-500,0.4
3611735,female,409.8,488.4,437.5,0-10,0.5
3611736,male,611.0,649.2,568.2,more than 500,0.1
3611737,male,471.0,492.0,488.0,101-200,-0.9
3611738,male,472.5,450.4,456.3,101-200,0.1
3611739,male,550.3,469.3,594.9,26-100,-0.1
3611740,female,631.2,723.4,659.5,more than 500,1.2
3611741,female,574.6,554.3,580.5,201-500,0.6
3611742,female,400.2,482.7,493.6,26-100,-0.9
3611743,female,527.4,414.9,544.5,201-500,1.2
3611744,male,528.1,521.8,592.9,201-500,1.0
3611745,male,628.1,623.5,718.3,201-500,1.3
3611746,female,599.9,494.7,559.0,101-200,1.2
3611747,male,717.5,742.8,738.8,more than 500,1.0
3611751,male,290.5,329.4,408.6,0-10,1.4
3611752,female,425.6,463.7,479.4,more than 500,0.0
3611753,female,431.1,643.7,540.1,201-500,-0.2
3611754,male,537.9,500.4,520.5,more than 500,1.1
3611757,male,338.9,322.9,356.3,26-100,1.0
3611759,male,533.8,496.8,627.3,101-200,1.2
3611761,female,472.8,439.0,449.7,101-200,-0.1
3611763,female,414.8,490.6,475.7,201-500,0.6
3611764,male,488.6,470.2,436.1,201-500,0.8
3611766,male,474.6,466.7,496.1,more than 500,1.2
3611767,male,424.2,378.4,415.9,more than 500,0.1
3611770,female,504.3,617.3,604.6,more than 500,0.8
3611772,male,338.1,455.9,321.4,0-10,-0.6
3611773,male,557.4,542.1,564.5,101-200,0.8
3611774,male,370.0,363.9,319.0,201-500,-0.4
3611776,male,409.8,397.8,367.8,26-100,-1.1
3611777,female,537.3,638.3,630.8,more than 500,1.5
3611778,female,524.7,400.1,496.4,more than 500,0.1
3611779,female,699.7,704.8,694.3,more than 500,0.5
3611782,female,488.8,508.2,553.1,101-200,0.9
3611783,female,509.7,489.5,471.5,101-200,1.0
3611784,female,570.5,579.4,620.1,101-200,0.6
3611785,male,538.5,522.8,594.3,101-200,0.5
3611788,female,604.2,541.0,649.9,101-200,-0.4
3611789,male,625.8,714.8,583.6,26-100,1.1
3611790,female,533.4,560.0,585.9,11-25,-1.3
3611791,female,533.7,547.9,554.5,more than 500,1.0
3611795,male,433.4,407.4,452.8,201-500,1.2
3611796,female,310.7,254.5,264.3,more than 500,0.6
3611797,male,571.3,496.6,537.8,101-200,0.8
3611798,male,314.7,294.1,257.4,201-500,1.3
3611801,female,605.3,583.6,681.9,more than 500,1.1
3611805,male,406.5,400.8,395.7,26-100,-1.1
3611806,male,449.9,467.6,509.3,101-200,0.8
3611808,male,518.6,502.7,554.3,101-200,1.6
3611809,female,577.7,598.6,571.4,more than 500,0.9
3611811,female,381.0,479.3,440.7,201-500,1.1
3611812,female,411.3,534.9,477.0,26-100,0.3
3611813,female,384.8,392.6,398.6,101-200,1.3
3611814,female,345.3,423.3,389.8,26-100,0.6
3611816,female,362.1,348.8,353.3,26-100,0.0
3611817,male,582.2,481.5,465.5,101-200,0.8
3611818,female,448.4,436.0,446.8,101-200,0.5
3611819,female,419.5,491.2,439.2,11-25,-0.8
3611820,male,494.4,541.6,614.7,201-500,-0.9
3611821,male,595.5,666.2,653.7,201-500,0.9
3611822,female,576.8,621.2,576.1,26-100,0.5
3611823,male,495.6,372.7,479.1,26-100,0.5
3611824,male,421.5,399.8,413.6,101-200,0.0
3611825,female,522.3,386.5,544.1,more than 500,1.1
3611828,male,487.1,520.8,557.7,more than 500,0.7
3611831,male,530.5,412.3,564.4,0-10,-0.3
3611832,female,397.5,450.7,460.5,11-25,0.6
3611833,female,576.5,593.4,527.8,101-200,0.9
3611834,female,459.2,421.4,442.7,26-100,-1.5
3611835,female,469.4,551.5,492.0,101-200,-0.5
3611836,male,412.5,487.8,457.0,26-100,-1.5
3611839,male,342.2,300.4,290.6,0-10,0.7
3611840,female,563.2,560.3,551.5,201-500,0.9
3611844,male,466.7,500.9,381.6,101-200,-0.3
3611845,female,540.0,575.1,553.3,101-200,0.2
3611847,male,501.5,509.8,429.8,101-200,-0.4
3611849,female,276.4,285.1,320.4,101-200,-0.8
3611850,female,532.6,490.5,555.5,101-200,0.6
3611851,female,437.1,460.5,479.5,201-500,1.2
3611852,male,489.8,525.0,454.2,101-200,1.1
3611853,female,359.3,341.4,323.6,11-25,-0.2
3611854,male,457.7,628.6,529.7,201-500,-0.0
3611855,male,374.3,195.7,489.0,201-500,0.3
3611856,male,524.0,607.8,594.7,201-500,0.9
3611857,female,369.2,400.2,474.2,26-100,-1.5
3611858,female,461.9,443.4,453.9,0-10,-1.6
3611859,male,631.5,572.8,762.3,201-500,0.9
3611860,male,578.8,497.5,606.7,26-100,0.6
3611861,female,547.0,555.7,499.6,201-500,0.9
3611863,male,610.3,643.1,663.8,201-500,0.9
3611865,female,537.5,592.9,619.3,101-200,0.8
3611867,male,469.9,450.6,511.5,26-100,-0.1
3611868,female,397.5,435.0,439.8,101-200,0.7
3611869,male,478.0,460.8,551.3,201-500,1.0
3611870,male,504.7,419.9,488.4,26-100,0.4
3611871,female,516.4,663.9,534.7,201-500,1.0
3611872,female,530.3,491.0,510.7,201-500,1.1
3611874,female,478.2,558.8,507.8,26-100,0.8
3611877,female,510.4,455.5,511.8,101-200,0.7
3611878,female,414.0,338.5,355.6,11-25,0.6
3611879,female,564.7,553.3,594.5,101-200,0.7
3611880,male,583.8,565.9,551.3,201-500,1.2
3611881,male,266.8,245.3,353.4,101-200,0.9
3611886,male,643.9,646.7,755.9,11-25,1.2
3611887,male,507.1,567.9,542.2,101-200,-0.8
3611888,male,717.5,749.0,766.0,201-500,1.4
3611889,female,482.7,512.9,532.6,101-200,0.3
3611890,male,320.9,282.9,427.3,201-500,1.3
3611891,female,614.1,690.1,562.4,101-200,1.0
3611897,male,593.1,577.2,655.6,more than 500,1.2
3611900,female,684.3,701.3,765.5,more than 500,0.1
3611902,female,388.5,398.0,351.9,101-200,1.5
3611903,male,512.5,392.2,515.4,more than 500,0.7
3611904,male,422.7,465.4,452.2,0-10,0.4
3611905,female,491.4,418.7,464.1,201-500,0.6
3611906,male,456.5,407.7,438.1,101-200,0.9
3611907,female,605.4,613.2,658.9,more than 500,1.5
3611908,female,435.5,444.3,402.6,201-500,0.0
3611910,female,280.6,276.0,311.5,101-200,-0.7
3611911,female,449.8,414.2,522.3,26-100,0.4
3611912,male,581.0,482.6,526.6,101-200,1.3
3611914,female,329.3,350.3,356.8,more than 500,-0.2
3611917,female,429.5,500.0,481.0,101-200,-0.3
3611918,male,452.1,480.0,454.2,26-100,0.4
3611919,male,567.8,516.7,573.7,201-500,0.5
3611920,male,361.2,277.1,441.6,11-25,0.0
3611921,female,630.1,591.2,580.8,101-200,1.0
3611922,female,489.1,461.8,567.2,11-25,-1.4
3611923,male,370.4,501.4,423.8,101-200,-0.9
3611927,male,337.8,377.1,342.9,0-10,0.3
3611928,female,521.4,596.3,449.2,more than 500,1.1
3611930,female,533.3,453.0,560.4,11-25,0.6
3611931,female,489.0,585.1,479.1,101-200,-0.1
3611937,male,495.1,573.4,515.2,26-100,0.8
3611938,female,529.2,540.1,585.1,201-500,0.5
3611939,female,430.4,503.4,544.0,201-500,0.8
3611940,male,330.5,268.3,284.6,11-25,1.1
3611942,male,534.0,497.6,557.6,26-100,0.8
3611943,male,343.1,338.3,320.6,0-10,-0.6
3611944,male,610.9,592.5,546.1,101-200,0.8
3611946,female,486.6,566.3,450.4,101-200,-0.4
3611948,female,468.1,501.2,473.6,more than 500,0.6
3611949,male,587.2,595.8,616.5,201-500,1.3
3611950,female,471.2,492.2,445.6,201-500,-0.5
3611951,female,696.2,666.7,670.2,101-200,1.0
3611952,male,503.9,493.1,521.9,more than 500,-0.1
3611953,female,554.5,544.3,572.5,201-500,1.1
3611955,female,484.1,502.8,534.7,101-200,-0.3
3611957,female,361.3,396.4,419.4,11-25,-1.1
3611958,female,543.3,668.5,604.5,26-100,0.8
3611960,female,578.7,589.1,627.6,101-200,-0.0
3611961,female,407.1,365.1,367.9,101-200,-2.2
3611963,female,290.8,337.8,351.7,more than 500,1.1
3611964,male,536.5,541.5,566.4,101-200,0.6
3611967,female,453.2,484.8,476.8,201-500,1.7
3611971,female,450.9,538.1,531.4,more than 500,1.2
3611973,male,552.5,544.7,623.8,26-100,1.0
3611975,female,508.7,490.6,527.1,26-100,0.3
3611976,male,669.2,613.8,669.8,201-500,0.5
3611977,male,655.2,689.5,672.6,201-500,1.2
3611978,female,503.8,551.4,523.3,101-200,-0.1
3611979,male,382.3,398.8,389.3,101-200,-0.7
3611981,male,459.1,570.0,407.4,26-100,-0.2
3611982,female,432.5,482.7,483.0,26-100,0.1
3611983,male,489.6,394.4,380.0,26-100,0.1
3611984,male,659.9,619.3,599.9,201-500,0.8
3611987,female,487.6,495.3,460.4,201-500,-0.6
3611988,male,431.9,486.7,496.1,101-200,1.0
3611989,female,417.7,484.5,476.5,more than 500,0.8
3611990,male,480.3,370.5,532.7,26-100,0.1
3611991,male,608.4,573.9,551.3,101-200,0.4
3611992,female,388.6,413.9,413.6,11-25,0.5
3611993,male,479.5,452.1,545.0,101-200,1.5
3611995,female,519.8,553.9,527.0,101-200,-0.5
3611996,male,378.3,454.8,399.2,0-10,-0.5
3611998,female,488.8,507.7,489.4,101-200,-0.6
3611999,male,527.0,526.2,596.7,26-100,0.7
3612000,female,395.0,435.5,379.7,101-200,-0.7
3612001,male,714.9,667.5,630.9,more than 500,1.5
3612002,male,424.6,421.0,498.6,101-200,1.1
3612005,male,445.5,507.9,527.5,101-200,-0.1
3612007,female,512.0,570.0,532.6,more than 500,0.8
3612008,female,397.0,534.7,435.3,201-500,-0.4
3612009,female,489.0,432.0,477.4,101-200,-0.9
3612010,female,471.5,567.1,563.5,201-500,1.2
3612011,male,640.9,732.9,654.9,101-200,0.9
3612012,male,403.5,499.0,394.4,more than 500,1.2
3612013,female,444.1,419.7,486.4,101-200,0.7
3612014,male,500.7,622.6,498.2,more than 500,1.0
3612015,male,375.4,350.7,439.5,101-200,-0.8
3612017,male,524.0,643.1,532.4,more than 500,0.6
3612018,female,483.1,525.5,575.1,26-100,-0.5
3612019,female,393.9,486.1,409.4,more than 500,-0.2
3612020,female,426.5,506.1,472.6,26-100,-0.5
3612021,male,497.5,460.8,530.1,101-200,-1.4
3612022,male,457.3,556.8,420.4,101-200,-0.1
3612023,female,380.3,444.9,375.4,201-500,0.2
3612024,male,306.9,405.0,347.2,201-500,1.7
3612026,male,463.8,508.4,482.8,26-100,-0.5
3612027,female,528.8,525.8,591.1,101-200,0.7
3612028,male,427.6,382.4,449.3,more than 500,0.2
3612032,female,576.4,571.9,568.3,11-25,-0.4
3612033,male,475.3,370.3,425.4,101-200,0.2
3612035,female,526.9,568.5,578.1,201-500,0.1
3612036,male,508.2,433.2,469.2,101-200,0.4
3612037,male,539.8,473.7,542.0,101-200,0.6
3612038,female,488.2,494.0,502.0,26-100,-0.1
3612039,male,568.7,605.7,561.7,201-500,0.7
3612040,female,558.0,622.2,562.7,101-200,-0.2
3612042,female,418.2,490.9,370.9,11-25,-0.6
3612043,male,398.1,341.6,440.3,0-10,-0.9
3612044,female,512.6,583.4,585.3,more than 500,1.4
3612045,female,395.0,457.0,419.8,11-25,-0.3
3612046,male,388.3,372.7,304.2,11-25,-2.6
3612047,male,423.2,379.2,434.2,201-500,0.3
3612048,male,390.7,462.6,380.3,26-100,-0.5
3612051,female,443.6,440.2,473.3,more than 500,-0.0
3612054,female,445.6,463.2,514.5,26-100,0.7
3612055,male,374.5,380.1,320.2,11-25,-0.2
3612057,male,526.3,465.0,479.9,more than 500,0.2
3612059,male,578.7,543.4,517.8,26-100,-0.9
3612060,female,466.3,403.8,499.8,201-500,1.2
3612061,male,470.9,356.2,404.7,101-200,-0.4
3612063,male,518.7,530.3,534.4,201-500,1.0
3612064,female,370.7,505.4,423.8,101-200,0.7
3612065,female,651.7,644.1,662.3,101-200,0.7
3612071,male,414.3,308.9,294.2,11-25,1.9
3612072,female,600.4,655.9,635.3,201-500,1.2
3612073,male,366.0,378.3,328.4,11-25,-0.3
3612077,male,366.4,433.9,447.2,101-200,1.0
3612078,male,686.5,516.9,612.3,101-200,0.9
3612081,male,536.1,608.4,624.6,101-200,-0.1
3612085,male,465.5,483.4,511.4,0-10,-0.1
3612087,male,421.5,195.0,337.5,11-25,-1.0
3612088,male,561.9,528.5,551.3,101-200,0.9
3612090,male,482.4,525.7,441.2,201-500,1.2
3612093,female,538.2,591.0,547.4,11-25,-2.1
3612097,male,532.2,581.9,538.3,11-25,-0.4
3612100,female,460.3,414.3,402.0,26-100,1.1
3612101,female,512.9,442.7,546.4,more than 500,0.5
3612102,female,477.5,540.1,519.3,101-200,0.6
3612103,female,457.6,519.3,585.5,more than 500,0.6
3612106,female,669.0,611.9,869.8,more than 500,0.5
3612109,male,599.3,611.2,647.9,more than 500,1.4
3612110,male,388.4,445.4,451.5,11-25,-0.8
3612111,male,311.7,408.8,383.6,101-200,-0.3
3612112,female,552.1,590.6,615.3,more than 500,1.4
3612113,male,448.1,451.4,504.0,more than 500,0.4
3612114,female,510.4,630.0,491.8,101-200,-0.6
3612116,female,444.0,543.6,543.2,101-200,0.6
3612117,male,591.0,641.1,699.0,more than 500,1.2
3612118,female,496.5,592.7,536.1,11-25,0.6
3612119,female,452.7,547.8,547.9,101-200,0.9
3612120,male,368.7,299.5,322.6,0-10,-0.5
3612121,female,693.9,768.9,750.8,more than 500,1.4
3612122,female,410.9,465.6,342.6,201-500,-0.0
3612124,male,305.6,261.4,283.3,26-100,-1.4
3612125,male,466.1,454.4,454.6,101-200,1.3
3612126,female,368.4,435.3,420.1,11-25,0.0
3612128,male,563.5,551.3,580.4,201-500,1.3
3612130,female,207.7,116.6,207.4,11-25,-0.9
3612134,male,521.8,543.1,599.2,26-100,-0.0
3612135,male,656.8,493.7,637.1,101-200,0.7
3612136,male,497.1,515.9,518.1,101-200,0.5
3612137,female,411.4,404.0,367.6,11-25,-0.2
3612139,female,464.3,485.1,479.1,26-100,0.9
3612140,male,758.1,735.5,679.9,more than 500,1.5
3612141,female,459.8,495.0,483.3,11-25,-0.2
3612142,male,544.1,505.8,560.9,more than 500,1.1
3612143,male,460.2,445.6,510.8,26-100,-0.4
3612144,male,571.3,694.6,601.2,101-200,0.8
3612145,male,512.2,424.1,467.1,26-100,-0.2
3612146,male,645.9,659.7,660.0,201-500,0.8
3612147,male,508.4,573.0,470.7,101-200,1.8
3612148,female,666.0,631.9,656.5,more than 500,1.1
3612149,male,490.7,567.5,537.9,201-500,1.0
3612151,male,608.2,581.7,590.9,101-200,-0.4
3612155,male,532.1,581.0,489.2,201-500,1.1
3612158,female,456.7,558.5,438.5,11-25,0.7
3612159,male,568.2,542.6,641.2,201-500,0.3
3612161,male,384.9,325.8,440.3,26-100,-0.9
3612162,male,565.6,645.2,618.3,201-500,1.1
3612163,female,570.4,602.3,582.6,101-200,0.7
3612165,male,539.6,594.0,602.9,more than 500,1.1
3612166,male,485.2,515.8,477.3,26-100,1.0
3612168,female,288.9,366.2,342.2,0-10,-1.0
3612169,female,524.6,552.4,496.4,101-200,0.7
3612173,male,454.6,520.1,491.5,more than 500,0.8
3612174,female,632.6,654.9,640.2,201-500,1.3
3612175,female,427.5,566.3,438.4,11-25,-1.3
3612178,male,485.2,442.7,474.9,101-200,1.0
3612180,female,431.6,488.7,573.7,more than 500,1.0
3612185,male,415.4,398.3,379.1,11-25,-0.3
3612186,male,662.4,562.1,647.2,101-200,0.1
3612188,male,407.6,516.6,556.4,26-100,-0.7
3612192,female,481.9,566.8,523.4,101-200,-0.0
3612195,female,539.9,570.0,646.6,101-200,0.6
3612196,male,278.9,266.8,321.6,11-25,-0.8
3612198,female,369.7,492.3,409.0,11-25,-0.2
3612199,female,485.8,456.6,478.5,26-100,-0.4
3612205,female,400.0,533.0,469.4,201-500,0.4
3612206,male,579.7,517.2,589.7,201-500,0.1
3612208,male,419.4,378.3,449.8,26-100,-0.7
3612209,male,673.9,485.1,635.4,more than 500,1.4
3612210,female,390.3,453.7,450.8,101-200,0.5
3612211,female,315.6,249.1,292.5,11-25,-1.2
3612212,female,571.8,527.2,622.8,more than 500,0.9
3612214,female,512.3,538.8,525.8,201-500,1.7
3612216,female,526.9,548.8,466.5,more than 500,1.3
3612217,male,473.9,448.7,486.8,201-500,-0.6
3612218,male,457.4,546.7,545.5,201-500,0.8
3612219,male,533.0,589.4,655.2,101-200,0.9
3612220,male,626.8,632.4,637.7,201-500,1.5
3612222,female,485.3,521.7,515.7,26-100,0.3
3612224,female,573.5,501.7,560.3,more than 500,1.0
3612227,female,566.3,553.9,578.8,201-500,1.5
3612229,female,441.1,351.9,448.3,101-200,0.5
3612234,female,450.2,482.8,523.5,101-200,1.3
3612235,male,439.0,412.5,453.1,201-500,1.0
3612237,male,587.0,556.2,558.8,101-200,1.0
3612240,male,434.5,421.6,485.8,26-100,-0.1
3612242,female,503.9,539.4,493.2,101-200,0.8
3612244,female,554.9,531.4,618.3,101-200,0.9
3612246,female,531.4,521.3,564.5,101-200,0.9
3612247,female,441.1,549.4,547.6,201-500,0.5
3612249,male,329.5,196.1,379.6,11-25,-1.1
3612250,male,497.0,406.4,481.7,201-500,0.5
3612251,male,404.9,421.8,484.8,201-500,0.4
3612253,male,522.3,571.0,588.4,101-200,1.2
3612254,male,465.0,392.6,537.3,more than 500,1.1
3612257,female,674.0,629.3,636.4,26-100,-0.8
3612260,female,376.3,338.8,325.8,26-100,0.4
3612261,male,575.2,592.5,633.4,101-200,1.1
3612263,female,475.6,474.1,523.2,101-200,0.1
3612264,male,431.1,420.4,463.8,101-200,-0.4
3612265,male,514.0,639.3,639.5,201-500,1.3
3612266,male,449.6,516.6,538.9,201-500,-0.8
3612269,male,664.8,741.5,692.9,more than 500,1.0
3612270,male,388.5,366.4,426.8,26-100,-0.2
3612274,male,292.0,388.4,216.8,11-25,-0.6
3612275,male,548.3,493.2,555.5,11-25,-0.3
3612276,female,406.3,328.2,410.0,more than 500,1.4
3612278,female,466.5,488.4,413.2,26-100,-0.5
3612279,male,313.1,397.4,279.2,101-200,0.8
3612280,female,479.7,608.3,533.9,11-25,0.8
3612282,female,493.8,616.8,546.7,201-500,0.8
3612283,male,439.9,483.9,432.3,201-500,-0.5
3612284,male,562.2,540.1,553.3,101-200,1.2
3612286,male,524.8,494.4,564.7,more than 500,1.4
3612287,female,479.8,579.1,512.4,11-25,1.3
3612288,female,361.1,390.2,437.8,11-25,-3.2
3612291,male,570.1,500.5,543.1,more than 500,1.2
3612292,male,583.2,472.2,522.6,11-25,-1.8
3612293,male,569.4,611.3,550.7,26-100,1.3
3612294,male,649.6,700.3,752.7,101-200,0.6
3612296,male,426.1,374.1,472.2,101-200,0.4
3612297,female,412.7,446.1,442.5,201-500,0.7
3612299,female,415.9,500.6,493.7,more than 500,1.1
3612301,male,520.7,599.6,581.8,101-200,0.4
3612302,male,669.1,531.5,624.5,201-500,1.3
3612304,male,347.4,322.2,314.2,more than 500,-0.8
3612305,female,426.9,412.4,365.1,26-100,0.5
3612306,male,652.1,722.1,699.7,201-500,0.9
3612308,male,466.0,420.9,512.9,101-200,1.2
3612310,female,335.7,440.0,382.1,101-200,-0.1
3612312,female,323.2,358.2,326.2,11-25,-1.0
3612314,male,299.8,343.0,267.2,26-100,-0.4
3612315,male,597.1,597.5,608.2,201-500,1.4
3612318,male,670.7,620.4,704.7,201-500,-0.8
3612321,male,412.4,447.2,369.9,201-500,1.0
3612322,male,484.4,570.2,559.6,201-500,0.7
3612323,male,425.6,375.9,375.0,11-25,0.6
3612325,female,509.3,620.8,582.2,101-200,-0.7
3612326,female,633.5,664.3,646.0,more than 500,0.5
3612328,female,388.7,396.9,438.0,more than 500,1.3
3612330,female,431.7,487.8,452.8,201-500,-0.8
3612333,female,530.6,587.0,573.4,201-500,1.2
3612335,female,434.4,438.5,436.7,201-500,1.1
3612337,female,620.3,651.8,617.2,201-500,1.2
3612338,male,492.9,439.0,428.5,101-200,0.9
3612339,female,679.4,631.3,649.4,more than 500,2.0
3612342,male,615.4,620.8,693.3,201-500,-1.4
3612343,male,602.6,607.4,674.3,101-200,0.9
3612346,female,351.2,401.3,358.9,201-500,-0.2
3612347,female,491.3,545.5,563.0,26-100,0.1
3612348,female,551.0,574.0,569.5,11-25,0.3
3612349,female,348.4,319.4,333.1,26-100,-0.5
3612351,male,398.5,382.8,322.2,101-200,-0.3
3612352,female,412.7,455.5,479.4,more than 500,1.2
3612354,female,497.1,563.4,493.8,201-500,-0.8
3612355,male,580.5,480.6,657.1,101-200,1.3
3612356,female,363.5,374.4,398.4,26-100,-0.4
3612358,male,338.9,311.3,399.2,26-100,0.4
3612359,female,416.9,468.6,427.1,26-100,0.7
3612361,male,637.0,668.5,646.5,201-500,1.4
3612362,male,296.4,215.6,306.7,26-100,0.0
3612365,male,544.3,478.1,556.2,201-500,1.0
3612366,male,528.6,502.6,566.1,101-200,1.2
3612367,female,609.3,576.7,655.0,26-100,-0.1
3612368,male,400.3,407.6,416.0,more than 500,0.3
3612370,male,596.8,584.5,622.9,more than 500,0.3
3612372,male,562.3,636.2,686.1,26-100,0.5
3612373,male,444.8,370.9,411.1,26-100,-0.2
3612374,male,268.3,319.5,214.0,0-10,-0.1
3612375,male,527.8,506.0,520.8,201-500,-0.2
3612376,female,431.1,580.1,477.4,201-500,-0.9
3612377,male,620.8,591.1,565.6,11-25,0.1
3612378,male,651.6,642.4,721.0,101-200,-0.5
3612379,female,574.4,574.8,581.4,101-200,0.9
3612383,male,469.3,405.1,444.6,11-25,-1.2
3612384,female,562.7,646.7,669.2,201-500,-0.8
3612385,female,492.7,603.5,641.4,more than 500,-0.1
3612387,male,427.3,445.6,478.4,0-10,-0.4
3612393,male,408.2,348.7,456.9,201-500,1.5
3612396,female,395.0,440.5,383.3,201-500,0.9
3612398,male,543.3,562.3,520.9,more than 500,1.5
3612400,female,603.5,518.4,578.3,101-200,1.0
3612401,male,435.2,397.3,484.9,101-200,-0.9
3612403,female,253.8,221.9,390.2,0-10,-0.4
3612404,female,469.8,434.7,485.8,more than 500,-0.2
3612409,female,542.3,444.4,578.1,more than 500,0.8
3612410,female,570.0,641.9,640.6,101-200,-0.3
3612411,female,506.3,601.7,609.6,more than 500,0.9
3612412,male,557.7,609.5,598.0,101-200,0.9
3612413,male,545.4,499.3,513.6,201-500,0.7
3612414,female,334.2,346.5,336.1,11-25,-0.6
3612418,male,552.7,582.7,592.7,201-500,-0.1
3612420,female,572.0,504.6,565.4,26-100,0.5
3612421,male,451.4,513.9,474.8,201-500,-0.1
3612422,male,391.3,334.9,448.9,26-100,-0.4
3612423,male,500.7,527.7,540.9,201-500,1.2
3612424,male,504.8,423.7,438.7,101-200,1.4
3612426,male,501.1,475.7,639.5,0-10,0.3
3612427,male,407.7,344.7,391.2,11-25,0.7
3612428,male,544.2,497.2,609.5,101-200,1.1
3612433,male,587.5,561.5,610.2,201-500,1.1
3612434,female,580.3,574.1,566.9,26-100,0.9
3612435,female,369.0,393.5,383.9,26-100,0.8
3612437,male,437.3,352.5,377.8,11-25,0.1
3612438,male,502.0,513.5,553.6,101-200,1.3
3612439,female,463.8,474.8,476.1,101-200,1.0
3612440,male,382.3,505.2,383.0,11-25,0.7
3612442,male,604.4,541.8,632.0,26-100,0.9
3612443,male,463.5,468.7,522.1,101-200,1.0
3612445,male,494.2,529.2,489.5,101-200,-0.2
3612446,male,459.1,547.8,520.1,101-200,0.4
3612449,male,299.6,369.3,378.4,more than 500,1.5
3612450,female,310.6,389.5,285.0,26-100,-0.1
3612451,female,502.8,564.8,540.2,201-500,0.8
3612453,male,328.5,320.2,349.6,101-200,-0.3
3612454,female,381.9,387.8,362.8,101-200,-0.5
3612460,male,621.1,535.6,642.5,more than 500,1.1
3612461,male,820.9,699.4,732.6,more than 500,1.3
3612464,male,337.5,325.3,349.9,26-100,-0.1
3612465,female,487.8,537.4,446.6,101-200,0.3
3612468,male,284.4,230.7,294.4,11-25,-1.3
3612470,male,502.4,475.8,527.7,26-100,0.6
3612471,male,339.3,241.7,403.9,101-200,1.3
3612472,male,633.0,598.2,694.8,more than 500,1.1
3612473,female,444.7,469.9,441.5,201-500,1.2
3612475,female,441.1,571.3,400.6,201-500,-0.4
3612477,female,605.0,658.3,571.9,0-10,0.1
3612479,female,507.3,515.5,429.1,more than 500,1.0
3612480,female,465.3,376.1,481.9,201-500,0.7
3612481,male,396.4,431.5,403.4,201-500,0.9
3612482,male,490.4,516.9,464.6,more than 500,1.3
3612484,male,493.6,533.9,506.6,11-25,1.1
3612485,male,569.2,436.8,624.4,more than 500,0.1
3612488,male,490.7,450.9,524.7,26-100,1.0
3612489,female,492.0,481.6,387.9,11-25,0.3
3612490,female,427.8,431.3,457.4,26-100,-0.3
3612492,female,473.7,455.1,493.6,101-200,1.4
3612494,female,442.9,424.2,415.4,11-25,-0.3
3612496,female,325.8,315.1,385.9,11-25,0.3
3612498,male,682.7,737.9,734.2,201-500,1.8
3612499,male,677.6,654.6,660.8,201-500,0.9
3612500,female,385.0,447.3,418.4,101-200,1.0
3612501,male,392.8,438.9,457.1,201-500,-0.5
3612503,female,475.5,395.9,471.9,26-100,0.8
3612506,male,476.0,537.4,459.9,101-200,-1.1
3612507,male,531.0,542.4,541.6,11-25,-0.1
3612508,male,359.8,258.8,428.3,0-10,-0.7
3612515,female,517.5,535.1,501.0,101-200,-0.2
3612517,male,447.5,533.0,535.9,101-200,-1.2
3612519,male,624.4,626.5,687.2,101-200,0.5
3612520,male,638.4,641.1,673.4,101-200,0.3
3612522,female,347.4,367.2,329.7,26-100,0.1
3612523,female,447.4,508.4,474.8,201-500,1.3
3612525,male,366.0,350.5,379.9,11-25,0.5
3612527,male,500.4,543.3,569.3,101-200,1.3
3612528,male,594.4,367.8,509.7,more than 500,0.7
3612529,male,453.0,462.4,446.7,0-10,-0.8
3612530,female,573.4,576.6,662.7,more than 500,-0.3
3612531,male,431.0,426.8,437.6,26-100,-0.2
3612532,male,292.7,323.9,340.5,11-25,-0.4
3612533,male,312.8,192.5,360.3,26-100,-0.8
3612534,male,651.4,739.1,792.6,more than 500,1.1
3612537,female,475.4,499.5,513.8,101-200,0.1
3612540,female,583.2,621.7,640.8,more than 500,1.2
3612541,female,405.7,356.5,387.5,more than 500,0.0
3612542,male,587.4,598.1,587.9,26-100,-0.6
3612543,male,321.3,211.9,358.6,11-25,0.4
3612544,male,472.3,592.1,588.0,more than 500,1.3
3612547,male,428.0,387.2,489.9,201-500,0.8
3612548,male,564.2,607.8,563.6,101-200,1.3
3612550,female,512.6,496.5,506.1,26-100,0.9
3612551,female,532.9,567.2,571.7,101-200,1.0
3612553,male,619.1,614.2,539.8,101-200,0.6
3612554,male,513.5,330.2,504.7,26-100,-0.1
3612555,male,589.3,426.6,527.9,101-200,-0.6
3612556,male,458.2,444.1,485.8,201-500,-0.8
3612561,female,534.3,534.0,584.0,26-100,1.0
3612562,male,331.4,357.8,276.8,101-200,1.0
3612564,female,491.8,688.4,565.5,more than 500,1.1
3612571,male,546.8,543.9,530.3,101-200,1.3
3612573,male,411.4,492.5,452.0,more than 500,-0.4
3612574,male,296.8,347.2,332.8,26-100,-0.7
3612578,male,461.0,519.6,491.5,26-100,0.9
3612579,male,584.7,518.3,632.2,more than 500,1.2
3612580,male,610.4,522.7,613.6,more than 500,-0.3
3612581,male,449.3,462.4,567.0,101-200,0.7
3612583,male,351.9,297.6,373.5,201-500,0.1
3612585,female,380.9,425.2,326.3,11-25,0.2
3612587,male,452.5,514.2,541.8,201-500,0.8
3612591,male,524.4,491.5,523.6,101-200,-0.6
3612592,male,467.1,437.0,489.6,26-100,-1.0
3612594,female,492.3,546.6,532.2,more than 500,1.0
3612595,male,383.5,336.7,459.6,11-25,0.1
3612596,male,493.0,453.1,537.4,201-500,-1.1
3612599,male,342.6,442.7,294.1,26-100,-0.8
3612600,male,561.6,597.2,554.9,101-200,0.9
3612601,female,420.2,480.2,545.6,more than 500,-0.6
3612602,male,505.7,401.8,473.0,26-100,0.5
3612603,male,630.7,587.3,732.9,201-500,-0.2
3612608,male,633.1,553.4,718.7,201-500,0.5
3612611,female,537.7,539.5,520.1,201-500,1.5
3612612,male,391.4,290.8,320.2,11-25,-0.8
3612614,male,272.9,343.4,251.9,201-500,0.2
3612616,male,480.5,420.4,398.1,101-200,0.6
3612617,male,565.5,430.5,526.2,26-100,0.5
3612618,male,503.2,609.6,515.8,101-200,0.2
3612620,female,517.4,574.5,570.5,101-200,1.4
3612621,male,517.3,477.0,439.7,101-200,1.1
3612622,female,344.0,298.2,286.3,26-100,0.4
3612623,male,578.9,575.4,545.3,more than 500,1.3
3612625,male,482.3,406.8,493.3,11-25,1.0
3612626,female,374.2,280.5,420.6,101-200,0.1
3612627,male,494.5,419.7,418.2,26-100,0.4
3612628,female,418.6,453.9,441.8,0-10,-1.5
3612631,male,660.7,614.1,638.7,more than 500,1.3
3612633,male,633.9,625.3,608.6,101-200,-0.5
3612634,male,608.5,500.3,520.5,201-500,1.1
3612637,female,421.4,410.6,483.1,26-100,-0.2
3612643,female,522.8,582.6,592.8,201-500,-0.1
3612644,female,379.9,433.1,365.9,101-200,1.2
3612649,male,410.7,277.2,379.1,more than 500,1.8
3612651,male,461.3,438.0,388.1,more than 500,1.4
3612653,female,497.7,537.6,587.4,101-200,0.5
3612655,female,341.4,426.6,384.7,26-100,-0.1
3612656,male,439.7,528.3,461.7,26-100,0.7
3612658,female,449.7,543.4,476.7,101-200,-0.2
3612660,male,432.3,439.0,536.9,101-200,0.8
3612661,male,446.3,356.7,415.5,101-200,1.0
3612662,male,669.6,673.4,719.3,101-200,0.4
3612663,male,399.8,357.4,436.3,26-100,0.5
3612664,male,727.3,750.6,654.8,101-200,1.3
3612665,female,450.7,532.1,492.3,201-500,0.4
3612667,female,477.8,535.9,449.4,101-200,1.2
3612672,male,613.2,528.8,697.6,101-200,0.8
3612673,female,482.6,492.9,519.4,more than 500,1.4
3612674,male,571.9,575.9,624.1,more than 500,1.1
3612676,female,520.2,503.7,515.2,101-200,0.2
3612677,female,390.8,364.1,495.3,101-200,0.4
3612679,male,500.5,415.2,566.3,101-200,1.4
3612681,male,545.8,495.8,561.4,101-200,0.4
3612682,female,421.4,583.8,450.1,101-200,0.8
3612683,female,379.5,389.7,362.4,26-100,-1.2
3612684,female,525.6,618.2,557.0,201-500,1.0
3612686,male,514.2,492.7,482.6,101-200,0.4
3612689,male,531.5,458.7,592.7,101-200,1.0
3612690,female,535.1,482.9,500.3,11-25,0.5
3612691,male,503.0,538.5,582.1,11-25,0.4
3612692,female,299.6,381.4,467.5,201-500,-0.2
3612694,female,451.1,460.8,439.1,101-200,1.1
3612695,female,511.4,651.4,573.4,201-500,1.2
3612697,female,369.7,427.8,346.2,101-200,-0.1
3612701,female,305.9,354.1,262.1,101-200,-0.7
3612702,male,431.7,473.7,478.1,0-10,-0.9
3612703,female,535.6,595.4,522.8,101-200,-0.5
3612705,male,702.4,562.1,710.3,101-200,1.2
3612708,male,664.2,613.5,707.4,more than 500,1.7
3612709,female,392.9,376.8,399.6,201-500,-0.3
3612710,female,664.2,559.9,734.6,101-200,1.4
3612711,male,594.9,622.7,591.0,101-200,0.6
3612712,female,407.1,427.3,450.5,201-500,0.9
3612713,female,448.6,501.8,566.6,26-100,-0.3
3612716,male,409.8,445.9,342.8,11-25,0.6
3612717,male,480.9,465.1,505.0,11-25,1.0
3612720,male,511.0,429.5,515.1,101-200,0.6
3612724,male,523.7,443.8,477.7,101-200,1.1
3612726,male,477.4,521.5,575.6,201-500,0.3
3612731,female,414.1,363.1,382.1,201-500,1.0
3612732,female,285.1,325.3,305.8,101-200,-0.2
3612733,female,605.2,659.8,596.5,101-200,0.9
3612734,male,553.2,562.7,499.4,201-500,1.3
3612735,male,517.2,466.9,539.7,more than 500,1.3
3612738,male,446.4,386.8,367.7,201-500,-0.5
3612739,female,513.4,604.9,595.6,26-100,0.1
3612742,female,476.3,413.4,505.5,11-25,-0.2
3612743,male,417.8,457.0,511.2,201-500,0.4
3612748,male,526.9,553.2,544.4,201-500,-0.3
3612749,male,425.5,433.6,469.4,0-10,-0.7
3612751,female,447.3,493.7,407.9,26-100,-0.2
3612752,male,420.4,339.6,412.8,0-10,1.1
3612753,male,494.5,427.4,435.4,11-25,-1.3
3612754,female,445.9,515.9,447.9,11-25,-0.5
3612757,male,478.0,580.7,392.0,26-100,0.2
3612758,male,400.4,365.1,373.5,101-200,1.0
3612759,female,558.7,573.8,659.1,101-200,1.2
3612761,male,397.4,403.9,451.0,0-10,-0.8
3612762,male,305.9,312.4,277.5,11-25,-2.0
3612763,female,561.6,508.5,592.3,more than 500,0.4
3612766,female,384.3,346.1,476.3,more than 500,0.1
3612767,female,435.3,580.2,490.9,11-25,-0.7
3612768,male,397.5,401.0,387.7,101-200,-1.2
3612770,male,347.4,385.3,304.6,101-200,-0.0
3612771,male,478.7,474.3,449.6,26-100,-0.4
3612772,female,735.5,706.1,720.2,26-100,1.6
3612775,male,328.7,280.4,385.0,26-100,-1.2
3612776,female,361.9,434.0,408.8,11-25,-0.6
3612778,male,327.8,180.9,312.3,26-100,-0.1
3612779,female,467.8,451.8,461.3,11-25,-0.6
3612780,female,521.5,621.1,636.0,101-200,1.1
3612781,female,353.5,415.1,459.5,11-25,0.0
3612783,female,667.7,639.3,670.8,201-500,0.7
3612784,male,516.2,580.2,614.3,101-200,0.1
3612785,male,377.8,428.7,371.0,11-25,-1.3
3612786,female,532.2,514.8,563.1,more than 500,1.4
3612787,female,494.1,636.5,583.0,more than 500,-0.2
3612788,male,530.2,615.6,491.3,101-200,0.5
3612789,male,475.6,467.5,446.3,11-25,-1.2
3612790,female,338.4,460.1,339.6,201-500,1.0
3612791,male,479.5,491.1,498.8,201-500,1.1
3612797,male,495.6,478.9,466.0,101-200,0.5
3612798,female,392.6,426.4,460.2,101-200,0.2
3612799,female,504.6,516.6,570.4,26-100,-0.7
3612800,male,448.2,520.0,433.5,101-200,-0.4
3612801,male,502.9,668.1,561.7,11-25,1.1
3612802,male,534.3,664.8,467.0,26-100,1.5
3612805,male,466.2,467.7,467.9,0-10,0.4
3612806,male,461.6,589.9,526.9,11-25,-0.9
3612807,male,570.0,523.4,610.9,26-100,0.6
3612808,male,390.9,337.3,402.6,11-25,0.4
3612810,male,629.2,546.7,699.9,more than 500,0.9
3612811,male,687.2,538.7,693.9,more than 500,0.8
3612812,female,621.6,700.6,639.4,101-200,1.1
3612813,male,583.4,503.8,570.2,26-100,1.2
3612814,male,521.0,539.4,433.8,more than 500,0.8
3612816,male,547.9,567.1,719.4,201-500,0.2
3612817,male,534.0,528.4,547.8,more than 500,1.2
3612819,female,499.7,486.3,528.8,201-500,0.9
3612820,male,544.8,521.3,582.6,101-200,0.5
3612822,male,445.7,396.2,485.3,101-200,0.2
3612823,male,471.7,458.8,516.9,201-500,0.6
3612824,female,391.9,359.9,382.5,201-500,0.6
3612825,male,643.2,608.0,639.4,more than 500,1.1
3612826,male,439.9,486.0,466.7,26-100,0.8
3612828,female,572.4,638.9,614.3,more than 500,-0.4
3612831,male,504.0,615.5,514.9,201-500,1.0
3612832,male,520.9,470.3,569.3,201-500,1.8
3612836,female,340.7,327.2,332.0,11-25,-1.7
3612840,male,435.5,382.0,424.4,201-500,0.6
3612841,male,551.1,397.9,571.2,101-200,1.1
3612842,female,492.7,619.6,560.1,more than 500,0.3
3612844,male,533.5,543.1,520.0,201-500,-0.5
3612847,female,487.5,534.1,486.9,101-200,1.2
3612849,female,584.7,547.6,439.7,11-25,0.7
3612850,female,511.1,601.6,476.7,101-200,0.9
3612853,female,427.7,432.1,432.6,26-100,0.9
3612854,male,349.4,321.2,290.4,101-200,1.2
3612856,female,433.7,463.1,543.3,101-200,0.8
3612857,male,599.2,492.0,574.6,201-500,1.2
3612858,male,538.4,588.8,633.6,more than 500,0.8
3612859,male,431.5,423.7,502.4,101-200,1.2
3612861,male,618.4,572.7,645.6,more than 500,1.2
3612862,female,330.7,298.9,236.2,26-100,1.1
3612863,female,301.9,401.0,340.2,11-25,-1.4
3612864,male,576.8,774.5,693.2,201-500,1.0
3612867,female,436.9,503.0,452.0,201-500,0.9
3612868,female,363.0,405.5,390.1,101-200,-0.1
3612873,female,398.2,480.2,448.7,more than 500,0.9
3612877,female,400.8,437.7,350.9,0-10,-0.0
3612878,female,302.8,377.6,259.7,26-100,0.1
3612879,male,492.3,497.7,523.1,101-200,1.1
3612881,male,417.9,494.1,473.4,0-10,0.2
3612884,male,546.3,540.1,570.8,101-200,0.6
3612887,female,522.5,546.2,610.8,more than 500,1.6
3612889,male,569.4,502.5,618.6,more than 500,1.3
3612891,male,510.4,375.8,434.8,201-500,0.3
3612893,female,407.2,449.2,440.0,201-500,0.1
3612894,male,504.4,458.2,513.6,26-100,0.1
3612896,male,646.5,634.6,698.0,101-200,-0.1
3612897,female,456.1,344.3,477.9,26-100,-1.1
3612898,female,445.8,497.9,481.4,201-500,-0.2
3612899,female,469.8,546.0,552.4,101-200,0.9
3612900,female,281.9,445.0,346.5,more than 500,0.7
3612904,female,569.0,560.7,632.5,201-500,1.2
3612908,male,494.6,410.8,556.7,26-100,0.8
3612910,male,690.4,672.5,678.1,more than 500,1.0
3612911,male,527.3,360.3,505.0,201-500,1.2
3612912,male,485.9,425.2,546.2,201-500,0.6
3612913,female,444.9,477.3,506.9,more than 500,1.1
3612916,female,466.1,533.8,573.2,201-500,-0.8
3612919,female,535.3,438.5,528.3,201-500,1.4
3612920,male,491.0,434.4,554.6,201-500,0.9
3612921,male,540.2,594.2,579.8,26-100,0.3
3612922,female,533.6,619.2,658.3,201-500,0.5
3612923,female,649.0,736.0,607.4,more than 500,1.6
3612924,male,388.2,393.2,434.5,201-500,1.9
3612925,female,388.2,473.8,394.2,11-25,-0.5
3612927,male,616.7,643.4,633.4,101-200,0.6
3612930,male,491.7,415.5,420.2,26-100,0.8
3612931,male,467.9,557.1,591.0,101-200,-0.0
3612933,male,422.5,358.0,438.8,101-200,-0.4
3612935,male,402.5,398.6,392.0,101-200,0.9
3612937,male,538.0,505.7,612.0,101-200,0.9
3612939,female,426.2,453.9,374.1,26-100,0.4
3612940,male,376.5,389.8,350.4,26-100,-1.7
3612941,male,741.0,602.9,754.1,26-100,0.9
3612943,female,510.9,566.9,564.3,more than 500,1.3
3612945,female,488.4,444.6,506.5,26-100,0.6
3612946,female,358.8,383.2,343.2,101-200,-0.5
3612947,female,448.2,539.1,563.3,11-25,0.5
3612948,male,395.4,454.6,400.0,11-25,-0.7
3612950,male,568.0,576.2,655.8,101-200,0.8
3612951,male,334.8,293.5,410.8,11-25,-1.1
3612954,female,506.7,547.3,576.6,201-500,1.5
3612955,female,456.4,578.2,541.8,101-200,1.0
3612956,male,310.4,323.7,315.5,11-25,-0.6
3612957,male,339.8,370.9,381.9,101-200,0.2
3612958,female,480.7,584.3,442.0,101-200,-0.6
3612960,female,516.0,620.5,513.7,more than 500,1.1
3612961,male,467.0,441.0,524.3,101-200,-0.6
3612962,male,428.4,544.7,481.1,101-200,-0.3
3612963,male,555.2,601.1,616.8,101-200,0.5
3612965,male,568.3,555.4,611.7,101-200,0.2
3612968,female,430.1,553.0,517.7,101-200,-1.2
3612969,male,351.6,306.0,357.5,201-500,-0.5
3612975,female,429.4,513.3,464.6,26-100,-0.7
3612976,female,478.5,485.6,440.8,0-10,0.8
3612978,male,542.7,567.2,479.5,201-500,0.8
3612980,female,389.8,509.9,346.5,more than 500,0.2
3612981,male,322.9,290.8,268.1,11-25,-1.2
3612982,female,348.4,436.8,352.3,0-10,-0.3
3612983,female,441.0,422.9,440.0,more than 500,1.1
3612984,male,527.7,497.7,472.3,more than 500,1.8
3612985,female,389.9,433.0,460.3,101-200,0.7
3612987,male,302.9,250.3,273.4,11-25,-0.4
3612988,female,525.6,480.2,623.3,more than 500,1.1
3612989,female,347.3,485.6,383.5,26-100,0.1
3612991,female,550.7,641.4,621.7,201-500,0.9
3612992,male,324.5,262.4,338.0,11-25,0.2
3612994,female,494.1,461.5,481.5,more than 500,1.2
3612995,female,481.6,594.3,520.8,101-200,0.5
3612997,female,569.9,553.3,524.7,101-200,1.1
3612998,female,588.4,540.0,621.2,101-200,0.9
3612999,male,627.0,601.8,674.0,101-200,1.2
3613000,female,576.7,619.5,526.9,26-100,1.0
3613001,female,400.1,424.9,411.0,101-200,-1.6
3613002,female,526.5,624.9,535.8,101-200,0.6
3613003,male,561.3,358.6,543.8,101-200,0.9
3613005,female,380.1,367.9,438.0,101-200,0.9
3613006,female,457.0,551.5,473.3,201-500,1.2
3613007,male,459.1,565.5,604.5,101-200,-0.7
3613008,female,572.2,434.5,430.8,26-100,0.7
3613009,male,357.4,346.5,322.8,101-200,0.4
3613014,male,378.7,384.7,415.5,26-100,0.2
3613016,female,317.5,364.7,281.4,26-100,-0.3
3613018,female,328.1,415.0,442.0,201-500,-0.9
3613020,male,574.5,587.0,676.3,201-500,1.2
3613022,female,498.4,416.0,497.0,201-500,1.3
3613023,male,434.2,394.3,405.9,101-200,1.0
3613026,female,396.9,464.7,312.5,11-25,0.3
3613027,female,648.2,572.5,700.4,101-200,1.2
3613028,male,461.1,469.1,434.7,101-200,1.0
3613029,male,463.6,488.5,505.7,101-200,0.9
3613030,female,372.4,381.6,414.2,11-25,-0.3
3613031,female,440.7,461.2,443.4,201-500,1.2
3613033,male,516.6,589.6,582.5,101-200,1.2
3613034,female,393.7,497.8,383.7,26-100,0.6
3613035,female,401.0,387.4,404.8,26-100,-1.2
3613038,female,498.8,579.6,602.1,201-500,-0.4
3613039,female,356.2,347.1,303.4,201-500,-0.2
3613040,female,631.2,718.9,590.9,201-500,1.2
3613041,female,444.6,451.8,402.8,101-200,0.6
3613043,male,524.2,546.6,547.1,101-200,0.3
3613044,male,410.2,337.5,399.0,11-25,1.4
3613047,male,576.3,596.9,626.1,101-200,1.4
3613050,female,323.5,399.4,358.0,201-500,-0.1
3613051,male,635.6,702.7,571.2,201-500,-0.5
3613055,female,535.3,514.4,562.6,201-500,0.7
3613057,female,394.1,525.9,528.2,101-200,-0.2
3613059,male,487.7,507.0,467.0,101-200,1.1
3613062,female,352.9,395.5,340.5,26-100,-0.2
3613063,female,416.5,497.7,381.3,11-25,0.7
3613064,female,468.7,481.2,400.1,101-200,-0.2
3613065,male,491.5,538.2,351.0,101-200,-0.6
3613066,male,406.5,357.0,454.7,26-100,0.4
3613067,female,558.7,511.0,599.5,more than 500,1.3
3613068,male,590.4,591.5,618.3,more than 500,1.0
3613071,male,513.1,564.4,506.3,more than 500,1.7
3613072,male,606.2,496.2,639.0,101-200,0.6
3613076,female,538.6,457.9,551.8,more than 500,0.8
3613078,male,668.0,620.8,707.1,201-500,1.0
3613079,male,716.1,572.5,720.7,more than 500,1.2
3613080,female,334.1,387.2,434.9,26-100,0.3
3613081,female,456.1,584.2,421.2,201-500,0.9
3613087,female,271.5,276.8,320.7,101-200,0.7
3613089,male,573.0,486.1,646.7,201-500,0.9
3613090,female,477.0,466.9,511.2,101-200,1.1
3613092,female,524.5,598.1,627.7,201-500,0.4
3613093,male,567.6,600.7,620.0,101-200,1.0
3613094,male,768.7,652.5,766.1,more than 500,1.4
3613095,male,464.9,546.4,501.1,201-500,0.9
3613096,female,347.5,359.0,406.7,26-100,-0.8
3613097,male,519.5,536.4,445.7,26-100,0.3
3613098,female,354.8,311.6,320.2,101-200,1.2
3613099,male,611.0,695.2,639.9,101-200,1.0
3613101,male,389.8,323.8,448.0,101-200,-0.3
3613105,male,628.1,588.6,680.5,201-500,1.4
3613106,female,567.1,723.9,626.0,more than 500,0.8
3613107,female,361.4,347.1,371.7,more than 500,0.5
3613111,female,620.4,739.9,657.1,more than 500,1.0
3613112,male,442.1,443.7,461.2,26-100,0.3
3613116,female,486.9,553.9,476.6,201-500,0.7
3613117,female,456.9,520.0,471.1,101-200,1.0
3613118,female,464.0,624.2,521.4,101-200,-0.7
3613120,male,402.7,437.9,419.0,101-200,1.0
3613122,female,468.9,503.9,558.3,201-500,1.2
3613123,male,330.0,342.9,363.8,101-200,-0.7
3613125,female,528.5,468.1,602.7,201-500,0.8
3613126,male,580.8,517.8,609.7,201-500,1.3
3613128,female,538.0,596.2,516.7,26-100,0.3
3613129,male,561.2,556.5,615.2,101-200,1.2
3613130,female,576.7,704.1,573.9,201-500,1.3
3613132,female,421.9,585.6,492.4,201-500,1.0
3613133,male,492.0,507.2,508.9,101-200,0.5
3613135,female,491.5,521.3,562.2,11-25,0.0
3613136,male,456.5,391.8,401.6,0-10,-0.1
3613137,male,614.5,624.9,617.2,101-200,-0.1
3613138,female,543.7,603.1,684.7,more than 500,1.4
3613139,male,387.0,364.4,375.7,26-100,-0.8
3613140,male,341.9,483.6,415.2,26-100,0.8
3613141,female,461.0,474.6,477.4,101-200,0.2
3613142,female,426.7,544.7,484.6,201-500,-0.6
3613144,female,274.8,436.6,353.2,26-100,0.2
3613146,female,429.4,400.3,497.4,101-200,0.8
3613147,female,277.2,412.3,301.9,26-100,-0.5
3613148,female,440.4,402.1,428.2,101-200,-0.1
3613149,male,477.9,522.2,499.3,101-200,1.2
3613150,male,521.2,506.5,517.8,101-200,1.0
3613152,male,421.0,505.8,483.0,26-100,-0.4
3613157,male,490.8,444.4,455.6,26-100,0.6
3613158,male,705.1,618.9,640.0,101-200,1.3
3613161,female,491.4,568.4,497.0,more than 500,1.4
3613164,male,401.7,338.6,453.0,11-25,0.8
3613165,female,414.4,451.7,426.5,101-200,0.5
3613166,male,543.9,554.5,618.6,more than 500,1.2
3613167,female,559.1,542.4,589.0,101-200,0.9
3613169,male,344.3,376.0,414.5,101-200,0.0
3613170,male,388.4,385.3,446.7,101-200,1.0
3613171,male,653.6,631.1,613.2,101-200,1.0
3613172,female,482.6,440.4,478.6,101-200,1.1
3613173,female,347.1,464.6,333.3,11-25,-1.2
3613174,male,569.8,433.6,551.2,101-200,-0.2
3613177,female,386.0,481.4,415.1,101-200,0.8
3613179,female,435.0,460.4,515.7,101-200,0.2
3613180,female,491.4,475.8,502.3,more than 500,1.3
3613181,female,451.3,536.7,421.5,26-100,1.1
3613182,female,395.1,425.2,303.2,101-200,0.5
3613183,female,664.8,583.7,673.4,101-200,-0.2
3613186,female,417.4,520.4,458.2,101-200,0.4
3613188,female,519.8,578.8,574.3,101-200,-0.2
3613189,female,485.8,600.0,512.4,0-10,0.6
3613190,female,503.8,508.8,547.0,101-200,-1.0
3613191,female,471.1,473.4,490.5,201-500,0.5
3613194,female,426.5,492.9,444.1,101-200,0.9
3613195,female,437.7,489.8,452.0,more than 500,1.1
3613196,male,360.9,336.8,432.8,0-10,0.2
3613197,female,436.0,316.5,287.4,26-100,-0.4
3613198,male,553.5,476.1,604.4,101-200,-0.5
3613199,male,599.7,607.0,617.4,more than 500,0.3
3613200,male,377.7,342.9,395.0,11-25,-1.5
3613202,male,640.5,547.0,611.1,26-100,1.0
3613204,male,658.2,662.2,611.6,26-100,0.8
3613209,male,638.3,601.8,627.5,101-200,0.0
3613210,female,364.7,401.7,423.3,101-200,0.9
3613211,female,399.4,429.8,368.7,101-200,0.2
3613212,female,410.6,460.9,448.7,201-500,0.3
3613214,female,633.6,642.1,685.4,201-500,0.9
3613215,female,357.7,433.1,388.9,201-500,0.9
3613216,female,479.5,438.0,491.5,0-10,0.9
3613218,male,659.1,568.0,674.7,201-500,1.5
3613219,female,505.9,513.5,480.2,101-200,0.2
3613220,male,397.9,386.1,406.8,11-25,-0.2
3613221,female,359.5,494.2,418.0,26-100,0.6
3613222,male,535.8,519.7,578.4,26-100,0.4
3613223,male,471.2,534.3,560.4,101-200,0.3
3613224,male,493.3,552.5,589.6,more than 500,1.3
3613225,male,363.5,367.8,355.7,11-25,-1.2
3613227,male,621.9,532.8,610.5,more than 500,1.4
3613228,male,380.9,458.5,327.4,26-100,-0.1
3613230,female,438.4,487.3,449.2,11-25,-1.4
3613231,female,295.7,296.3,285.2,11-25,0.7
3613232,female,627.3,524.0,592.4,201-500,1.0
3613234,male,526.2,501.5,518.6,101-200,-0.7
3613235,female,422.6,532.6,410.3,101-200,-1.2
3613237,female,449.2,446.4,414.5,101-200,0.9
3613242,male,533.5,581.8,496.1,26-100,-0.3
3613243,female,453.1,515.5,531.7,201-500,1.1
3613245,male,544.0,621.5,553.0,201-500,0.8
3613246,female,272.0,415.2,270.5,more than 500,-0.3
3613247,male,389.7,399.0,258.6,26-100,1.3
3613251,male,364.3,288.8,371.7,101-200,0.7
3613252,female,608.2,548.8,542.4,201-500,1.1
3613253,female,535.9,584.9,542.2,101-200,0.6
3613255,female,444.2,470.0,492.2,101-200,-0.6
3613256,male,389.6,336.9,359.3,101-200,0.7
3613257,female,487.0,563.8,532.8,201-500,0.0
3613258,female,344.6,426.8,400.6,101-200,-0.2
3613259,female,605.5,682.3,600.4,201-500,1.0
3613260,male,407.3,415.0,406.2,101-200,0.2
3613261,male,375.4,411.0,456.9,26-100,-0.0
3613262,female,640.3,540.2,646.6,101-200,1.3
3613265,male,525.3,556.6,619.2,201-500,0.9
3613266,female,538.1,649.8,627.4,101-200,1.2
3613269,female,492.2,606.6,486.4,101-200,0.5
3613270,male,537.5,455.2,458.4,101-200,0.0
3613271,male,415.9,539.7,504.9,101-200,1.4
3613272,male,608.0,647.5,737.7,201-500,0.8
3613274,male,475.6,332.2,431.8,201-500,0.3
3613275,male,578.5,589.7,685.3,101-200,0.1
3613278,male,468.6,522.7,482.9,101-200,0.0
3613279,female,565.4,470.4,602.5,201-500,1.3
3613280,male,698.0,677.0,761.8,more than 500,1.1
3613281,female,535.6,489.2,483.3,201-500,1.0
3613282,male,468.6,467.6,484.2,101-200,0.8
3613283,female,483.7,496.6,563.6,201-500,0.5
3613284,female,516.5,627.9,557.0,101-200,1.2
3613285,female,423.1,423.4,494.5,201-500,0.8
3613288,female,533.4,586.5,568.7,101-200,0.3
3613290,male,563.0,570.6,583.7,201-500,-0.2
3613291,male,627.1,530.5,647.7,101-200,0.9
3613292,female,409.2,461.9,481.8,201-500,1.0
3613293,male,492.9,637.3,587.0,201-500,0.4
3613295,female,450.4,544.2,454.6,11-25,0.6
3613296,male,316.3,390.6,381.9,26-100,0.2
3613297,female,562.7,578.8,539.2,101-200,-1.1
3613298,male,414.6,391.3,430.6,101-200,-0.5
3613302,female,607.3,731.9,698.2,201-500,0.8
3613304,male,401.0,291.0,412.1,26-100,-0.7
3613306,male,478.7,471.1,530.1,101-200,-0.3
3613308,male,592.8,685.2,613.0,201-500,0.8
3613313,male,446.7,478.5,539.3,101-200,1.3
3613318,male,569.8,598.3,570.1,26-100,-1.2
3613320,male,398.1,328.5,308.2,26-100,-1.1
3613321,female,368.8,401.0,372.0,26-100,0.5
3613322,male,441.9,460.7,400.2,201-500,0.7
3613323,male,488.8,462.5,515.5,26-100,0.3
3613324,male,614.6,632.9,619.2,201-500,1.4
3613326,female,591.2,552.4,519.3,26-100,0.3
3613330,female,410.5,418.0,426.8,201-500,0.9
3613331,male,459.4,477.1,446.3,0-10,-1.0
3613333,male,570.1,650.4,661.1,26-100,-0.4
3613334,male,538.7,623.7,655.5,101-200,0.8
3613336,male,466.4,408.4,468.4,201-500,1.0
3613337,female,586.4,575.3,584.4,101-200,-0.9
3613338,male,498.1,464.1,447.3,201-500,-0.9
3613339,female,414.7,453.2,441.5,0-10,-1.6
3613340,male,500.9,404.6,508.1,26-100,0.3
3613341,male,327.8,374.0,377.5,201-500,-0.6
3613342,female,387.7,421.5,374.5,201-500,-0.2
3613345,male,546.6,508.1,559.1,201-500,0.7
3613347,male,543.4,565.2,619.1,26-100,-0.4
3613350,female,545.3,599.3,524.6,101-200,0.3
3613351,male,601.8,546.2,642.7,11-25,0.4
3613352,male,522.5,610.0,605.8,101-200,0.4
3613354,male,455.9,386.0,518.0,11-25,-0.3
3613355,female,575.0,566.2,584.6,more than 500,1.2
3613356,female,444.1,471.8,545.0,101-200,0.3
3613357,female,481.4,601.7,612.8,101-200,-1.4
3613358,male,480.4,514.8,403.6,26-100,0.8
3613359,male,347.0,256.5,289.8,0-10,-1.0
3613361,male,233.8,240.8,288.1,0-10,-1.2
3613364,male,417.5,353.0,395.8,11-25,-0.6
3613365,male,598.3,598.5,584.9,201-500,0.2
3613366,female,358.5,443.4,484.8,11-25,-0.5
3613368,female,504.2,588.1,519.4,201-500,1.2
3613371,female,494.0,494.8,528.6,more than 500,1.1
3613372,male,379.3,342.8,362.5,26-100,0.4
3613373,male,633.1,657.9,655.1,201-500,1.3
3613375,male,422.5,363.5,504.1,201-500,-0.5
3613376,male,417.1,379.3,442.6,201-500,-0.4
3613377,male,568.4,652.3,620.3,more than 500,1.2
3613378,male,376.6,382.5,403.8,26-100,-0.3
3613380,male,261.1,324.8,268.6,0-10,-0.9
3613382,female,629.3,654.2,654.7,101-200,1.0
3613384,male,457.5,373.4,540.2,201-500,1.3
3613385,female,569.3,586.5,575.5,26-100,0.4
3613387,female,618.6,586.7,628.7,201-500,1.4
3613388,male,550.5,513.4,506.5,201-500,0.8
3613389,female,453.1,579.1,483.4,201-500,0.2
3613392,female,434.5,425.3,499.2,101-200,0.6
3613393,male,512.6,454.9,618.4,101-200,-0.0
3613394,female,435.7,502.0,533.5,201-500,0.2
3613395,male,446.7,390.6,514.6,26-100,0.7
3613397,male,677.8,760.8,720.7,26-100,-0.1
3613398,female,384.5,453.9,478.8,101-200,-1.9
3613401,male,498.2,570.5,528.7,101-200,1.0
3613402,male,489.2,393.8,446.1,11-25,0.2
3613403,male,662.6,674.3,675.7,201-500,0.0
3613405,female,337.5,322.9,244.1,0-10,1.6
3613407,male,696.1,643.4,684.2,more than 500,1.3
3613409,female,332.0,370.9,390.9,201-500,-0.5
3613410,male,492.9,593.8,603.4,101-200,-0.6
3613414,male,350.4,312.0,332.8,11-25,-0.7
3613415,female,459.1,507.2,406.5,11-25,0.3
3613417,male,287.7,220.7,363.5,26-100,0.1
3613418,male,530.5,408.4,541.7,more than 500,1.5
3613420,male,529.5,469.2,505.9,26-100,-0.5
3613422,female,552.1,670.8,623.1,more than 500,-0.3
3613423,male,674.4,552.9,634.4,more than 500,1.6
3613424,male,593.1,666.4,584.6,more than 500,1.3
3613427,male,350.8,333.5,374.2,0-10,-0.9
3613428,female,420.7,322.4,399.9,101-200,0.3
3613429,male,572.9,615.4,677.3,more than 500,1.4
3613431,female,503.1,434.6,507.0,26-100,-0.0
3613432,male,648.2,679.5,632.1,101-200,0.0
3613433,female,440.3,515.7,515.5,26-100,0.8
3613436,male,425.8,413.9,318.0,0-10,0.4
3613439,female,422.4,501.8,401.5,101-200,0.4
3613441,male,688.9,784.6,770.8,more than 500,1.2
3613447,male,302.7,215.4,378.0,0-10,0.3
3613448,female,518.9,540.8,529.6,11-25,0.1
3613449,female,383.1,423.6,462.2,26-100,-0.7
3613450,male,625.3,558.5,556.3,more than 500,1.3
3613451,female,437.0,486.3,483.8,more than 500,0.9
3613452,male,429.4,493.5,462.5,11-25,-0.7
3613454,male,447.1,348.3,428.0,26-100,-0.4
3613455,male,588.1,499.1,649.0,101-200,1.6
3613457,male,544.6,387.6,578.4,26-100,-0.8
3613459,female,464.8,521.9,489.9,more than 500,1.8
3613460,male,292.0,334.9,382.9,101-200,1.4
3613461,male,608.4,582.1,632.3,more than 500,1.2
3613462,female,485.4,501.3,479.8,201-500,-0.8
3613467,female,444.6,570.0,497.6,201-500,1.0
3613469,female,485.7,449.9,450.0,26-100,-0.4
3613474,male,621.4,627.3,644.2,more than 500,1.6
3613475,male,581.2,588.6,578.9,more than 500,1.0
3613476,male,421.3,394.8,474.2,11-25,1.0
3613477,female,427.1,498.9,442.2,11-25,-0.6
3613478,male,369.5,298.1,447.8,26-100,-1.4
3613479,female,538.6,594.0,610.2,201-500,-0.1
3613481,female,435.2,509.5,474.6,more than 500,0.0
3613482,female,510.7,579.2,539.2,more than 500,0.7
3613483,female,410.3,417.2,439.5,201-500,0.3
3613484,female,446.7,596.9,488.6,26-100,-0.2
3613486,male,324.0,238.5,383.0,101-200,-0.2
3613487,male,468.2,388.0,448.7,11-25,0.0
3613490,male,458.8,482.4,427.2,11-25,-1.1
3613491,female,494.2,391.3,471.2,101-200,-0.3
3613492,male,355.6,304.7,313.2,more than 500,1.6
3613493,male,525.4,545.5,496.1,201-500,1.2
3613494,female,439.7,647.3,545.7,101-200,0.1
3613495,male,566.5,462.3,534.6,11-25,-0.1
3613496,female,483.7,612.3,576.3,26-100,-0.7
3613497,female,381.5,464.0,480.2,101-200,0.7
3613499,male,640.1,585.4,707.3,more than 500,1.6
3613501,male,548.9,486.4,532.1,101-200,0.2
3613502,male,514.6,517.2,556.9,101-200,1.3
3613506,male,667.2,821.6,670.9,more than 500,1.3
3613508,female,330.6,494.2,415.1,26-100,-0.4
3613510,female,469.5,443.1,479.3,101-200,1.1
3613514,female,646.2,708.8,700.6,more than 500,1.2
3613515,male,568.5,670.6,528.3,201-500,1.1
3613517,female,492.1,610.9,500.8,101-200,-0.5
3613518,female,527.4,513.5,528.0,26-100,0.3
3613519,female,368.7,450.6,454.7,101-200,1.2
3613520,female,564.8,627.0,637.6,26-100,-0.9
3613522,male,502.3,584.6,631.7,101-200,0.5
3613524,female,484.7,468.9,468.8,more than 500,0.6
3613525,female,566.8,649.3,642.6,more than 500,0.6
3613526,male,538.6,484.5,529.2,101-200,1.2
3613527,female,392.8,474.2,338.0,201-500,-0.8
3613528,female,439.2,467.3,441.6,26-100,0.4
3613529,female,579.4,609.5,604.1,more than 500,0.5
3613532,female,572.2,670.1,529.6,201-500,-0.6
3613533,female,583.0,535.3,672.2,201-500,0.3
3613536,female,481.7,534.6,502.0,101-200,0.4
3613537,male,640.3,749.8,702.4,201-500,0.8
3613539,male,507.3,456.2,541.3,26-100,-0.4
3613540,male,428.0,321.4,519.6,101-200,1.0
3613541,female,495.8,443.4,529.8,26-100,1.0
3613542,male,559.5,594.3,586.7,201-500,0.9
3613544,male,569.0,492.9,541.4,101-200,0.5
3613546,male,435.5,501.9,464.6,201-500,0.3
3613548,male,411.4,405.4,405.5,11-25,-1.2
3613549,female,374.5,337.2,388.2,201-500,-1.9
3613551,female,377.4,313.0,410.7,11-25,-0.7
3613552,male,338.1,332.5,371.8,101-200,-0.3
3613554,female,456.3,477.5,418.1,26-100,-0.6
3613555,female,520.8,485.7,436.5,26-100,-0.3
3613557,male,527.0,532.6,542.8,101-200,1.1
3613563,male,678.7,649.1,646.4,more than 500,1.1
3613564,male,339.9,460.1,476.9,101-200,0.1
3613567,female,492.5,595.3,524.3,101-200,1.0
3613569,male,510.4,430.0,488.2,26-100,0.7
3613571,female,485.6,574.5,569.8,11-25,-0.8
3613572,male,624.6,584.2,697.3,101-200,1.4
3613574,female,443.7,527.6,582.2,201-500,1.0
3613576,female,403.3,398.4,401.5,101-200,0.3
3613578,female,539.0,544.8,641.9,201-500,0.2
3613579,female,336.2,351.4,330.3,101-200,-0.7
3613581,male,475.5,565.4,547.4,26-100,0.8
3613582,male,520.6,532.2,559.1,26-100,-0.4
3613583,female,474.3,502.0,478.5,101-200,0.9
3613584,female,561.6,564.8,565.3,more than 500,-0.0
3613585,male,530.9,413.6,460.8,101-200,0.2
3613588,female,498.0,544.1,510.2,more than 500,-0.5
3613589,female,312.5,323.9,252.2,201-500,1.9
3613593,male,550.1,513.6,517.0,201-500,1.4
3613595,female,361.8,460.0,469.2,11-25,-1.2
3613596,male,573.2,677.1,617.5,201-500,1.1
3613597,male,450.9,530.3,417.5,201-500,0.7
3613599,female,454.3,543.4,486.9,11-25,-2.8
3613600,male,508.0,527.0,526.4,more than 500,1.1
3613602,male,214.5,308.0,208.6,11-25,-1.6
3613603,male,593.3,572.9,702.6,more than 500,1.0
3613605,male,384.6,342.0,397.8,101-200,0.9
3613606,female,561.8,491.9,548.5,26-100,-0.1
3613607,male,391.7,369.2,402.3,101-200,-1.3
3613608,male,596.3,589.1,711.9,101-200,1.1
3613609,male,746.1,696.2,695.1,more than 500,1.2
3613610,male,509.2,552.8,566.3,101-200,0.4
3613611,female,668.3,728.9,628.9,more than 500,1.0
3613612,female,318.5,362.4,297.3,26-100,0.1
3613614,female,456.2,518.5,521.5,201-500,0.5
3613615,female,559.1,473.7,566.8,11-25,0.1
3613617,female,575.8,434.4,644.6,101-200,-1.4
3613618,male,294.3,341.1,352.5,101-200,-0.3
3613619,male,515.2,533.6,450.0,26-100,0.3
3613620,male,482.1,517.4,495.6,101-200,0.9
3613624,female,619.1,641.1,612.2,201-500,0.8
3613627,female,607.8,607.4,686.1,201-500,1.3
3613629,male,617.4,621.4,582.4,more than 500,1.3
3613630,female,569.6,442.5,438.0,101-200,1.2
3613631,female,365.3,427.6,446.0,0-10,0.1
3613634,female,571.2,663.0,559.6,more than 500,1.1
3613635,female,580.4,506.6,606.4,101-200,-0.0
3613639,male,476.5,462.0,582.1,101-200,0.7
3613641,male,462.8,398.8,380.6,26-100,-0.1
3613642,male,511.5,593.6,511.8,26-100,-0.7
3613643,female,531.9,542.2,467.0,101-200,0.8
3613644,male,440.7,448.0,359.9,11-25,0.7
3613645,female,666.7,684.4,633.8,0-10,-2.2
3613648,male,478.1,484.4,469.7,101-200,0.5
3613649,male,456.6,498.4,478.8,101-200,0.4
3613650,female,315.2,322.7,205.0,0-10,0.1
3613653,female,531.1,574.5,603.8,101-200,-1.0
3613657,male,276.9,312.7,346.7,26-100,-0.1
3613658,female,366.3,381.7,376.2,11-25,-0.8
3613661,male,376.4,360.3,317.6,101-200,-0.8
3613664,male,438.4,468.1,409.6,11-25,-0.7
3613669,female,343.2,349.5,367.9,11-25,-0.2
3613673,female,567.8,613.5,615.0,0-10,-0.8
3613676,female,577.4,640.9,535.4,11-25,-1.0
3613678,male,553.5,519.7,584.6,101-200,-0.1
3613679,male,590.4,545.6,551.6,201-500,1.2
3613680,female,405.7,397.4,438.9,0-10,1.0
3613683,male,447.9,497.1,454.9,11-25,-1.2
3613685,female,471.3,564.7,536.1,101-200,-0.8
3613689,female,434.1,469.5,477.1,101-200,0.8
3613692,female,594.6,709.2,697.4,more than 500,1.4
3613694,male,391.6,415.1,277.9,11-25,-0.7
3613695,male,570.7,626.4,627.4,201-500,0.9
3613697,male,372.4,564.1,574.1,more than 500,1.5
3613698,male,361.6,435.4,378.4,101-200,-1.4
3613699,female,460.7,493.6,518.4,101-200,0.8
3613700,female,618.7,661.9,647.0,101-200,0.3
3613701,female,277.8,295.7,270.2,0-10,0.0
3613703,male,627.0,633.3,630.3,201-500,1.5
3613704,male,349.6,345.8,352.7,0-10,-1.2
3613707,male,550.5,585.7,683.9,201-500,1.2
3613711,male,328.1,217.8,294.5,0-10,0.8
3613712,female,404.3,484.5,461.1,26-100,-1.4
3613713,male,429.8,498.5,410.1,11-25,-0.1
3613714,female,421.1,570.0,491.5,more than 500,0.3
3613715,female,344.8,381.5,446.4,11-25,0.8
3613716,female,515.0,436.5,454.1,26-100,0.3
3613717,female,545.5,684.6,646.5,26-100,1.0
3613718,male,453.5,432.6,521.0,101-200,1.0
3613719,male,519.2,476.7,512.9,201-500,0.7
3613720,female,399.1,508.1,453.2,101-200,-0.8
3613722,female,587.2,562.7,566.2,101-200,1.5
3613724,male,427.5,476.9,550.2,more than 500,1.7
3613725,male,525.4,555.1,488.5,201-500,0.3
3613726,male,466.9,430.4,536.7,101-200,-0.2
3613727,female,549.4,480.3,496.1,101-200,0.7
3613728,female,507.9,404.6,465.9,101-200,0.5
3613731,female,493.1,623.1,561.0,more than 500,0.2
3613732,female,314.2,359.9,425.0,201-500,0.9
3613733,female,461.9,428.6,535.1,201-500,-0.4
3613735,male,634.2,654.0,673.7,more than 500,0.5
3613737,male,381.3,287.7,428.7,11-25,-0.3
3613738,male,699.3,678.5,742.3,201-500,1.2
3613739,female,493.0,632.6,606.1,101-200,0.9
3613740,male,406.2,475.6,459.3,more than 500,0.4
3613741,male,452.0,417.4,535.2,11-25,-0.2
3613742,male,423.1,479.5,399.7,201-500,-0.1
3613743,male,393.8,398.6,391.4,11-25,-1.1
3613745,female,310.6,417.9,442.4,101-200,-0.5
3613746,male,416.3,409.2,492.4,201-500,0.7
3613747,female,476.2,583.1,534.8,26-100,0.2
3613749,male,496.5,521.5,531.9,26-100,-1.0
3613752,female,489.5,484.7,494.0,more than 500,1.8
3613753,female,316.5,329.1,369.6,26-100,-0.0
3613755,male,575.9,649.4,612.1,more than 500,0.9
3613756,male,418.1,387.8,348.4,101-200,1.5
3613759,female,523.2,621.1,667.9,101-200,1.1
3613761,male,486.3,498.4,515.9,101-200,0.7
3613762,female,563.3,534.7,635.6,101-200,0.6
3613763,male,348.7,324.1,331.5,0-10,0.8
3613764,male,482.6,530.2,603.3,201-500,0.2
3613765,male,416.3,393.5,501.4,101-200,-1.2
3613766,female,580.8,741.5,526.3,201-500,0.6
3613767,male,552.4,506.0,589.2,more than 500,1.1
3613768,male,425.0,350.6,387.1,101-200,0.7
3613770,male,535.4,503.1,594.2,26-100,-1.6
3613771,male,608.5,666.4,578.5,201-500,1.3
3613772,female,630.4,665.9,622.4,101-200,1.0
3613773,male,486.0,412.4,506.7,0-10,-0.2
3613778,male,539.4,412.0,494.8,101-200,1.6
3613780,female,581.5,716.8,716.2,101-200,0.6
3613785,male,324.9,315.6,397.4,0-10,1.3
3613786,male,671.2,645.0,706.0,more than 500,0.9
3613788,female,308.9,367.3,357.8,11-25,-0.4
3613790,male,555.8,486.8,597.0,26-100,0.5
3613791,male,435.5,454.8,523.2,101-200,-0.1
3613793,female,503.6,521.9,501.5,101-200,0.1
3613794,female,483.8,552.6,497.1,101-200,1.3
3613795,male,523.8,410.4,441.3,11-25,-0.3
3613798,female,552.2,494.0,570.5,26-100,0.7
3613799,female,418.3,524.6,395.4,201-500,0.6
3613804,female,493.2,558.5,574.8,0-10,-0.7
3613805,female,353.1,389.9,375.7,101-200,0.3
3613807,female,416.6,424.6,450.2,26-100,0.4
3613809,female,371.6,385.3,358.3,101-200,0.4
3613811,female,597.4,534.1,548.1,101-200,-0.6
3613814,female,556.6,610.0,596.1,201-500,0.7
3613816,male,238.3,240.9,175.1,26-100,-1.4
3613817,female,467.2,555.5,516.7,101-200,-1.1
3613819,female,395.9,457.1,463.6,101-200,-0.3
3613820,female,443.0,518.7,503.8,101-200,-0.1
3613821,male,553.1,501.7,572.6,101-200,0.8
3613823,female,542.8,526.8,480.3,26-100,1.1
3613824,female,517.8,539.3,526.2,201-500,0.9
3613825,female,417.4,427.9,461.7,101-200,1.0
3613827,female,428.2,534.7,475.2,101-200,-1.2
3613828,female,577.7,713.4,702.7,201-500,1.4
3613829,female,517.3,513.5,607.4,more than 500,1.3
3613830,male,606.9,485.8,520.9,101-200,1.1
3613832,male,553.4,532.7,547.2,26-100,-0.1
3613835,female,416.7,499.6,452.1,11-25,-0.4
3613838,male,638.2,627.3,555.8,201-500,0.7
3613841,female,463.7,431.5,502.2,26-100,-0.7
3613843,female,412.5,466.7,482.5,101-200,0.8
3613844,male,456.9,442.6,479.3,more than 500,0.4
3613845,male,429.3,359.2,337.8,101-200,1.0
3613846,male,680.9,663.6,670.1,201-500,1.3
3613848,male,387.3,440.7,438.4,101-200,0.2
3613849,male,649.0,639.7,644.4,11-25,-0.3
3613851,female,359.2,486.7,437.3,more than 500,0.9
3613852,female,342.2,360.7,403.1,101-200,-0.2
3613853,female,397.7,415.7,342.7,11-25,-0.8
3613855,female,290.0,339.0,300.9,0-10,0.4
3613856,female,368.6,343.4,417.7,26-100,-2.9
3613859,male,322.3,358.8,320.2,0-10,-1.3
3613860,male,393.3,378.6,480.7,26-100,-0.1
3613862,male,527.8,573.6,570.6,101-200,0.1
3613863,male,398.2,432.2,550.1,more than 500,1.3
3613866,female,547.8,633.7,614.7,101-200,0.4
3613867,female,518.5,612.6,603.8,101-200,1.0
3613869,female,369.2,430.9,319.5,26-100,-0.1
3613871,female,414.3,449.7,433.8,more than 500,1.2
3613872,female,431.6,465.1,568.4,101-200,-0.0
3613876,female,460.1,462.3,487.4,101-200,-0.5
3613877,female,468.1,520.7,543.9,201-500,1.2
3613880,female,456.3,507.0,423.2,201-500,1.0
3613882,female,496.3,381.9,475.1,26-100,0.1
3613883,male,453.4,446.3,568.0,more than 500,1.4
3613884,female,642.1,582.8,660.7,201-500,0.1
3613885,male,547.0,393.9,543.7,more than 500,-0.5
3613889,female,442.2,420.5,497.6,101-200,1.0
3613891,female,526.6,503.8,592.3,101-200,1.4
3613892,male,517.4,524.7,536.5,26-100,0.1
3613894,male,374.3,390.0,326.5,26-100,-0.3
3613898,female,443.5,508.0,496.6,201-500,1.3
3613899,male,682.9,658.7,635.2,more than 500,1.0
3613900,male,490.6,447.3,518.1,101-200,0.8
3613903,female,477.5,421.0,433.5,201-500,1.1
3613904,male,549.2,566.2,562.0,101-200,0.6
3613905,male,493.0,428.2,445.0,201-500,-0.6
3613906,female,521.2,581.7,584.4,0-10,0.9
3613910,female,515.8,488.2,571.0,26-100,-0.8
3613912,female,578.6,575.4,549.8,11-25,0.5
3613913,male,376.4,511.5,458.0,201-500,0.7
3613914,female,446.9,436.4,439.4,201-500,0.9
3613915,male,648.0,596.8,659.5,11-25,0.6
3613916,female,503.0,596.3,540.6,201-500,0.9
3613917,male,650.8,624.5,675.0,201-500,1.2
3613918,female,506.6,575.4,477.3,201-500,1.2
3613920,female,511.1,600.3,648.7,26-100,-1.0
3613921,female,527.2,439.5,480.4,26-100,1.3
3613922,male,631.8,640.6,681.9,more than 500,1.2
3613924,male,446.3,481.6,381.8,101-200,-1.0
3613927,female,456.3,610.8,480.2,more than 500,1.1
3613928,female,521.5,526.8,529.2,201-500,1.2
3613933,male,546.3,618.0,526.6,101-200,1.0
3613935,male,566.7,514.8,563.4,101-200,-0.0
3613936,female,531.6,506.8,591.9,more than 500,1.3
3613937,male,383.2,395.6,383.5,11-25,-0.5
3613938,female,444.6,540.9,612.4,101-200,-0.2
3613940,male,475.4,494.2,512.8,201-500,1.2
3613941,female,387.6,472.7,397.2,26-100,0.6
3613943,male,439.2,400.3,405.5,11-25,-0.7
3613945,female,528.4,582.6,635.0,201-500,0.4
3613946,female,358.7,363.0,355.5,201-500,-0.5
3613949,male,478.6,471.4,549.2,more than 500,1.5
3613950,female,355.2,297.9,425.1,101-200,0.7
3613952,male,725.0,696.3,852.8,26-100,0.5
3613953,male,698.3,660.5,724.6,26-100,0.5
3613954,female,442.0,464.3,454.3,0-10,-1.0
3613956,male,385.2,525.3,370.6,11-25,-0.0
3613957,male,448.8,376.5,430.7,0-10,0.6
3613958,male,608.7,556.8,711.7,101-200,-0.2
3613959,male,541.6,534.9,496.8,26-100,1.1
3613960,male,405.2,472.0,438.3,11-25,-1.1
3613961,female,399.9,625.9,491.5,26-100,0.6
3613967,male,388.4,263.3,378.8,101-200,0.2
3613968,female,423.6,602.1,522.8,101-200,1.0
3613969,female,411.9,486.7,397.0,101-200,0.7
3613970,male,321.3,268.3,282.4,11-25,0.6
3613971,female,420.8,462.5,358.0,201-500,1.5
3613973,female,445.1,594.5,548.9,101-200,-1.0
3613975,male,584.7,567.0,579.4,101-200,0.0
3613976,female,599.8,585.6,595.0,more than 500,1.4
3613978,female,431.8,365.5,415.5,more than 500,0.6
3613979,male,417.2,511.6,477.9,11-25,0.5
3613980,female,417.8,462.0,415.2,11-25,0.7
3613981,male,660.4,611.6,693.9,more than 500,1.4
3613984,female,572.5,634.7,540.5,26-100,1.3
3613985,female,459.6,426.4,437.5,101-200,0.3
3613987,male,550.7,439.4,572.3,201-500,1.3
3613988,male,384.9,350.3,541.5,101-200,-0.8
3613989,female,482.1,499.4,520.6,more than 500,-0.4
3613990,male,643.1,572.3,628.4,101-200,1.1
3613991,male,488.7,500.7,428.8,more than 500,1.2
3613993,female,506.6,580.6,566.5,101-200,-0.3
3613996,male,582.2,586.6,606.1,more than 500,1.6
3613997,male,503.4,468.5,504.3,101-200,0.7
3613998,female,520.4,696.8,552.1,201-500,1.1
3614000,male,491.4,428.0,571.2,26-100,0.7
3614003,female,478.2,564.9,557.0,201-500,-1.0
3614004,male,413.7,461.8,429.4,101-200,0.7
3614006,female,452.0,577.5,503.0,201-500,-0.8
3614011,male,663.2,625.8,608.4,101-200,1.0
3614014,female,478.5,499.0,527.7,201-500,0.8
3614016,male,535.3,513.8,523.4,201-500,1.1
3614020,female,327.0,296.9,252.0,201-500,0.7
3614021,male,337.1,436.1,349.3,0-10,-1.5
3614022,male,436.1,463.3,432.9,26-100,0.6
3614023,female,376.9,357.6,429.0,26-100,1.3
3614024,female,668.6,679.7,695.6,201-500,1.2
3614026,female,522.6,522.7,542.1,101-200,-0.5
3614027,male,452.8,483.1,473.0,more than 500,0.2
3614028,female,388.7,527.7,399.7,0-10,-0.2
3614029,female,543.7,546.6,509.6,26-100,-0.8
3614030,female,426.5,348.7,364.7,0-10,-1.1
3614033,male,588.6,605.4,583.2,11-25,0.2
3614035,female,399.7,469.6,372.8,26-100,-0.4
3614037,female,553.5,591.2,509.6,101-200,1.5
3614038,male,584.6,589.5,694.8,101-200,1.1
3614039,male,507.3,527.7,572.4,26-100,0.1
3614040,female,573.0,601.9,649.7,201-500,1.1
3614041,male,430.9,454.4,465.9,201-500,-0.4
3614042,female,360.6,375.2,356.8,26-100,-1.2
3614043,male,669.1,516.9,590.6,26-100,-0.0
3614044,male,399.8,368.4,481.3,201-500,0.9
3614045,male,494.0,419.0,444.3,0-10,-0.3
3614046,female,509.6,507.6,561.5,26-100,0.8
3614047,male,679.2,719.9,694.7,more than 500,1.0
3614049,female,476.5,417.0,450.4,26-100,1.0
3614050,male,523.0,543.8,522.1,101-200,-0.8
3614051,female,350.6,405.0,434.9,0-10,-1.8
3614052,male,435.7,469.1,451.7,26-100,-0.0
3614055,female,579.3,736.9,659.3,201-500,1.4
3614057,male,523.8,518.5,533.2,101-200,0.7
3614058,male,474.6,475.2,408.3,201-500,1.5
3614059,female,585.5,684.3,555.2,201-500,0.9
3614061,male,608.8,637.9,645.1,101-200,0.8
3614062,female,382.3,484.9,469.3,more than 500,0.5
3614064,male,598.1,586.8,618.5,26-100,0.8
3614066,female,547.9,596.6,594.8,more than 500,0.9
3614068,male,463.9,499.1,487.9,201-500,0.1
3614069,male,347.2,562.1,397.3,11-25,-0.8
3614070,male,681.0,723.4,721.0,201-500,1.2
3614071,male,597.9,637.0,546.7,101-200,0.8
3614072,female,372.9,381.2,471.1,26-100,-0.6
3614075,female,690.6,728.7,685.9,201-500,0.8
3614076,female,393.5,443.5,408.2,26-100,-0.1
3614079,female,272.7,279.9,258.6,11-25,-1.7
3614081,female,550.5,534.9,569.4,201-500,1.1
3614082,male,474.9,554.2,533.2,101-200,-0.6
3614084,female,478.7,492.2,521.0,26-100,-0.1
3614086,male,581.4,623.1,563.6,201-500,1.4
3614087,male,684.9,662.9,731.1,more than 500,1.7
3614091,female,528.8,747.1,686.2,201-500,1.3
3614092,male,464.2,591.5,556.1,101-200,1.4
3614093,male,378.0,477.0,423.5,201-500,1.0
3614094,male,573.7,610.8,584.9,26-100,0.3
3614102,female,388.7,475.8,538.4,26-100,-2.4
3614104,male,549.0,588.1,615.3,201-500,0.6
3614107,male,550.7,471.1,589.2,26-100,0.8
3614108,male,484.8,576.8,484.1,201-500,1.0
3614109,female,619.7,699.3,637.9,more than 500,1.1
3614110,female,433.2,552.1,525.2,more than 500,0.0
3614111,female,451.1,537.9,517.9,more than 500,0.4
3614112,male,566.5,556.4,546.5,more than 500,-0.8
3614113,male,432.8,409.2,489.8,more than 500,1.6
3614114,male,408.1,395.8,381.5,101-200,0.6
3614116,female,452.6,462.1,511.1,201-500,0.7
3614117,male,573.1,598.6,485.3,more than 500,0.8
3614119,male,442.8,423.8,512.2,101-200,0.9
3614120,male,315.0,262.8,285.5,0-10,-0.6
3614121,male,580.1,500.2,415.4,201-500,-0.6
3614122,female,480.8,658.3,563.4,101-200,1.1
3614123,female,477.5,483.6,449.0,11-25,0.6
3614124,male,517.0,598.0,474.5,more than 500,0.5
3614125,male,540.0,510.3,589.5,201-500,0.2
3614128,male,435.0,442.6,384.5,11-25,1.0
3614130,male,598.7,504.3,611.6,more than 500,1.8
3614133,male,461.1,456.4,482.3,101-200,0.3
3614137,male,632.7,492.6,577.8,101-200,1.1
3614138,female,543.2,597.3,507.9,101-200,1.0
3614140,male,539.3,492.9,549.1,101-200,-0.3
3614141,male,516.0,633.1,651.1,201-500,1.9
3614144,female,451.5,397.2,442.5,26-100,0.1
3614145,male,404.3,486.3,451.3,101-200,1.1
3614146,female,713.6,706.1,755.8,101-200,0.9
3614147,male,639.1,516.0,637.7,101-200,1.2
3614148,male,449.5,480.3,499.0,more than 500,1.5
3614149,male,609.2,533.1,560.1,11-25,-0.9
3614150,male,315.0,222.9,346.5,11-25,-0.5
3614151,female,564.8,762.1,657.2,more than 500,1.0
3614153,male,547.8,478.5,561.6,101-200,0.7
3614154,male,569.0,687.9,672.2,201-500,1.3
3614156,female,414.4,478.7,494.3,11-25,0.2
3614157,female,602.7,620.9,602.7,201-500,0.9
3614159,male,400.7,339.4,374.5,101-200,-0.1
3614160,male,581.5,587.0,616.7,101-200,1.5
3614161,female,602.7,598.5,615.7,11-25,-0.8
3614162,female,488.5,506.8,513.8,101-200,1.1
3614163,male,487.4,550.5,599.5,26-100,0.4
3614164,male,406.5,512.2,479.5,101-200,0.1
3614165,female,395.0,566.3,554.2,26-100,0.4
3614166,male,646.4,623.1,586.4,201-500,1.2
3614168,female,504.5,544.5,506.2,201-500,1.4
3614169,female,413.6,452.0,451.2,26-100,0.0
3614170,female,398.9,487.8,367.2,201-500,0.4
3614171,male,635.9,471.1,623.2,101-200,-0.1
3614173,male,536.7,474.3,532.2,201-500,-3.2
3614174,female,426.2,385.9,464.0,101-200,0.8
3614175,male,386.4,395.9,388.6,more than 500,1.1
3614176,female,492.9,552.9,576.1,more than 500,-0.2
3614178,male,369.2,369.3,370.8,26-100,0.2
3614180,female,569.7,588.3,671.7,more than 500,0.9
3614184,male,660.9,679.5,630.7,201-500,0.5
3614185,female,527.2,634.3,533.4,26-100,1.4
3614187,female,471.2,512.7,474.3,101-200,0.9
3614189,male,723.5,550.6,723.9,201-500,1.0
3614191,female,497.5,514.8,526.7,more than 500,1.1
3614193,male,344.7,344.8,374.5,26-100,-2.7
3614195,male,449.9,574.3,615.6,26-100,-0.3
3614196,female,403.2,444.6,450.6,101-200,0.7
3614197,female,450.5,395.7,395.7,0-10,0.1
3614198,male,427.3,532.4,604.9,201-500,-0.3
3614199,female,440.3,390.2,477.6,101-200,0.8
3614204,male,328.0,262.7,335.5,11-25,0.9
3614205,male,572.0,567.9,682.3,201-500,1.3
3614206,male,568.3,482.0,638.6,more than 500,0.4
3614207,male,461.5,608.4,587.1,26-100,-0.2
3614208,male,440.2,477.2,423.9,201-500,-0.2
3614209,male,430.2,408.7,361.8,101-200,1.0
3614214,female,563.4,600.0,671.5,201-500,1.0
3614215,male,542.8,497.8,585.3,more than 500,0.2
3614216,female,446.6,501.0,401.5,101-200,0.2
3614218,female,423.8,398.3,419.4,101-200,1.2
3614219,male,596.6,549.6,547.4,101-200,0.9
3614220,male,395.0,418.8,441.1,201-500,1.4
3614221,male,517.7,503.5,654.0,101-200,0.8
3614222,male,656.0,668.0,617.3,201-500,1.7
3614223,male,462.7,516.1,494.2,101-200,-0.8
3614224,male,504.5,657.3,614.4,201-500,1.1
3614226,female,615.4,638.1,571.4,101-200,0.5
3614231,female,535.0,637.6,512.5,more than 500,0.3
3614233,female,603.7,580.8,605.8,101-200,1.0
3614235,female,451.9,363.8,417.5,101-200,-0.1
3614236,male,463.4,468.9,513.3,26-100,0.5
3614237,male,450.6,371.2,471.5,101-200,0.0
3614238,female,504.7,576.9,428.8,201-500,0.1
3614241,female,518.4,441.6,598.7,201-500,-0.0
3614242,male,446.5,420.8,432.7,101-200,-0.2
3614244,female,604.9,686.9,616.5,201-500,0.8
3614245,female,351.4,435.6,507.9,101-200,0.7
3614246,male,422.7,391.9,442.9,101-200,-0.4
3614247,female,612.3,537.2,544.3,more than 500,1.6
3614251,male,488.7,469.6,485.5,101-200,0.4
3614252,male,497.1,596.1,494.5,0-10,0.7
3614254,male,680.1,673.6,646.8,101-200,1.4
3614255,male,483.3,529.4,477.9,more than 500,1.7
3614257,female,547.6,455.1,446.7,more than 500,0.4
3614259,female,428.2,518.2,422.3,101-200,0.2
3614260,female,569.8,619.5,613.8,201-500,1.3
3614261,female,424.2,397.0,442.4,26-100,-0.3
3614263,female,459.0,524.6,452.4,101-200,0.7
3614264,male,490.3,419.5,503.5,26-100,-0.8
3614265,male,632.6,584.4,656.3,101-200,0.6
3614266,male,564.6,479.8,622.1,101-200,0.2
3614267,female,444.6,539.4,504.9,more than 500,0.8
3614269,male,376.5,388.4,406.9,101-200,-1.5
3614271,male,613.0,592.5,650.8,201-500,1.1
3614275,male,550.6,606.7,650.0,0-10,-0.4
3614276,female,474.8,478.9,430.3,26-100,0.4
3614277,female,647.1,611.5,674.5,more than 500,1.4
3614278,female,494.1,527.9,504.6,more than 500,1.6
3614280,male,421.0,396.9,422.3,101-200,0.0
3614281,female,616.4,573.3,598.8,101-200,0.5
3614282,female,384.4,473.9,428.5,101-200,-0.7
3614283,male,465.1,445.6,436.4,101-200,-0.3
3614284,female,497.4,538.8,557.6,101-200,1.0
3614286,male,609.3,518.4,640.0,201-500,0.8
3614289,female,510.7,550.9,532.4,11-25,-0.8
3614290,female,559.2,557.6,535.5,101-200,0.3
3614291,male,457.5,551.0,573.2,more than 500,0.2
3614292,female,412.8,419.8,504.0,101-200,0.1
3614294,female,432.6,532.6,550.0,101-200,0.9
3614295,female,511.0,520.2,579.7,101-200,0.3
3614297,female,538.3,510.4,575.3,101-200,1.2
3614298,male,379.1,414.0,477.4,26-100,0.1
3614299,female,440.4,372.5,467.0,101-200,0.1
3614301,male,277.5,277.9,305.5,0-10,1.6
3614304,female,624.1,786.3,656.8,more than 500,1.1
3614305,female,339.7,352.0,296.2,201-500,1.5
3614307,female,433.4,486.8,566.3,more than 500,1.3
3614308,female,481.6,428.5,483.1,201-500,0.8
3614309,male,510.0,550.6,546.2,101-200,0.8
3614311,female,647.3,627.8,683.6,more than 500,1.0
3614312,male,367.6,400.6,325.9,101-200,0.3
3614313,male,489.9,557.8,469.0,101-200,0.8
3614314,female,429.4,213.6,316.2,26-100,-1.5
3614316,male,293.5,298.2,310.0,11-25,-1.3
3614317,male,440.8,459.9,530.9,101-200,0.1
3614318,female,375.8,416.5,327.7,more than 500,0.7
3614319,female,577.4,624.0,628.8,101-200,0.2
3614320,female,455.2,441.9,556.8,0-10,0.1
3614321,male,398.9,345.4,445.6,101-200,-1.3
3614324,male,433.6,519.6,502.0,101-200,-0.2
3614325,female,369.1,468.7,318.5,26-100,0.2
3614326,male,469.6,459.8,525.1,101-200,0.7
3614327,male,449.5,416.5,394.2,0-10,0.3
3614328,male,606.6,478.7,556.2,more than 500,0.3
3614330,male,426.6,331.9,452.1,26-100,-0.5
3614331,male,391.8,414.5,382.7,26-100,0.6
3614332,male,626.4,539.0,570.5,more than 500,1.1
3614333,female,530.2,526.4,537.3,101-200,-0.9
3614334,female,419.6,458.1,531.3,101-200,-0.2
3614335,male,369.4,406.3,438.3,101-200,0.6
3614338,male,466.4,495.2,503.3,26-100,0.7
3614339,female,495.2,562.3,532.7,201-500,0.6
3614340,female,459.0,508.8,509.4,11-25,-0.0
3614345,male,217.6,133.6,363.8,26-100,0.9
3614346,male,588.5,519.8,498.7,11-25,-0.9
3614349,female,403.0,499.4,452.3,101-200,-1.2
3614350,female,425.0,472.6,394.3,more than 500,1.4
3614351,male,367.1,434.3,384.6,101-200,0.9
3614353,female,527.3,605.8,608.5,201-500,1.3
3614355,female,434.7,497.7,393.1,201-500,0.8
3614358,male,303.4,464.3,408.2,101-200,1.0
3614359,female,494.4,505.0,516.6,101-200,1.2
3614360,male,507.4,403.3,432.7,26-100,-0.6
3614361,male,502.5,382.0,422.7,11-25,-0.3
3614362,male,456.1,376.1,566.3,201-500,1.0
3614363,male,573.0,511.8,639.5,11-25,1.0
3614365,male,488.8,580.6,549.6,101-200,1.1
3614366,female,646.7,676.6,678.4,101-200,1.2
3614370,male,552.0,577.9,504.6,101-200,0.7
3614372,female,519.8,551.1,513.8,101-200,0.4
3614373,male,536.9,485.9,602.3,11-25,-0.6
3614375,female,413.2,525.7,379.5,201-500,0.8
3614376,female,423.6,514.9,413.9,201-500,0.9
3614377,male,642.6,564.0,544.6,101-200,1.2
3614378,male,447.1,469.7,514.3,more than 500,0.1
3614379,male,590.3,570.7,569.5,26-100,-1.5
3614380,male,382.8,422.8,367.0,101-200,0.9
3614383,female,666.5,651.8,689.1,101-200,1.1
3614384,male,464.9,463.2,434.3,101-200,0.8
3614386,male,487.5,500.8,460.4,101-200,0.9
3614387,male,496.3,524.7,407.7,26-100,0.4
3614389,female,587.0,559.1,511.3,more than 500,0.2
3614393,male,581.5,573.7,573.4,201-500,1.8
3614394,female,640.8,665.8,650.8,201-500,1.0
3614396,male,463.7,557.6,463.9,101-200,-0.2
3614397,male,524.2,552.6,603.1,101-200,1.3
3614402,female,445.2,545.9,467.8,0-10,0.0
3614404,female,394.0,328.5,406.3,201-500,-2.5
3614405,female,497.3,465.7,496.2,more than 500,0.9
3614406,female,461.0,470.4,452.1,26-100,0.3
3614407,male,362.1,334.6,270.8,11-25,1.2
3614408,female,466.3,540.8,515.8,more than 500,0.6
3614409,female,525.9,732.4,561.8,more than 500,1.6
3614410,male,383.2,392.7,430.6,26-100,-0.9
3614412,female,407.4,384.2,477.0,101-200,1.0
3614414,female,463.0,405.1,389.1,101-200,1.0
3614416,female,260.3,326.3,258.8,101-200,-0.3
3614417,male,692.3,686.9,733.3,26-100,0.8
3614419,male,513.6,561.8,493.4,more than 500,0.1
3614420,female,353.7,398.4,462.6,201-500,0.8
3614422,male,391.5,420.7,475.1,101-200,-0.1
3614423,female,438.8,410.2,481.1,201-500,-0.6
3614424,male,495.2,600.7,537.4,101-200,-0.0
3614425,male,475.1,464.7,462.0,101-200,-0.4
3614426,male,519.1,584.4,580.1,201-500,0.9
3614427,male,358.6,478.0,452.6,11-25,-0.8
3614428,male,532.4,422.5,575.0,101-200,-0.7
3614432,female,442.8,519.8,575.6,26-100,-0.8
3614433,male,497.7,497.2,541.9,101-200,0.9
3614439,male,420.9,551.7,445.7,101-200,0.4
3614440,male,652.2,604.7,740.4,101-200,0.9
3614442,female,475.9,503.7,636.2,more than 500,0.7
3614444,female,451.2,600.6,503.4,more than 500,-0.6
3614445,male,461.2,446.5,404.3,101-200,1.0
3614446,male,403.7,504.1,486.4,11-25,-1.1
3614447,male,495.9,388.9,411.1,101-200,0.7
3614448,male,488.2,512.8,547.3,11-25,0.9
3614449,male,367.6,491.0,468.1,101-200,0.7
3614450,female,440.5,273.6,394.4,101-200,1.3
3614452,female,612.1,523.4,610.9,26-100,0.2
3614453,male,394.1,351.3,388.9,201-500,0.3
3614454,male,470.5,345.3,471.6,101-200,0.9
3614457,male,464.1,455.1,519.7,more than 500,1.4
3614458,male,490.4,415.8,511.8,101-200,0.1
3614459,female,422.8,588.3,489.0,201-500,0.9
3614461,male,379.7,424.4,438.8,0-10,0.5
3614462,female,605.9,529.6,613.5,more than 500,1.3
3614463,male,560.1,529.1,566.8,101-200,-0.1
3614464,female,421.9,498.6,466.7,101-200,0.3
3614467,female,524.2,538.9,589.4,201-500,0.4
3614469,male,560.9,477.7,613.0,26-100,0.6
3614470,female,432.1,426.6,356.7,11-25,0.8
3614472,female,525.1,519.0,452.6,101-200,0.8
3614473,male,552.0,576.9,572.6,more than 500,1.5
3614475,male,533.3,478.2,429.2,101-200,-1.2
3614476,female,563.0,691.8,533.8,101-200,-0.6
3614478,male,376.5,410.1,336.1,26-100,-0.3
3614479,male,449.1,342.1,438.4,26-100,1.0
3614480,female,534.1,566.2,575.3,201-500,1.3
3614481,male,374.4,346.0,411.0,11-25,-0.4
3614483,female,567.0,579.2,526.4,11-25,-1.2
3614485,female,415.2,379.5,401.4,201-500,1.4
3614486,male,596.1,672.1,630.4,101-200,0.8
3614489,female,429.7,337.3,379.3,101-200,-1.0
3614491,female,428.1,487.8,425.8,26-100,0.5
3614492,male,431.4,454.8,421.5,101-200,0.7
3614494,male,462.4,357.1,432.1,101-200,1.0
3614495,female,473.6,585.8,633.6,101-200,-0.3
3614496,female,684.2,726.2,735.8,201-500,2.1
3614497,male,412.8,341.5,433.5,201-500,1.2
3614498,male,463.7,394.6,501.0,101-200,-0.3
3614499,female,506.2,652.9,538.1,201-500,1.3
3614500,female,637.2,616.7,644.0,26-100,0.7
3614501,male,439.3,382.8,399.3,101-200,0.3
3614502,female,582.5,604.1,566.8,more than 500,1.3
3614503,female,516.7,435.7,584.8,more than 500,1.1
3614506,female,505.4,601.6,505.5,101-200,0.9
3614508,female,689.2,662.5,751.7,201-500,1.3
3614509,male,360.6,410.1,441.3,101-200,0.5
3614511,male,417.7,440.9,345.8,101-200,0.7
3614512,male,424.8,541.9,422.6,101-200,-0.0
3614513,male,457.9,484.2,516.6,101-200,1.0
3614514,male,428.2,380.1,524.6,101-200,1.0
3614516,female,538.2,735.8,637.0,more than 500,0.1
3614517,male,489.2,505.0,447.1,26-100,-1.5
3614518,female,425.5,497.8,439.4,26-100,-0.4
3614521,female,451.5,567.6,445.4,101-200,0.8
3614523,male,453.1,473.6,438.3,101-200,0.9
3614525,female,465.2,517.1,514.3,26-100,-0.3
3614526,male,648.9,652.7,628.7,201-500,0.7
3614528,female,288.6,374.7,296.2,26-100,0.6
3614530,female,405.0,392.6,452.9,101-200,0.8
3614531,male,636.2,551.4,672.3,101-200,1.4
3614532,male,531.3,558.8,560.1,201-500,0.4
3614533,female,448.8,610.7,464.0,26-100,-1.6
3614538,male,546.8,521.4,455.1,11-25,-0.0
3614540,male,339.6,490.5,363.1,11-25,0.4
3614541,male,507.1,562.0,552.9,11-25,-1.0
3614542,female,493.3,520.6,508.0,201-500,1.2
3614543,female,298.6,207.4,310.3,26-100,0.9
3614544,female,391.1,456.9,388.2,101-200,-1.9
3614545,female,413.7,359.7,345.4,101-200,0.8
3614547,male,500.7,520.5,483.9,26-100,0.6
3614548,female,410.4,480.0,389.1,201-500,0.2
3614549,female,321.3,349.0,318.8,26-100,-0.7
3614550,male,283.9,342.7,318.0,26-100,0.8
3614556,male,504.6,534.1,559.0,0-10,0.8
3614557,male,404.0,306.0,334.0,11-25,-0.1
3614559,female,555.1,591.5,627.0,101-200,0.6
3614560,female,489.4,528.6,454.3,101-200,0.4
3614561,female,321.8,416.7,327.5,201-500,-0.4
3614563,male,463.0,556.3,461.6,201-500,0.8
3614565,male,516.8,470.5,586.2,26-100,1.0
3614566,female,458.8,508.1,558.8,201-500,0.9
3614569,female,316.5,361.6,355.3,11-25,-1.4
3614570,female,463.1,568.1,501.3,101-200,-0.6
3614571,male,609.0,530.4,639.6,201-500,-0.3
3614572,female,355.8,313.4,410.3,101-200,0.4
3614574,male,616.9,568.8,621.3,101-200,0.8
3614576,male,594.0,701.6,635.1,201-500,1.0
3614578,female,503.8,557.0,513.5,more than 500,0.3
3614579,male,423.9,403.0,522.0,26-100,-0.5
3614580,female,424.9,365.3,421.5,0-10,-0.5
3614582,male,488.4,396.4,544.5,26-100,0.2
3614585,female,539.2,454.2,563.3,101-200,0.4
3614586,male,533.7,482.4,536.9,201-500,-0.1
3614587,male,621.7,676.7,605.6,201-500,1.3
3614588,female,453.2,514.3,456.0,101-200,0.9
3614589,female,481.4,588.9,510.7,201-500,0.3
3614590,male,402.6,504.8,485.2,201-500,-0.2
3614594,male,513.2,554.1,551.9,more than 500,1.0
3614600,male,536.6,562.4,584.5,201-500,0.1
3614601,male,422.8,282.9,529.8,101-200,-2.0
3614602,male,677.4,608.1,744.2,101-200,0.7
3614603,male,480.7,432.9,440.3,101-200,0.4
3614604,male,529.9,450.2,552.8,201-500,-0.2
3614605,male,440.7,562.2,421.7,101-200,0.6
3614606,male,501.7,497.0,640.4,more than 500,1.1
3614607,female,526.2,534.5,564.2,201-500,0.4
3614608,female,461.1,453.8,515.3,more than 500,1.9
3614609,male,574.2,545.6,537.5,more than 500,0.9
3614610,female,453.9,458.3,477.4,101-200,-0.6
3614614,female,441.8,552.7,481.7,26-100,-1.4
3614619,male,550.8,590.1,616.1,101-200,1.0
3614620,male,442.8,562.7,505.3,0-10,1.0
3614621,female,499.0,603.2,581.0,101-200,-0.7
3614623,female,410.0,371.3,504.7,101-200,-1.3
3614624,male,482.4,346.9,553.2,26-100,0.1
3614625,male,513.6,467.9,541.4,201-500,1.0
3614626,female,621.3,604.5,705.0,more than 500,1.3
3614627,male,302.9,235.6,300.9,101-200,-0.9
3614628,male,373.3,438.4,472.2,26-100,-0.1
3614629,male,463.4,542.5,472.9,26-100,0.2
3614630,female,511.1,516.9,578.9,201-500,1.1
3614631,female,494.0,456.8,495.7,101-200,1.0
3614632,female,531.5,476.5,503.1,201-500,1.8
3614635,female,333.1,444.8,444.4,101-200,-1.0
3614636,female,443.9,562.8,465.5,26-100,-0.4
3614637,female,526.6,438.2,532.7,more than 500,0.1
3614640,female,369.8,395.2,307.6,more than 500,0.1
3614642,female,565.4,646.4,620.8,more than 500,-0.3
3614643,female,614.0,584.4,611.0,201-500,0.3
3614644,female,367.4,432.4,392.8,26-100,-1.0
3614646,male,691.4,686.6,706.5,201-500,1.2
3614648,male,334.7,294.2,415.4,11-25,-0.2
3614649,female,475.6,539.0,548.2,11-25,-1.0
3614652,male,565.5,528.4,527.1,101-200,1.5
3614656,female,487.4,514.8,401.6,0-10,0.6
3614658,male,449.3,431.3,528.9,101-200,0.2
3614660,male,266.8,273.3,285.6,11-25,-0.6
3614661,female,466.9,461.4,485.2,201-500,1.3
3614662,male,496.9,474.2,491.0,101-200,0.0
3614663,male,419.8,475.1,470.0,101-200,0.7
3614664,male,558.6,539.5,678.5,more than 500,1.1
3614666,female,525.6,500.2,469.9,11-25,-0.5
3614668,male,399.9,490.4,480.1,26-100,-0.1
3614669,female,484.9,528.2,522.8,11-25,-0.7
3614671,male,570.4,723.5,672.6,201-500,-1.0
3614672,female,396.9,464.2,439.8,26-100,-1.2
3614674,female,456.5,599.8,542.9,101-200,0.9
3614675,male,509.3,485.3,516.9,more than 500,0.8
3614677,female,576.7,556.1,620.5,101-200,0.7
3614680,male,490.7,557.6,532.0,201-500,1.3
3614681,female,495.1,493.0,539.6,26-100,-0.4
3614682,male,597.9,655.5,700.2,101-200,0.4
3614684,female,565.9,626.2,574.2,more than 500,1.1
3614685,female,498.8,553.8,550.8,201-500,1.4
3614687,male,476.8,635.4,461.8,26-100,1.0
3614688,female,606.7,623.4,542.2,201-500,1.1
3614690,male,417.7,365.5,474.6,201-500,1.1
3614692,male,553.7,491.8,489.0,101-200,1.2
3614694,female,440.2,443.3,457.5,26-100,-1.6
3614696,male,503.7,487.8,506.5,more than 500,1.1
3614697,female,585.5,557.8,520.4,26-100,0.6
3614698,male,591.8,546.4,626.2,101-200,1.4
3614699,male,445.9,476.6,457.0,201-500,0.6
3614700,female,489.9,613.3,510.1,201-500,0.8
3614701,female,439.4,458.0,503.7,more than 500,1.2
3614702,male,441.0,376.4,508.6,11-25,-0.8
3614703,female,585.3,467.6,618.6,101-200,1.1
3614706,male,218.7,348.7,229.3,0-10,-1.4
3614712,female,514.1,521.3,493.4,101-200,0.7
3614714,male,669.6,698.0,719.9,101-200,1.1
3614720,female,417.1,512.9,437.0,26-100,0.2
3614722,female,476.0,541.8,521.7,201-500,0.1
3614724,male,618.8,679.9,617.6,201-500,-0.2
3614726,female,545.9,622.8,602.2,more than 500,1.3
3614730,female,626.6,532.7,564.3,101-200,1.4
3614731,female,635.0,644.0,647.2,more than 500,1.1
3614732,female,464.9,509.9,549.9,11-25,0.1
3614734,female,511.3,529.8,562.8,101-200,0.5
3614736,male,532.8,595.1,575.4,more than 500,1.5
3614738,female,463.7,574.1,527.5,201-500,1.2
3614739,male,293.2,351.7,275.0,101-200,-0.3
3614740,male,435.6,308.0,424.7,11-25,1.3
3614741,female,466.6,534.3,404.9,201-500,-0.1
3614742,male,521.5,584.0,535.1,101-200,1.0
3614743,male,433.3,348.1,396.0,26-100,1.0
3614745,male,454.1,418.5,431.8,11-25,0.1
3614751,male,311.6,305.1,264.2,more than 500,0.9
3614752,female,459.2,455.2,433.9,more than 500,0.9
3614753,male,502.9,602.6,522.9,more than 500,-0.3
3614755,female,329.6,345.3,357.6,11-25,-0.6
3614756,female,225.7,242.1,138.5,11-25,-1.6
3614757,male,399.7,543.6,430.8,0-10,-0.8
3614758,female,428.3,457.3,402.6,11-25,-0.5
3614760,male,432.2,383.2,515.4,101-200,-0.0
3614761,male,632.5,647.8,738.4,201-500,-0.6
3614764,female,546.0,531.5,504.5,26-100,1.0
3614765,male,463.9,410.7,390.1,201-500,-0.1
3614767,female,581.6,684.1,559.5,more than 500,1.2
3614769,female,397.1,397.4,337.8,26-100,0.1
3614770,male,545.9,562.9,565.5,101-200,-1.6
3614771,male,557.3,549.1,587.0,101-200,0.3
3614772,male,509.6,551.7,491.5,101-200,0.1
3614776,male,638.4,638.5,587.7,201-500,0.9
3614777,female,491.9,530.8,570.6,more than 500,0.5
3614778,male,699.1,709.1,690.9,101-200,1.0
3614781,male,468.1,508.8,581.7,201-500,1.2
3614783,male,484.9,518.5,483.0,101-200,-0.1
3614784,male,426.0,451.1,484.4,11-25,0.0
3614785,female,645.1,542.7,646.3,more than 500,1.2
3614786,male,487.3,552.9,482.2,101-200,1.0
3614788,male,481.5,562.5,536.7,101-200,-0.0
3614789,male,540.7,559.0,490.1,201-500,1.0
3614790,female,462.0,571.0,554.0,11-25,-1.5
3614791,male,560.4,534.9,617.1,201-500,0.2
3614792,female,375.2,560.5,474.9,201-500,0.4
3614793,female,388.4,445.2,438.2,201-500,1.0
3614795,male,396.8,447.5,362.9,101-200,-0.2
3614796,male,628.3,715.4,689.1,201-500,1.4
3614798,female,519.2,507.6,480.0,101-200,-0.4
3614800,male,346.7,479.8,425.9,more than 500,-0.2
3614801,female,583.9,726.5,630.2,101-200,0.8
3614803,male,372.7,376.0,425.8,101-200,-0.2
3614804,female,633.8,652.2,591.6,201-500,1.0
3614805,male,426.4,372.9,430.5,11-25,1.0
3614806,male,539.5,566.9,578.4,11-25,0.2
3614808,female,528.5,377.8,452.2,101-200,-0.1
3614809,female,394.5,335.7,423.8,more than 500,-0.1
3614810,female,505.2,494.0,637.8,101-200,1.6
3614812,male,511.5,516.9,538.5,201-500,-0.2
3614814,female,276.7,231.8,296.1,11-25,-3.7
3614816,female,434.2,428.0,451.2,101-200,0.6
3614817,male,565.5,523.8,638.8,26-100,0.7
3614821,male,625.0,661.9,642.2,101-200,1.4
3614823,female,440.3,484.9,431.5,11-25,-0.7
3614824,female,315.6,366.4,381.9,101-200,0.1
3614825,male,550.2,531.8,496.0,101-200,-0.1
3614826,female,486.0,544.4,436.9,more than 500,1.0
3614827,female,477.4,602.7,519.3,201-500,0.6
3614828,female,536.7,555.9,516.0,more than 500,0.6
3614831,male,406.4,424.9,498.6,101-200,0.7
3614832,male,640.9,622.6,625.0,101-200,0.9
3614833,male,540.3,645.7,525.4,101-200,0.7
3614834,male,679.9,693.5,782.7,101-200,-0.3
3614836,female,536.3,547.4,441.2,201-500,1.7
3614837,female,505.7,440.9,503.9,26-100,0.6
3614838,male,630.3,616.7,588.4,more than 500,1.2
3614839,female,611.4,823.9,628.7,26-100,0.2
3614840,female,575.8,621.4,638.1,26-100,0.4
3614841,male,454.6,482.6,503.9,101-200,-0.4
3614845,female,461.8,555.7,453.9,201-500,0.5
3614847,female,311.6,304.8,359.2,26-100,-0.4
3614849,male,507.2,456.0,515.9,101-200,0.3
3614851,male,431.7,455.5,419.7,101-200,-0.5
3614852,female,443.5,437.9,557.0,101-200,0.8
3614853,female,386.3,467.0,407.0,101-200,0.0
3614854,female,397.9,283.9,418.8,11-25,-1.4
3614856,male,593.9,615.9,533.0,101-200,0.1
3614858,female,446.1,558.8,542.5,26-100,-0.7
3614859,female,326.6,379.3,298.4,11-25,-0.8
3614860,male,423.9,465.8,448.4,26-100,-0.4
3614862,female,602.3,585.6,628.3,201-500,0.2
3614864,male,386.5,147.3,380.3,11-25,-1.4
3614865,female,375.5,458.1,327.5,0-10,-1.8
3614866,male,597.5,563.7,565.1,26-100,-0.5
3614868,female,506.8,539.0,559.2,101-200,0.6
3614869,male,436.5,453.2,455.3,101-200,0.1
3614871,male,278.8,182.0,176.0,26-100,-0.1
3614872,male,583.2,655.4,641.1,101-200,-0.7
3614873,male,435.2,306.3,457.8,201-500,-0.7
3614874,female,416.4,433.2,505.5,101-200,-0.5
3614876,female,625.5,508.2,628.0,101-200,0.2
3614877,male,678.1,571.9,556.7,101-200,0.4
3614878,male,448.4,522.0,428.5,101-200,1.0
3614882,female,423.7,396.5,507.9,101-200,0.2
3614883,male,352.7,479.3,427.1,26-100,-0.5
3614884,female,533.3,479.3,489.1,101-200,1.1
3614885,female,470.3,546.0,500.4,201-500,0.9
3614886,male,605.3,637.8,552.5,more than 500,0.9
3614887,male,533.6,546.9,626.8,101-200,-0.4
3614888,male,543.0,539.8,605.9,101-200,-0.1
3614892,female,390.0,382.0,386.9,26-100,-1.3
3614894,male,281.2,219.4,270.9,101-200,1.4
3614896,male,390.6,497.5,557.2,more than 500,0.9
3614897,female,476.1,543.9,550.7,more than 500,0.2
3614898,male,544.8,531.7,539.5,101-200,-0.0
3614901,male,592.3,553.1,604.6,101-200,0.1
3614902,female,488.9,615.7,535.9,26-100,0.4
3614906,female,336.2,384.2,374.2,26-100,-0.9
3614907,female,529.3,535.2,557.3,11-25,0.2
3614909,female,448.6,498.6,410.6,11-25,0.2
3614911,male,411.0,363.5,364.4,26-100,-0.5
3614912,male,505.9,384.3,528.2,201-500,1.4
3614913,female,515.8,496.8,512.8,11-25,0.4
3614915,female,290.3,402.4,384.5,101-200,-1.4
3614917,male,620.5,575.3,601.9,more than 500,1.2
3614919,male,470.9,460.9,497.8,201-500,-0.2
3614921,male,669.6,663.5,723.1,101-200,-0.4
3614926,female,462.9,565.9,563.3,201-500,1.3
3614928,male,619.7,612.6,602.4,more than 500,1.4
3614929,male,514.2,526.7,554.4,101-200,0.9
3614931,female,539.9,571.3,628.9,201-500,1.4
3614933,male,418.8,416.3,396.8,more than 500,1.3
3614935,male,702.1,715.5,713.9,more than 500,1.6
3614938,female,455.9,514.2,489.6,101-200,0.7
3614940,female,473.3,637.7,471.3,more than 500,-0.1
3614941,female,412.0,436.3,507.2,101-200,0.3
3614942,female,384.5,410.0,325.8,11-25,-1.7
3614943,female,420.8,511.1,531.3,201-500,0.8
3614944,male,579.9,523.4,558.6,11-25,0.9
3614947,male,504.1,416.1,501.5,101-200,1.2
3614948,female,477.7,567.9,533.0,101-200,0.4
3614951,male,376.6,300.3,379.0,11-25,-0.5
3614952,male,556.7,649.1,633.7,101-200,1.2
3614954,male,417.3,289.0,327.0,more than 500,1.8
3614956,male,540.7,398.5,513.5,101-200,-1.0
3614958,male,459.7,487.0,507.0,26-100,-1.1
3614959,female,286.9,278.6,345.6,11-25,0.3
3614960,female,364.2,443.4,376.9,11-25,-1.4
3614961,female,708.2,763.8,697.3,26-100,0.7
3614963,female,520.5,596.8,583.6,more than 500,1.5
3614964,male,544.5,527.7,568.1,101-200,0.8
3614965,female,413.6,440.9,489.4,101-200,0.1
3614966,male,455.4,540.7,464.9,101-200,-1.2
3614967,female,475.0,559.5,520.9,0-10,0.2
3614968,male,565.4,526.8,553.9,26-100,0.2
3614970,female,548.8,552.8,642.8,201-500,0.2
3614972,male,316.0,138.6,173.0,0-10,-1.2
3614974,male,402.8,366.1,480.0,more than 500,-0.6
3614975,female,457.3,446.2,466.8,more than 500,1.1
3614976,female,443.8,454.8,498.6,101-200,-1.0
3614978,male,423.0,492.2,494.1,11-25,-0.9
3614979,female,371.9,428.0,463.3,201-500,0.5
3614981,male,516.3,435.0,437.4,101-200,-0.1
3614983,male,345.1,393.4,357.6,11-25,-1.1
3614985,male,390.8,404.5,420.6,0-10,-0.1
3614986,female,500.3,487.2,572.4,101-200,0.7
3614987,male,423.6,435.3,398.0,more than 500,0.9
3614990,male,377.9,330.7,325.3,11-25,-0.8
3614991,female,584.1,553.7,498.7,more than 500,1.1
3614994,female,350.4,441.3,433.3,11-25,-0.7
3614996,male,470.7,491.6,482.1,101-200,0.8
3614997,female,604.4,564.9,495.1,101-200,1.3
3614998,male,646.9,615.2,670.0,11-25,-1.2
3615000,male,387.3,384.3,499.3,201-500,-0.6
3615001,male,412.7,324.4,456.5,201-500,0.9
3615003,female,511.4,460.8,542.5,101-200,-0.3
3615004,male,337.5,336.6,373.7,11-25,1.7
3615005,female,572.1,573.0,591.4,more than 500,0.2
3615006,female,534.6,487.7,562.5,101-200,-0.6
3615009,male,441.9,291.5,469.9,201-500,0.9
3615010,male,309.5,328.0,343.8,26-100,-0.4
3615011,female,405.6,513.7,377.6,101-200,-0.7
3615012,male,397.5,398.6,472.3,11-25,0.0
3615015,female,496.6,614.3,588.3,more than 500,0.6
3615017,female,523.2,578.2,592.0,101-200,-0.7
3615018,female,331.4,398.9,390.7,11-25,-0.7
3615020,male,459.6,538.1,495.9,101-200,0.2
3615022,male,592.4,549.6,618.9,101-200,0.5
3615025,female,463.6,499.1,399.7,26-100,-0.6
3615026,female,474.8,452.0,538.3,101-200,0.5
3615027,female,634.0,704.9,617.7,201-500,1.1
3615031,female,312.2,388.0,413.6,11-25,-2.7
3615032,female,432.2,431.4,504.6,201-500,0.9
3615036,male,562.5,544.1,676.8,101-200,1.4
3615037,male,583.7,505.7,650.1,101-200,0.8
3615039,female,469.1,472.2,478.5,101-200,0.8
3615040,male,355.5,262.4,364.2,26-100,-0.4
3615041,female,518.1,562.6,576.7,201-500,0.5
3615042,female,508.1,429.3,542.6,101-200,-0.2
3615043,male,458.2,497.4,418.6,26-100,0.4
3615049,male,417.5,453.8,414.3,11-25,-0.5
3615050,male,454.7,443.5,554.5,101-200,-0.2
3615052,male,344.6,419.2,332.9,11-25,1.1
3615053,female,467.6,572.1,545.4,26-100,0.3
3615054,female,635.7,586.3,585.4,201-500,1.1
3615057,female,480.1,566.6,529.3,201-500,1.4
3615059,male,446.4,507.2,532.4,101-200,0.9
3615060,male,456.5,558.1,372.7,101-200,-0.3
3615061,female,581.3,821.6,678.6,more than 500,0.9
3615063,male,710.2,698.0,607.8,more than 500,0.6
3615064,male,462.5,313.7,403.9,26-100,-1.0
3615066,male,456.9,521.8,498.6,101-200,0.5
3615067,female,445.7,559.5,552.3,more than 500,-0.4
3615068,male,534.9,490.5,531.5,more than 500,1.1
3615069,female,342.7,349.3,359.2,101-200,0.3
3615070,female,380.6,477.6,345.4,more than 500,1.6
3615071,female,455.3,522.0,408.5,0-10,0.2
3615073,male,457.8,499.6,465.1,201-500,0.2
3615074,male,701.2,702.6,664.2,101-200,1.1
3615075,male,684.8,540.8,637.2,101-200,0.9
3615078,female,357.1,390.8,359.8,26-100,0.8
3615080,male,406.3,369.2,365.3,101-200,0.1
3615081,female,512.5,644.5,513.9,more than 500,-0.1
3615082,male,415.0,416.2,459.7,201-500,1.0
3615083,male,351.5,369.7,357.1,26-100,1.6
3615084,female,403.1,338.7,411.6,201-500,-0.4
3615085,female,563.4,608.1,501.1,more than 500,0.1
3615086,female,458.0,518.5,637.3,26-100,0.6
3615087,female,614.3,603.1,603.0,101-200,1.0
3615088,female,434.8,472.7,473.4,201-500,0.1
3615089,male,580.8,606.0,542.0,26-100,0.8
3615090,male,529.6,484.5,670.4,201-500,1.0
3615094,male,426.7,299.2,387.9,26-100,0.3
3615095,male,443.8,447.8,462.4,101-200,-2.0
3615096,male,471.7,472.8,437.5,101-200,0.2
3615097,female,408.6,443.7,508.1,more than 500,0.5
3615098,male,701.3,697.7,707.0,11-25,0.7
3615099,female,279.9,222.0,274.0,11-25,0.3
3615100,female,451.1,494.1,468.9,101-200,0.6
3615102,female,567.7,603.7,522.2,more than 500,1.7
3615105,female,425.3,462.7,454.1,101-200,0.1
3615107,male,602.5,533.6,641.3,201-500,1.0
3615108,male,451.9,432.1,519.1,101-200,0.0
3615111,male,556.7,620.0,525.5,201-500,1.3
3615112,female,748.9,774.1,738.2,more than 500,0.7
3615113,male,623.9,619.1,623.2,26-100,0.1
3615114,male,607.5,635.6,612.7,101-200,-0.9
3615116,female,484.3,573.8,479.1,201-500,1.1
3615119,male,451.1,581.2,586.6,201-500,0.4
3615121,female,487.1,549.4,594.6,26-100,-0.8
3615122,female,430.2,579.4,528.9,101-200,0.5
3615124,male,361.1,337.6,264.4,11-25,1.0
3615126,female,375.6,443.4,424.9,101-200,0.0
3615128,male,500.0,498.4,563.5,11-25,-0.6
3615129,female,507.9,545.0,501.4,101-200,0.3
3615131,male,614.4,586.5,544.7,more than 500,1.3
3615132,male,522.8,627.9,532.7,201-500,-0.4
3615133,male,508.3,509.9,503.0,101-200,-0.3
3615134,male,334.9,239.5,396.1,11-25,-1.9
3615137,male,618.8,575.0,663.4,101-200,1.0
3615138,male,505.8,498.7,497.2,201-500,0.0
3615143,male,373.8,391.9,394.9,0-10,-0.3
3615144,male,385.3,469.8,451.2,26-100,0.8
3615146,male,714.3,628.9,661.6,26-100,0.2
3615147,male,568.1,694.7,708.3,more than 500,1.6
3615148,male,367.1,367.6,299.8,11-25,-0.0
3615150,female,382.2,421.8,344.4,101-200,0.1
3615152,male,667.9,607.9,718.5,201-500,-0.6
3615153,male,518.4,576.3,473.4,201-500,0.4
3615156,female,652.9,638.5,691.5,101-200,0.8
3615157,female,550.5,475.9,504.0,0-10,1.0
3615159,male,545.2,479.2,567.8,101-200,1.2
3615161,male,456.6,529.4,527.1,26-100,0.1
3615162,male,595.8,690.4,657.4,26-100,0.6
3615164,female,544.0,499.5,601.3,101-200,0.5
3615166,female,704.1,658.6,641.8,101-200,1.0
3615167,female,686.4,605.0,676.7,more than 500,2.0
3615168,male,350.2,348.6,311.1,101-200,-0.9
3615171,male,520.1,458.4,539.8,26-100,0.5
3615172,female,391.0,331.9,396.9,26-100,-1.2
3615173,female,484.0,621.0,561.7,more than 500,1.2
3615174,male,433.5,505.8,419.1,201-500,0.6
3615176,male,491.8,478.4,409.4,101-200,0.0
3615178,female,437.6,490.7,440.9,11-25,0.6
3615180,male,470.4,527.8,458.3,11-25,0.3
3615181,female,490.1,550.9,549.5,more than 500,1.0
3615182,male,531.1,566.1,521.0,101-200,-0.3
3615183,male,635.1,539.0,622.0,more than 500,1.5
3615188,female,541.3,617.5,547.4,201-500,0.7
3615190,female,369.0,371.7,378.2,26-100,1.0
3615191,female,528.9,507.3,523.5,more than 500,1.0
3615192,female,576.2,523.8,647.1,101-200,0.5
3615195,male,460.5,359.3,439.2,26-100,-0.2
3615197,female,448.2,561.5,535.3,more than 500,0.9
3615199,male,324.4,330.2,350.0,0-10,-0.6
3615200,male,580.9,534.7,579.2,more than 500,1.0
3615201,male,534.3,478.5,480.5,201-500,1.2
3615203,female,570.0,514.7,533.3,201-500,0.7
3615204,male,558.7,503.4,564.6,101-200,0.2
3615207,female,430.7,447.5,369.5,26-100,0.8
3615209,male,386.5,289.5,295.1,11-25,-2.5
3615210,female,526.0,528.1,483.7,201-500,0.1
3615211,male,386.2,527.2,318.7,more than 500,1.1
3615213,male,579.7,628.4,551.6,101-200,0.8
3615214,male,391.0,309.6,371.4,11-25,-1.1
3615215,male,431.7,392.0,430.4,101-200,1.0
3615216,male,380.6,397.6,272.7,0-10,-0.2
3615218,male,643.9,553.1,636.6,more than 500,1.2
3615221,male,610.3,534.0,598.0,201-500,0.7
3615222,male,242.5,230.3,306.4,101-200,0.7
3615224,male,329.4,264.8,398.2,0-10,0.5
3615227,male,473.4,414.3,534.1,101-200,-0.8
3615228,female,666.2,679.7,596.7,more than 500,1.4
3615229,female,539.0,669.6,609.0,26-100,1.1
3615230,male,529.7,504.7,474.1,101-200,0.9
3615231,male,477.9,506.5,536.6,more than 500,0.8
3615232,female,538.6,599.6,550.2,201-500,1.3
3615233,male,386.1,484.3,370.3,26-100,0.6
3615234,male,438.5,408.4,421.9,11-25,0.2
3615235,male,665.9,664.4,688.1,more than 500,1.3
3615236,male,288.4,351.0,433.9,26-100,-0.4
3615239,female,633.0,619.1,564.6,more than 500,1.0
3615241,female,600.7,533.1,549.9,more than 500,1.2
3615244,male,568.0,543.9,517.6,201-500,1.0
3615245,female,520.1,455.8,561.9,26-100,-0.8
3615246,male,549.5,447.9,492.1,101-200,0.6
3615248,female,515.1,575.5,436.9,201-500,-0.7
3615249,female,462.8,475.4,465.5,101-200,0.6
3615250,female,573.0,651.6,636.1,201-500,1.0
3615252,female,502.1,545.9,444.1,201-500,-0.9
3615254,male,523.7,657.1,621.2,201-500,1.5
3615257,male,631.7,593.4,604.3,201-500,1.2
3615258,male,464.4,454.8,517.5,more than 500,0.7
3615259,male,473.2,368.6,342.3,101-200,1.7
3615260,male,541.1,513.8,525.4,201-500,1.0
3615261,female,471.0,514.0,488.9,more than 500,0.4
3615266,female,376.0,472.1,304.2,101-200,0.3
3615267,male,339.8,317.3,378.4,26-100,0.6
3615268,female,536.3,529.5,532.9,101-200,1.1
3615269,female,642.5,683.8,644.1,201-500,1.2
3615270,male,582.5,514.1,545.1,201-500,1.2
3615271,male,409.7,337.1,434.6,101-200,-0.4
3615272,female,419.3,517.8,471.7,101-200,0.5
3615274,female,390.0,547.7,439.1,26-100,-0.5
3615275,male,419.1,419.5,398.8,more than 500,0.9
3615276,male,459.3,542.9,452.8,more than 500,1.6
3615279,female,516.1,592.0,557.8,101-200,0.9
3615281,male,557.3,553.0,549.2,26-100,0.1
3615282,female,368.2,319.5,362.8,11-25,0.1
3615283,male,659.8,676.9,735.1,201-500,1.5
3615284,male,503.7,395.9,499.8,more than 500,1.4
3615285,male,344.0,394.8,326.7,26-100,0.6
3615286,male,380.2,395.9,368.3,26-100,1.2
3615287,male,350.9,417.0,427.3,101-200,1.0
3615290,male,534.5,490.2,591.3,101-200,0.2
3615292,male,420.1,496.1,516.8,101-200,-0.1
3615295,male,579.4,635.4,623.0,101-200,1.2
3615297,female,398.9,340.9,424.7,101-200,0.6
3615298,female,410.2,350.2,384.3,101-200,1.4
3615300,female,418.0,502.2,368.9,26-100,0.0
3615301,female,396.1,480.4,468.6,101-200,1.1
3615302,male,269.4,231.4,314.7,101-200,0.4
3615303,female,445.9,356.9,415.3,0-10,0.5
3615305,female,356.0,422.6,348.2,more than 500,1.0
3615307,male,360.9,394.2,407.0,11-25,-1.4
3615310,female,546.9,619.5,650.0,more than 500,-0.2
3615311,male,409.1,302.6,364.5,101-200,0.1
3615312,male,498.4,525.6,554.0,201-500,0.9
3615314,male,588.8,566.9,656.5,201-500,1.1
3615315,male,565.3,536.4,585.8,101-200,-0.4
3615318,male,421.2,336.2,454.4,11-25,0.6
3615320,male,537.9,582.2,684.6,101-200,1.0
3615321,female,456.6,516.7,587.1,101-200,1.0
3615327,male,305.9,182.2,240.9,11-25,-0.2
3615328,male,400.6,329.0,436.9,201-500,0.8
3615329,male,436.4,390.1,481.9,201-500,1.1
3615330,female,532.2,551.2,530.1,101-200,1.1
3615331,male,418.5,475.0,376.0,101-200,-0.4
3615332,female,518.0,690.8,625.3,101-200,1.3
3615335,male,590.9,661.9,573.2,201-500,1.1
3615337,female,385.1,553.7,432.8,201-500,1.3
3615339,male,666.0,673.0,740.0,more than 500,1.2
3615340,male,649.3,597.1,673.5,201-500,0.9
3615343,male,583.4,598.5,593.8,201-500,0.9
3615344,male,512.1,542.9,595.7,more than 500,0.9
3615345,male,407.8,545.3,485.3,more than 500,1.8
3615346,male,465.3,417.9,398.0,0-10,-0.2
3615347,male,437.9,372.6,417.0,101-200,-0.8
3615348,male,584.5,566.0,654.9,101-200,0.8
3615349,male,545.9,516.2,488.6,101-200,0.5
3615352,female,655.3,617.6,567.1,201-500,0.9
3615355,female,540.2,658.1,604.3,more than 500,1.5
3615356,male,304.6,340.5,271.9,11-25,-0.6
3615358,female,565.4,497.6,563.1,26-100,-2.7
3615361,male,506.6,518.4,544.2,201-500,1.2
3615364,female,453.6,607.5,578.5,101-200,-0.4
3615366,female,462.9,522.7,412.9,101-200,0.5
3615368,male,433.5,378.9,428.9,0-10,0.1
3615370,female,329.4,478.0,465.8,201-500,0.4
3615371,male,503.8,450.3,495.3,101-200,1.2
3615373,male,464.9,506.1,504.8,201-500,1.2
3615375,male,484.4,607.7,484.7,101-200,-0.7
3615376,female,476.6,588.8,384.1,101-200,-1.3
3615377,female,410.2,457.1,414.2,more than 500,1.1
3615381,female,674.6,661.0,664.5,201-500,0.8
3615382,female,468.4,537.1,490.9,101-200,1.1
3615385,female,482.4,476.0,560.5,101-200,0.2
3615392,female,550.8,553.4,539.8,101-200,0.0
3615393,male,480.8,349.9,467.2,26-100,0.7
3615394,male,420.6,470.1,488.3,more than 500,-0.2
3615399,male,425.9,385.1,474.1,101-200,-0.3
3615404,female,449.7,546.9,476.2,201-500,1.3
3615405,male,368.3,419.6,338.4,0-10,-0.4
3615406,female,575.2,614.4,657.4,26-100,-0.9
3615407,female,465.2,500.0,450.4,101-200,0.9
3615408,male,403.5,433.9,373.1,11-25,-1.1
3615411,male,333.4,247.4,231.1,101-200,0.7
3615412,female,726.2,669.2,681.2,201-500,1.2
3615415,female,721.8,771.4,675.0,101-200,1.3
3615416,male,311.0,325.0,303.2,101-200,0.1
3615417,male,409.1,499.8,440.1,11-25,-1.2
3615419,male,427.1,421.5,372.1,101-200,0.4
3615425,male,614.0,610.8,575.3,more than 500,0.4
3615426,female,425.3,416.5,408.7,11-25,0.1
3615427,female,432.7,499.0,458.5,101-200,0.3
3615431,female,455.5,292.9,512.8,101-200,1.0
3615434,female,596.6,551.4,520.3,101-200,0.6
3615436,male,696.0,621.3,632.0,101-200,1.1
3615437,male,415.2,378.8,469.2,101-200,1.0
3615445,female,440.2,480.9,431.0,201-500,-0.1
3615447,male,440.7,332.5,427.5,101-200,-0.6
3615450,female,533.3,455.5,621.0,26-100,0.2
3615452,male,503.5,488.0,498.7,101-200,1.0
3615456,female,548.1,543.2,467.3,201-500,1.1
3615457,male,356.6,246.5,350.1,201-500,0.3
3615458,female,515.0,535.9,582.5,more than 500,0.9
3615462,female,469.0,479.8,480.9,26-100,1.3
3615463,male,675.7,744.1,792.4,11-25,0.5
3615464,male,669.1,751.5,680.3,101-200,0.7
3615465,female,569.6,601.6,570.1,26-100,0.7
3615466,female,617.0,598.8,695.1,more than 500,1.6
3615468,female,368.6,584.7,535.2,11-25,-1.1
3615469,male,495.1,430.7,460.8,26-100,0.3
3615474,female,583.6,523.3,619.6,more than 500,1.7
3615475,male,262.7,225.1,329.3,201-500,0.2
3615477,female,415.0,526.7,448.8,101-200,0.1
3615479,female,509.6,542.4,567.7,101-200,0.9
3615483,female,650.6,620.7,642.5,201-500,0.4
3615484,female,492.8,546.3,580.7,101-200,-0.5
3615486,female,429.1,492.4,417.3,101-200,0.5
3615487,male,368.1,376.2,374.2,26-100,1.0
3615489,male,453.9,439.4,456.3,26-100,1.2
3615491,male,703.3,534.1,713.8,more than 500,1.2
3615493,female,396.1,400.0,427.1,101-200,-0.2
3615494,female,606.5,571.1,596.8,more than 500,1.3
3615496,female,317.6,349.1,371.5,101-200,-1.5
3615497,male,380.8,299.4,291.4,11-25,-0.6
3615498,male,530.9,617.5,563.1,201-500,1.3
3615500,female,489.5,552.4,510.9,101-200,-0.8
3615503,male,453.5,503.3,522.4,101-200,-1.0
3615504,male,495.9,478.2,439.8,101-200,-0.1
3615505,male,464.9,478.7,386.0,26-100,-1.5
3615506,female,443.2,430.9,422.7,26-100,-0.1
3615508,female,317.5,390.0,312.4,101-200,-1.0
3615509,female,488.7,590.1,463.9,more than 500,1.0
3615512,male,557.3,508.1,527.0,101-200,1.0
3615513,male,525.2,548.4,579.6,more than 500,1.0
3615515,male,392.4,260.3,399.6,11-25,-0.6
3615517,female,443.3,416.9,498.2,101-200,0.8
3615519,male,559.0,417.0,482.9,0-10,-0.6
3615520,male,606.6,592.3,649.6,101-200,1.0
3615521,male,559.6,535.9,554.5,201-500,0.6
3615524,female,535.7,504.0,530.4,26-100,0.9
3615525,male,468.2,457.4,383.4,201-500,0.5
3615527,male,375.4,439.7,498.6,101-200,0.1
3615532,male,493.4,421.6,508.2,26-100,-0.1
3615533,female,411.6,274.4,515.9,0-10,0.9
3615534,female,707.1,691.1,752.5,26-100,-0.5
3615536,female,347.6,462.6,350.7,101-200,0.6
3615537,female,632.2,613.7,657.0,101-200,0.5
3615538,male,400.2,434.5,380.2,11-25,-2.2
3615541,female,474.4,436.8,473.3,11-25,-0.7
3615543,female,428.6,481.3,330.8,201-500,0.2
3615545,female,424.0,488.8,393.7,11-25,-1.0
3615547,female,586.3,659.4,664.2,201-500,1.5
3615548,male,420.0,520.3,497.2,26-100,0.7
3615550,male,393.6,352.8,386.5,26-100,0.8
3615552,male,328.9,337.5,344.5,101-200,0.0
3615554,female,569.0,566.3,589.3,101-200,-0.3
3615557,male,761.5,625.2,821.2,more than 500,1.3
3615562,female,495.4,546.8,533.2,201-500,1.4
3615564,male,393.0,329.6,439.8,201-500,-0.1
3615565,male,362.9,455.1,399.3,0-10,-1.0
3615566,female,472.9,492.7,534.2,201-500,-0.0
3615568,male,700.3,624.0,772.6,more than 500,1.7
3615569,female,301.7,323.7,345.9,201-500,-1.7
3615570,female,408.7,474.1,415.2,101-200,-1.0
3615572,female,560.0,527.1,606.7,201-500,0.9
3615573,female,314.5,225.1,286.7,26-100,0.3
3615574,female,573.1,546.1,591.8,201-500,0.3
3615575,female,398.1,492.7,388.2,26-100,-1.2
3615577,male,440.6,480.6,398.1,101-200,1.0
3615578,female,456.8,644.9,530.9,201-500,0.7
3615579,male,454.6,447.3,421.3,more than 500,-0.5
3615581,male,605.8,573.0,593.2,more than 500,0.9
3615582,female,275.4,384.8,381.6,26-100,0.3
3615584,male,575.1,593.6,683.1,more than 500,1.7
3615585,male,501.9,471.2,474.7,201-500,1.0
3615586,male,582.4,620.0,653.0,201-500,1.2
3615587,male,322.4,404.7,438.8,26-100,-0.4
3615588,female,465.2,597.1,559.9,101-200,-0.1
3615591,male,389.0,389.6,464.1,26-100,0.2
3615592,female,571.9,598.9,535.3,101-200,0.4
3615594,female,378.6,327.4,257.4,11-25,-0.8
3615596,male,576.2,588.0,617.8,more than 500,1.7
3615598,male,452.5,402.4,441.5,more than 500,1.2
3615600,male,410.1,490.7,421.0,26-100,1.1
3615602,female,472.5,494.3,546.1,more than 500,1.3
3615603,female,433.1,531.4,456.3,201-500,-0.2
3615604,male,382.4,380.1,346.9,11-25,-0.2
3615605,male,371.5,330.3,328.9,26-100,-0.9
3615609,female,525.3,541.4,505.3,26-100,0.4
3615611,male,475.1,568.2,449.6,201-500,-0.6
3615612,male,534.9,556.7,494.8,101-200,-0.1
3615613,male,407.7,462.3,519.0,0-10,-0.6
3615615,male,593.9,514.7,661.9,more than 500,-0.7
3615616,male,651.7,638.0,696.8,more than 500,1.7
3615618,male,380.0,393.7,459.3,101-200,0.2
3615620,male,398.3,368.3,433.9,26-100,-1.1
3615622,female,494.5,498.8,431.5,26-100,0.5
3615629,male,353.9,405.3,328.4,101-200,0.2
3615630,male,424.2,521.3,449.8,101-200,1.2
3615631,male,602.6,546.7,617.8,more than 500,1.1
3615634,female,636.0,587.5,692.7,201-500,1.2
3615635,female,537.7,617.6,578.7,201-500,0.5
3615638,male,542.8,550.5,565.5,more than 500,1.3
3615640,female,430.2,390.8,397.0,101-200,-1.0
3615643,male,425.3,492.4,526.6,201-500,-1.1
3615645,female,436.1,527.2,407.0,201-500,0.9
3615646,male,512.8,515.3,562.6,26-100,0.7
3615647,male,402.1,401.0,303.6,201-500,1.0
3615649,male,598.5,591.6,578.9,101-200,1.1
3615650,female,375.3,380.6,413.7,26-100,-0.2
3615651,male,591.9,572.0,687.2,101-200,1.0
3615653,male,626.3,483.2,608.2,26-100,0.9
3615654,male,579.2,589.5,615.8,more than 500,1.6
3615655,female,553.1,508.4,454.4,11-25,0.8
3615656,female,580.4,500.7,572.6,101-200,0.6
3615658,female,315.5,364.5,373.3,11-25,-0.3
3615659,male,409.6,437.9,404.5,11-25,-0.7
3615661,male,611.7,581.0,618.1,101-200,1.9
3615662,male,474.3,530.1,433.9,201-500,-0.8
3615663,female,410.8,469.2,403.6,26-100,0.1
3615665,female,502.6,523.4,514.4,more than 500,1.2
3615668,male,330.2,311.7,414.2,11-25,-0.0
3615670,male,365.0,542.6,472.1,201-500,-0.9
3615672,male,585.9,639.0,682.2,101-200,1.0
3615673,female,609.9,588.7,626.2,201-500,1.2
3615674,female,521.1,530.9,549.9,201-500,1.5
3615675,female,342.8,397.6,372.3,11-25,-0.2
3615676,female,557.9,532.5,543.7,101-200,0.3
3615677,male,541.9,606.1,522.0,more than 500,1.5
3615679,male,540.4,582.2,577.3,26-100,0.4
3615681,male,350.1,252.5,358.4,0-10,-2.3
3615683,male,308.1,304.4,335.9,0-10,-0.6
3615684,female,417.4,329.2,469.4,11-25,-1.5
3615686,male,412.4,426.0,300.9,26-100,-1.6
3615688,male,562.2,530.3,590.4,more than 500,1.5
3615693,female,513.3,679.8,611.9,201-500,1.1
3615694,male,471.8,402.9,366.9,26-100,0.6
3615695,male,306.3,375.5,341.8,26-100,0.9
3615697,female,501.2,567.4,556.6,201-500,1.4
3615699,female,377.1,389.6,464.3,11-25,-0.8
3615702,male,569.9,572.8,605.7,101-200,0.9
3615706,male,397.2,501.1,410.8,26-100,-0.3
3615707,male,456.6,555.7,457.4,26-100,-0.2
3615708,male,551.9,555.0,570.1,201-500,0.3
3615709,male,627.2,667.7,653.0,26-100,0.5
3615711,female,447.5,537.0,466.8,26-100,0.8
3615714,male,578.1,498.1,545.7,more than 500,1.5
3615717,male,338.8,356.0,339.4,201-500,1.3
3615719,female,549.4,536.5,555.2,201-500,0.9
3615720,female,385.4,386.6,373.2,101-200,-0.2
3615727,female,389.1,323.1,358.2,201-500,1.1
3615729,male,383.8,496.9,432.6,11-25,-1.5
3615731,female,520.6,425.8,449.4,more than 500,-1.1
3615733,female,452.5,521.6,535.7,101-200,-0.3
3615734,male,525.2,629.0,567.9,201-500,1.0
3615736,male,457.8,500.5,455.7,101-200,1.2
3615737,male,383.2,460.3,333.7,201-500,0.3
3615738,male,582.1,629.7,676.3,more than 500,1.4
3615739,female,562.1,569.1,588.6,11-25,-2.2
3615740,female,414.8,435.6,521.9,26-100,-0.6
3615741,female,409.0,467.7,424.6,11-25,-0.8
3615744,female,386.5,500.0,524.2,26-100,-0.5
3615745,female,419.0,452.1,408.0,11-25,0.5
3615746,female,412.9,455.4,463.3,201-500,-0.6
3615751,male,417.6,265.3,376.6,26-100,1.3
3615752,male,545.9,472.1,515.2,26-100,-0.5
3615753,male,393.9,361.0,430.4,101-200,-0.9
3615755,female,252.8,277.3,276.4,26-100,-0.2
3615756,male,564.6,549.7,534.5,26-100,-0.0
3615757,female,622.6,662.4,691.9,more than 500,1.6
3615758,male,489.9,500.9,589.3,more than 500,0.7
3615759,female,502.8,516.5,515.2,26-100,-1.0
3615761,male,517.9,512.6,541.5,101-200,-0.6
3615762,female,488.4,494.5,495.6,201-500,-1.1
3615763,female,533.4,592.7,613.5,26-100,1.3
3615766,female,500.0,554.2,606.9,101-200,-0.5
3615767,female,465.2,538.0,535.9,201-500,0.9
3615771,male,546.7,517.0,571.0,201-500,0.9
3615772,female,560.4,519.8,584.5,more than 500,1.4
3615773,female,611.7,589.6,650.8,201-500,1.3
3615774,female,462.0,483.5,487.5,26-100,0.7
3615776,male,430.0,280.8,443.9,more than 500,1.0
3615778,female,328.9,313.5,255.4,26-100,-1.0
3615780,male,433.4,355.2,452.7,11-25,-0.1
3615783,female,583.5,725.9,619.7,26-100,0.0
3615785,male,520.7,429.7,491.8,101-200,1.2
3615786,female,541.5,572.5,541.1,101-200,-0.4
3615787,male,314.5,287.0,347.4,101-200,0.2
3615789,male,492.9,527.6,472.3,201-500,0.4
3615791,male,303.2,240.4,274.2,11-25,-1.6
3615793,female,663.3,644.9,688.5,101-200,0.8
3615794,male,452.6,374.4,492.7,more than 500,0.8
3615797,male,471.4,482.0,528.2,more than 500,1.5
3615798,female,495.3,468.3,553.2,11-25,-0.5
3615802,male,509.7,552.4,571.8,26-100,0.2
3615803,male,556.9,523.9,509.3,201-500,1.0
3615804,female,365.4,353.7,377.5,101-200,-0.4
3615805,female,608.8,638.4,631.1,101-200,0.5
3615807,male,670.1,649.7,733.7,101-200,1.2
3615808,female,412.2,491.9,399.2,201-500,1.2
3615810,female,423.0,380.6,464.5,201-500,1.1
3615811,female,494.4,567.1,542.8,26-100,-0.9
3615814,female,462.6,417.2,466.8,more than 500,1.1
3615816,female,389.2,450.3,431.3,201-500,0.3
3615818,male,420.7,456.5,353.8,26-100,-0.4
3615819,male,450.3,443.1,501.0,101-200,1.0
3615820,female,479.0,500.6,522.3,201-500,1.2
3615828,female,496.1,570.0,618.5,26-100,0.5
3615829,male,589.6,516.0,570.4,26-100,1.3
3615830,male,477.6,494.2,543.2,26-100,0.4
3615832,female,549.5,523.8,541.3,101-200,0.5
3615833,female,473.2,400.8,491.1,0-10,0.2
3615835,male,432.7,460.6,406.5,26-100,0.7
3615836,male,686.3,642.4,685.3,101-200,-0.1
3615837,female,431.6,530.6,376.5,101-200,1.1
3615838,male,701.0,725.5,707.1,201-500,1.5
3615839,female,448.1,516.6,490.6,more than 500,1.2
3615840,female,503.5,419.7,430.1,26-100,-2.1
3615842,female,534.8,478.2,568.3,201-500,0.3
3615843,male,443.3,549.9,452.8,26-100,0.2
3615845,male,364.8,384.2,363.8,11-25,-0.4
3615846,male,472.1,505.1,532.4,201-500,-1.1
3615847,female,509.0,578.2,461.3,26-100,0.9
3615848,male,411.6,439.1,465.5,11-25,0.2
3615849,male,442.4,445.3,475.4,101-200,-0.0
3615852,male,486.5,482.8,560.5,201-500,0.3
3615854,female,494.6,579.4,509.2,101-200,-0.2
3615855,female,401.2,366.4,427.2,11-25,-0.6
3615856,male,537.5,632.0,601.1,101-200,0.9
3615858,female,537.5,636.3,550.2,101-200,-0.5
3615861,male,649.6,632.8,675.7,101-200,0.7
3615862,female,358.6,463.9,363.6,101-200,1.1
3615864,male,460.6,441.8,498.0,more than 500,-0.4
3615867,male,399.6,523.8,431.1,0-10,-1.1
3615868,female,605.8,567.4,604.1,more than 500,1.7
3615869,female,485.2,533.1,539.0,more than 500,1.2
3615870,female,373.9,302.1,376.5,26-100,-0.6
3615871,female,575.8,602.6,590.1,more than 500,1.4
3615872,male,342.2,315.3,278.9,more than 500,0.1
3615876,female,470.2,423.5,447.5,11-25,-3.0
3615877,female,609.8,621.8,606.5,101-200,1.0
3615878,male,543.8,467.0,524.2,101-200,0.8
3615879,male,509.8,484.8,562.1,101-200,1.4
3615880,male,645.1,655.0,660.3,101-200,0.9
3615881,male,547.4,550.1,562.3,201-500,-0.3
3615882,male,537.5,586.6,571.7,101-200,-0.1
3615883,male,398.6,554.5,387.6,more than 500,0.0
3615884,female,599.6,612.3,627.6,101-200,0.9
3615885,female,400.4,446.4,410.6,201-500,1.4
3615889,male,412.7,412.6,472.2,more than 500,0.7
3615891,male,531.8,518.9,418.6,more than 500,-1.0
3615892,male,633.5,625.8,724.3,more than 500,1.5
3615899,male,445.7,489.0,470.0,11-25,-0.4
3615901,female,415.2,436.4,490.2,more than 500,1.3
3615902,male,462.8,500.7,424.5,11-25,-1.4
3615903,female,454.4,495.0,556.2,26-100,-0.1
3615905,female,413.5,401.5,382.4,11-25,0.8
3615906,female,554.8,567.8,587.7,more than 500,1.3
3615907,female,538.2,552.8,590.0,101-200,-0.8
3615910,female,531.3,552.3,425.0,more than 500,1.1
3615912,male,661.1,607.1,743.1,201-500,0.8
3615914,male,491.4,356.2,464.4,more than 500,1.4
3615916,male,597.2,533.6,632.7,101-200,0.6
3615917,female,476.9,502.5,479.5,more than 500,1.0
3615918,male,417.8,501.6,453.9,more than 500,1.4
3615919,female,446.6,497.8,477.1,101-200,0.8
3615920,female,405.7,442.2,473.8,101-200,-0.2
3615921,female,485.1,550.9,519.9,101-200,-0.7
3615923,female,411.4,404.0,434.9,201-500,-0.2
3615926,female,359.4,463.8,418.5,201-500,0.5
3615928,male,381.0,417.2,442.2,0-10,0.5
3615929,male,466.0,426.9,497.0,more than 500,1.3
3615930,male,293.9,367.2,342.5,0-10,0.9
3615931,female,487.1,523.8,578.0,26-100,0.8
3615932,male,393.6,400.4,370.0,201-500,-0.2
3615936,female,446.4,526.1,517.3,more than 500,1.3
3615939,female,447.1,461.8,407.7,26-100,0.3
3615941,male,535.0,509.0,593.0,more than 500,1.3
3615942,male,595.0,684.8,660.0,more than 500,1.2
3615944,male,422.6,356.4,482.2,101-200,-0.7
3615945,male,616.5,530.2,573.8,201-500,1.5
3615947,female,472.5,517.6,464.1,101-200,0.2
3615949,male,485.1,461.5,534.0,more than 500,1.2
3615950,female,447.0,488.3,483.5,101-200,1.5
3615953,female,542.9,558.1,589.7,101-200,1.1
3615955,male,533.6,506.7,602.9,201-500,0.9
3615956,female,553.7,577.9,550.7,101-200,-0.7
3615959,female,528.4,524.3,493.5,more than 500,1.5
3615960,male,588.9,607.5,539.6,more than 500,0.6
3615964,male,513.1,528.7,476.2,26-100,-0.0
3615966,male,494.4,498.4,512.5,more than 500,0.9
3615967,female,548.8,556.3,529.7,201-500,-0.4
3615973,male,611.6,605.9,648.7,101-200,-0.6
3615974,female,425.1,325.3,444.3,101-200,-0.3
3615975,male,391.1,341.3,356.5,11-25,0.2
3615976,female,532.6,593.1,541.9,101-200,0.5
3615977,female,550.8,624.5,536.2,201-500,0.7
3615979,male,546.7,439.2,576.1,26-100,-1.4
3615982,female,518.1,608.7,591.2,201-500,1.3
3615983,female,543.9,563.9,526.6,more than 500,1.4
3615984,male,499.2,636.6,580.7,201-500,1.0
3615985,female,592.1,543.5,632.0,101-200,-0.5
3615986,male,467.5,483.9,399.7,101-200,0.5
3615987,male,402.9,357.0,453.6,26-100,0.4
3615989,male,447.5,497.0,488.2,101-200,0.1
3615990,female,509.7,587.7,543.8,201-500,0.1
3615991,male,439.7,334.3,368.1,0-10,0.6
3615992,male,613.7,645.1,599.5,more than 500,0.9
3615993,male,519.1,617.0,546.3,101-200,0.3
3615994,male,684.9,661.3,601.7,201-500,1.1
3615995,male,494.8,557.9,559.0,201-500,0.2
3615998,female,534.0,528.0,629.2,201-500,1.2
3616000,male,621.0,635.0,603.7,101-200,0.4
3616001,female,542.7,637.0,603.5,101-200,-0.8
3616002,male,657.2,595.0,726.8,26-100,0.9
3616004,female,664.2,673.9,606.1,26-100,0.4
3616005,male,603.6,570.7,654.8,101-200,0.8
3616006,female,562.3,644.4,550.3,101-200,-0.0
3616007,male,483.9,510.9,465.3,101-200,0.6
3616009,female,575.3,630.4,598.1,201-500,1.4
3616011,male,474.8,468.5,432.0,101-200,-0.4
3616012,male,686.5,672.5,743.0,more than 500,1.2
3616013,female,363.6,318.9,422.1,201-500,1.0
3616014,female,433.4,426.5,523.7,101-200,-0.5
3616015,female,628.1,678.0,685.0,201-500,1.0
3616016,male,394.1,437.1,445.4,11-25,-1.7
3616019,male,612.9,624.6,585.4,11-25,-1.0
3616020,female,496.6,536.9,518.1,101-200,-0.8
3616023,male,365.2,260.8,314.2,more than 500,-0.7
3616024,male,596.6,665.2,660.0,more than 500,-1.1
3616026,male,439.7,449.1,491.5,101-200,1.0
3616027,female,480.6,527.8,547.9,26-100,0.5
3616028,female,429.3,351.3,374.5,201-500,-0.6
3616029,male,342.1,416.2,355.9,101-200,-0.9
3616030,male,527.6,470.7,478.1,more than 500,1.3
3616031,female,430.8,486.7,422.3,101-200,-0.4
3616032,male,592.7,529.2,547.7,0-10,-0.9
3616033,male,780.7,662.7,750.3,more than 500,0.6
3616034,male,628.5,671.5,597.3,201-500,-0.1
3616035,male,382.1,463.0,404.7,201-500,0.8
3616038,female,508.7,466.2,528.1,101-200,1.2
3616039,male,431.4,429.1,407.0,101-200,-0.2
3616040,male,527.7,504.3,561.8,101-200,-0.6
3616041,male,386.1,371.7,408.4,101-200,0.5
3616042,female,495.5,430.4,515.1,101-200,-0.1
3616043,female,498.0,621.5,521.0,more than 500,1.5
3616044,female,524.0,597.5,529.6,101-200,-0.6
3616046,female,606.5,763.9,664.1,101-200,0.8
3616047,female,404.4,523.3,492.6,201-500,-0.1
3616049,female,585.0,641.6,743.2,201-500,1.0
3616051,male,378.5,236.9,409.8,101-200,-1.8
3616052,male,522.2,542.4,541.3,201-500,0.5
3616053,female,649.2,714.4,752.0,26-100,0.7
3616057,female,450.3,355.5,500.4,101-200,0.1
3616058,male,624.0,727.0,742.0,more than 500,1.0
3616059,male,501.5,485.1,510.5,101-200,0.7
3616061,female,441.1,437.5,494.5,201-500,0.4
3616063,female,559.2,513.5,561.3,more than 500,0.7
3616064,female,584.1,526.4,630.6,more than 500,-0.6
3616065,female,539.3,517.4,523.4,101-200,-0.2
3616067,female,383.7,378.6,388.7,11-25,-0.9
3616070,male,481.0,393.8,590.1,201-500,-0.3
3616076,female,490.1,516.9,571.6,26-100,0.4
3616080,male,331.7,185.9,333.7,201-500,-1.1
3616084,male,520.2,499.8,502.0,11-25,0.3
3616085,female,595.7,682.0,632.0,101-200,0.6
3616090,male,551.7,482.8,616.6,101-200,0.9
3616092,female,422.9,411.7,467.8,more than 500,0.8
3616094,male,446.2,541.9,537.6,101-200,-0.4
3616096,male,437.8,405.2,564.8,26-100,0.5
3616097,male,418.1,393.4,525.3,more than 500,1.0
3616098,male,680.6,676.2,683.3,11-25,0.8
3616099,male,635.8,686.6,657.5,26-100,0.1
3616100,male,458.6,414.4,400.0,101-200,0.1
3616101,male,410.4,505.3,517.9,101-200,0.9
3616104,female,512.4,421.2,585.5,101-200,0.7
3616107,female,491.2,434.1,560.1,201-500,1.3
3616108,male,634.6,762.1,698.2,more than 500,-0.0
3616109,male,506.5,607.6,572.6,101-200,0.7
3616111,female,478.6,571.1,495.5,201-500,1.4
3616112,female,396.0,497.7,491.4,201-500,0.8
3616115,male,482.3,464.8,509.3,101-200,0.7
3616117,female,420.5,380.7,482.7,26-100,0.3
3616119,male,605.3,588.4,603.4,more than 500,1.2
3616120,male,485.0,495.0,516.3,26-100,0.1
3616122,female,526.9,538.5,536.0,101-200,-1.0
3616124,female,438.2,590.1,462.6,11-25,-0.3
3616125,female,422.7,440.5,429.3,201-500,-0.3
3616126,male,583.6,609.4,493.9,101-200,0.7
3616127,male,516.0,459.5,504.0,101-200,1.3
3616128,female,439.4,543.4,481.2,101-200,-1.3
3616131,female,371.1,357.1,393.9,0-10,-0.2
3616133,female,507.5,439.0,506.2,more than 500,2.0
3616134,female,448.3,464.3,526.3,0-10,-0.5
3616137,male,533.2,668.7,598.1,more than 500,1.2
3616139,female,551.5,546.7,661.6,more than 500,1.0
3616140,female,345.0,335.4,259.1,more than 500,0.1
3616142,female,531.7,518.5,542.9,201-500,-0.3
3616143,female,520.6,504.3,489.7,26-100,1.0
3616145,female,496.7,517.8,540.9,26-100,-0.4
3616146,male,471.3,446.5,493.8,26-100,1.2
3616147,female,518.6,564.5,448.0,11-25,-0.3
3616150,male,616.8,531.8,554.5,more than 500,1.2
3616151,female,514.3,443.2,532.4,11-25,-0.1
3616152,female,584.4,626.5,696.4,101-200,0.8
3616153,female,559.8,559.9,477.0,101-200,0.9
3616154,female,472.4,593.3,481.0,101-200,0.9
3616155,male,499.0,417.1,529.5,101-200,0.8
3616158,male,538.7,566.2,502.8,26-100,0.6
3616159,male,532.9,605.3,542.3,201-500,0.7
3616163,male,481.9,524.9,392.8,201-500,0.1
3616164,female,388.8,362.4,485.4,101-200,0.4
3616165,male,404.0,392.3,399.8,201-500,0.6
3616166,male,393.4,503.7,465.3,101-200,1.0
3616169,male,547.4,571.3,605.3,more than 500,-1.1
3616171,female,587.9,667.7,580.6,101-200,0.7
3616172,female,380.7,290.4,339.3,11-25,-0.9
3616173,male,469.8,465.0,548.7,11-25,0.5
3616174,female,353.8,404.6,431.1,201-500,-0.1
3616175,female,514.6,523.5,555.3,101-200,1.0
3616176,male,509.2,508.7,505.0,more than 500,1.1
3616177,male,599.2,600.7,627.2,201-500,1.0
3616178,male,402.1,334.2,436.9,more than 500,1.1
3616179,male,666.4,568.1,546.7,101-200,-0.6
3616182,male,657.0,525.1,628.0,201-500,0.8
3616185,female,521.9,568.2,568.0,101-200,1.2
3616187,female,449.4,590.3,481.9,201-500,1.4
3616188,female,513.9,504.2,556.7,more than 500,0.9
3616189,female,361.9,380.0,448.6,201-500,0.4
3616190,female,409.0,446.3,476.4,more than 500,1.3
3616191,male,575.3,600.7,627.5,26-100,0.1
3616192,female,365.5,438.7,365.3,201-500,-0.0
3616193,female,328.5,266.8,306.8,26-100,-0.1
3616194,male,630.5,631.6,609.4,201-500,1.4
3616195,male,402.6,537.6,463.6,101-200,-0.4
3616199,male,438.5,406.6,420.9,26-100,0.7
3616201,male,553.7,578.1,598.0,101-200,1.0
3616203,male,427.6,451.2,414.3,101-200,0.2
3616205,female,474.9,524.7,427.5,201-500,0.9
3616206,female,582.7,550.6,678.6,11-25,-0.5
3616208,male,363.6,317.1,389.3,101-200,-1.0
3616209,male,327.7,355.6,368.2,101-200,0.4
3616211,female,471.6,514.8,512.2,201-500,0.9
3616212,male,487.2,397.5,528.9,101-200,0.7
3616213,female,413.8,457.2,448.7,201-500,-1.3
3616214,female,518.0,597.8,590.0,11-25,-1.6
3616215,female,473.1,474.3,550.0,101-200,1.1
3616216,female,425.5,392.2,508.4,26-100,-0.2
3616218,female,449.7,495.6,504.2,more than 500,1.0
3616220,female,425.6,495.6,458.4,11-25,0.4
3616221,male,586.1,531.9,648.9,101-200,1.1
3616227,female,379.4,416.6,378.9,101-200,1.3
3616228,female,514.4,473.0,537.0,101-200,1.0
3616229,female,545.1,482.9,669.2,101-200,1.0
3616230,female,476.0,482.3,490.4,201-500,1.1
3616233,male,423.8,425.5,367.7,26-100,-0.9
3616234,female,385.6,468.5,435.1,26-100,-1.3
3616237,male,617.7,634.9,615.0,101-200,0.8
3616238,male,641.4,534.4,685.4,101-200,1.1
3616239,male,434.6,456.1,527.3,26-100,-0.1
3616240,female,367.4,388.7,376.3,201-500,1.6
3616241,male,293.0,336.4,279.2,26-100,0.2
3616243,male,483.3,489.9,427.6,101-200,0.4
3616244,male,346.4,386.2,438.1,101-200,0.0
3616245,male,610.2,603.4,586.3,26-100,0.5
3616246,male,285.1,394.2,335.0,11-25,-1.5
3616247,female,530.0,548.3,497.2,more than 500,0.8
3616250,female,513.0,550.4,557.1,26-100,-0.7
3616252,female,465.6,435.1,510.9,more than 500,0.5
3616254,female,435.0,594.3,422.2,11-25,-1.1
3616255,female,492.0,583.6,464.6,201-500,-0.9
3616256,male,514.4,668.7,638.2,11-25,-1.1
3616257,male,587.9,647.3,672.9,101-200,1.2
3616259,male,531.1,525.9,475.8,26-100,-2.3
3616261,female,376.2,532.5,385.4,201-500,0.1
3616262,female,496.5,600.9,580.1,201-500,1.4
3616263,female,588.9,577.5,644.2,more than 500,1.1
3616265,male,441.2,501.2,416.8,more than 500,1.2
3616267,female,376.3,340.6,413.8,201-500,1.1
3616269,female,535.6,568.6,456.9,more than 500,1.0
3616272,male,577.2,630.4,599.3,26-100,0.1
3616275,female,360.7,450.7,390.9,101-200,0.8
3616276,female,503.9,613.3,553.3,more than 500,-0.2
3616278,female,430.3,414.9,498.9,26-100,-0.1
3616280,male,655.8,740.7,656.4,more than 500,1.4
3616281,male,515.9,479.0,580.1,101-200,0.7
3616282,female,423.7,483.3,499.7,more than 500,0.7
3616283,male,642.9,632.6,628.1,101-200,-0.5
3616285,male,455.5,464.9,515.1,101-200,-0.4
3616286,male,544.6,647.6,615.5,101-200,-0.2
3616287,female,563.3,596.8,629.8,more than 500,1.4
3616288,male,518.5,422.7,439.1,11-25,0.1
3616292,female,453.8,564.9,563.4,11-25,-1.4
3616293,female,652.7,676.0,720.7,more than 500,0.9
3616294,female,429.8,490.9,499.8,101-200,0.5
3616296,male,504.5,569.4,547.0,0-10,0.6
3616297,male,503.4,421.7,442.4,101-200,1.0
3616298,female,502.6,603.3,530.9,101-200,1.2
3616299,male,507.2,590.3,570.9,more than 500,1.0
3616300,male,490.5,533.5,585.5,201-500,0.4
3616301,female,477.0,523.2,463.1,201-500,1.1
3616305,male,654.3,548.3,619.3,201-500,0.4
3616307,female,387.3,405.5,459.7,26-100,-0.8
3616308,male,512.1,373.6,491.8,101-200,-0.4
3616309,female,558.9,658.2,564.9,201-500,0.0
3616310,female,363.3,401.1,408.1,more than 500,-0.2
3616312,female,485.3,511.6,470.6,more than 500,1.9
3616313,female,565.9,641.9,694.3,201-500,1.2
3616314,female,416.9,540.7,418.0,101-200,0.4
3616315,female,552.3,540.6,650.6,201-500,1.1
3616316,male,547.4,532.4,497.8,101-200,0.6
3616317,male,401.1,433.6,374.7,101-200,-0.9
3616318,female,441.8,499.4,502.8,11-25,-1.8
3616319,male,725.3,680.7,811.8,more than 500,1.4
3616320,male,489.1,471.8,482.7,101-200,-1.0
3616321,female,518.8,518.6,561.1,201-500,0.6
3616323,female,648.4,612.8,661.2,101-200,1.8
3616325,female,500.4,511.6,492.1,101-200,0.5
3616326,female,351.5,351.4,406.2,26-100,-1.6
3616327,male,595.1,622.0,678.0,201-500,0.9
3616328,female,340.0,415.1,405.4,201-500,-0.6
3616331,male,343.5,289.7,305.3,26-100,-0.5
3616332,male,494.4,526.3,542.9,101-200,1.1
3616334,male,332.8,411.9,415.5,101-200,-0.3
3616338,male,558.2,628.6,610.0,101-200,1.0
3616343,male,545.6,636.7,679.3,101-200,0.4
3616345,male,558.3,489.9,637.9,201-500,0.8
3616346,female,488.1,446.1,547.9,101-200,0.6
3616347,male,570.4,590.3,570.9,more than 500,1.0
3616350,female,421.4,503.5,462.5,101-200,-2.5
3616352,male,549.2,524.8,554.0,101-200,0.7
3616353,male,356.1,299.6,326.4,201-500,1.4
3616354,female,729.5,782.5,665.8,more than 500,1.0
3616355,male,563.1,534.6,456.7,101-200,1.0
3616357,male,401.8,323.5,416.2,11-25,0.3
3616358,male,479.0,526.3,598.3,26-100,0.7
3616360,male,520.1,534.5,426.9,101-200,0.7
3616361,female,410.1,505.3,362.2,101-200,0.6
3616362,male,231.6,202.5,207.1,11-25,-0.1
3616363,female,336.5,268.8,326.2,more than 500,-0.1
3616364,male,589.7,519.1,556.7,26-100,-0.1
3616366,male,305.5,373.4,333.4,0-10,0.2
3616368,female,421.8,427.7,468.8,201-500,0.9
3616371,male,435.3,350.9,432.3,201-500,0.9
3616373,female,539.4,572.1,552.5,201-500,1.4
3616375,female,512.8,589.2,559.1,26-100,0.4
3616376,female,306.8,383.0,359.3,11-25,-0.8
3616380,female,464.0,488.2,598.9,101-200,-0.0
3616381,female,521.5,561.2,463.7,11-25,-0.1
3616382,male,409.6,472.7,457.6,11-25,0.5
3616383,male,523.8,478.2,565.2,more than 500,0.5
3616387,female,331.0,422.5,429.1,11-25,-1.2
3616388,female,620.0,584.4,578.2,26-100,0.2
3616389,female,348.3,380.1,406.0,101-200,0.3
3616390,female,609.0,578.0,598.3,101-200,1.6
3616393,male,335.4,336.1,356.9,101-200,0.9
3616394,male,513.5,528.5,430.3,more than 500,0.6
3616395,female,415.8,416.3,510.8,201-500,0.7
3616396,female,441.3,477.3,444.6,26-100,0.9
3616398,male,501.7,508.6,485.8,26-100,1.0
3616399,male,452.3,483.0,552.6,201-500,0.5
3616401,male,504.8,415.2,484.5,201-500,0.7
3616402,female,671.6,660.2,621.7,more than 500,1.4
3616403,female,595.8,659.3,650.5,more than 500,1.0
3616406,female,529.1,578.5,586.5,201-500,0.5
3616407,male,318.3,304.9,303.9,0-10,-1.4
3616408,male,675.0,664.1,747.4,more than 500,1.0
3616410,female,387.0,628.6,516.2,26-100,-1.6
3616413,male,563.8,634.5,583.0,201-500,-1.2
3616416,male,500.0,523.7,452.4,26-100,0.0
3616423,male,512.1,504.7,490.7,201-500,-0.3
3616425,female,404.8,554.7,496.0,101-200,0.9
3616427,female,440.1,498.5,445.6,26-100,-0.4
3616429,male,476.3,471.1,473.4,101-200,1.0
3616432,male,407.0,457.1,395.8,0-10,-0.0
3616434,male,504.5,506.9,517.1,101-200,1.4
3616435,male,477.9,476.2,526.5,201-500,0.4
3616436,male,524.3,542.1,565.8,101-200,0.7
3616439,female,544.6,666.6,602.3,101-200,0.9
3616440,female,413.3,567.1,514.9,26-100,-0.9
3616444,male,440.2,473.7,495.6,101-200,-0.3
3616448,female,426.9,454.0,386.0,26-100,-1.0
3616449,male,305.7,527.8,405.3,26-100,0.7
3616450,male,397.8,359.3,441.7,101-200,-0.9
3616453,male,484.4,406.0,514.0,101-200,0.4
3616454,female,484.3,551.1,582.5,201-500,0.3
3616455,male,340.2,386.6,207.8,101-200,0.9
3616456,male,399.9,503.5,464.6,101-200,1.0
3616459,female,519.6,675.5,556.8,more than 500,0.5
3616460,female,464.0,379.1,433.5,11-25,0.5
3616462,male,662.0,573.6,681.8,more than 500,1.4
3616463,male,421.0,385.6,478.9,26-100,-0.6
3616464,male,569.0,596.3,669.9,101-200,0.9
3616466,male,469.0,320.6,396.9,101-200,-0.1
3616469,male,557.2,584.9,547.5,201-500,1.3
3616473,male,393.0,491.6,463.2,201-500,1.0
3616474,male,499.7,582.4,496.0,101-200,0.5
3616475,male,465.0,503.3,539.9,26-100,0.9
3616476,female,387.1,412.8,382.2,0-10,0.6
3616477,male,530.9,515.8,559.7,26-100,-0.3
3616478,female,411.2,393.8,419.5,26-100,1.2
3616479,female,446.6,540.1,363.3,101-200,1.6
3616481,female,567.5,485.8,544.8,26-100,0.1
3616482,female,508.4,596.8,513.2,101-200,0.7
3616483,male,399.3,337.9,439.2,26-100,0.8
3616484,male,581.7,703.8,598.6,more than 500,1.1
3616486,female,427.8,503.5,479.4,11-25,-0.1
3616487,male,452.8,505.1,479.1,26-100,-0.9
3616489,female,433.9,400.4,442.1,101-200,1.1
3616490,male,500.4,336.1,322.7,101-200,-0.9
3616491,male,308.5,293.6,347.4,0-10,1.0
3616492,female,585.3,668.8,596.2,101-200,1.2
3616493,female,354.6,448.4,356.0,26-100,0.4
3616494,male,375.9,352.8,386.1,11-25,0.2
3616496,male,594.6,557.6,556.0,101-200,0.2
3616498,female,419.2,448.2,489.7,101-200,1.0
3616499,male,440.9,427.9,395.8,more than 500,-0.4
3616503,male,528.1,550.6,638.0,11-25,0.2
3616504,female,492.3,570.2,568.3,201-500,1.4
3616505,female,523.6,503.6,594.7,101-200,-0.8
3616508,female,467.4,561.7,527.1,101-200,0.8
3616511,female,495.7,336.6,502.3,101-200,-0.1
3616512,male,542.1,545.0,570.9,11-25,0.5
3616516,female,428.2,513.3,493.3,26-100,-0.3
3616518,female,594.3,649.4,609.2,101-200,1.1
3616519,male,551.2,577.2,490.6,more than 500,1.5
3616520,male,515.8,502.3,578.9,201-500,1.2
3616522,female,498.8,540.2,470.3,101-200,1.2
3616524,female,457.5,526.5,532.1,101-200,0.5
3616525,male,425.4,482.1,552.8,26-100,0.1
3616526,female,431.2,511.1,388.1,201-500,0.1
3616530,male,305.9,313.2,233.9,11-25,-0.2
3616531,male,570.2,512.1,533.7,more than 500,1.3
3616532,male,333.3,428.1,304.6,201-500,-1.1
3616538,female,480.5,584.3,525.8,26-100,0.6
3616539,male,561.0,535.1,535.4,26-100,0.5
3616540,female,567.9,478.2,523.4,more than 500,1.3
3616541,female,409.1,462.6,412.4,more than 500,0.6
3616542,female,409.5,508.8,495.0,11-25,-1.1
3616543,male,618.8,601.8,628.8,201-500,0.5
3616544,male,466.1,520.2,545.4,26-100,0.4
3616545,female,494.8,575.4,614.8,0-10,0.4
3616546,male,505.3,524.8,497.3,201-500,0.9
3616547,female,496.6,530.1,558.4,101-200,-0.4
3616548,female,363.6,458.3,469.4,more than 500,0.9
3616549,male,291.0,270.5,325.9,26-100,0.7
3616551,female,396.9,401.6,437.1,201-500,0.3
3616553,male,305.8,304.7,253.0,11-25,0.5
3616556,male,753.6,701.6,803.6,201-500,0.8
3616557,male,312.8,284.9,357.0,101-200,0.9
3616559,male,292.0,297.0,225.9,0-10,-0.3
3616560,male,433.3,491.0,468.7,201-500,0.6
3616563,male,532.5,603.8,581.2,201-500,0.7
3616564,female,390.7,393.5,431.8,101-200,0.8
3616567,male,675.1,603.4,710.7,201-500,0.6
3616569,male,516.6,375.3,533.2,0-10,-0.9
3616570,male,446.5,559.8,481.8,101-200,1.1
3616571,female,602.3,624.1,652.3,11-25,0.3
3616572,female,378.8,461.0,343.4,26-100,-0.2
3616574,male,536.1,569.5,571.9,11-25,0.7
3616575,male,370.7,288.0,397.7,101-200,-0.7
3616578,female,561.0,614.9,659.3,201-500,1.0
3616579,female,389.0,459.9,455.1,101-200,0.3
3616581,male,476.4,392.3,396.7,26-100,-0.2
3616583,male,419.7,439.5,452.8,26-100,0.2
3616584,female,472.7,551.1,459.8,0-10,-0.4
3616585,female,352.0,344.8,477.5,201-500,0.3
3616587,male,437.3,365.6,353.8,11-25,1.1
3616588,male,581.8,576.2,544.6,201-500,1.2
3616589,male,428.2,472.6,478.5,26-100,-0.2
3616590,male,638.5,636.1,683.6,101-200,0.9
3616591,male,569.1,491.2,557.9,more than 500,0.4
3616592,male,414.9,499.6,393.7,11-25,0.1
3616593,male,502.3,479.3,558.7,26-100,-0.9
3616594,male,430.5,387.9,436.2,11-25,0.5
3616595,female,507.9,568.1,515.4,101-200,1.0
3616596,male,521.5,518.7,550.1,101-200,0.5
3616597,female,594.3,710.1,568.3,26-100,0.4
3616598,female,410.3,486.4,533.5,more than 500,1.5
3616599,male,517.6,428.8,464.7,26-100,-0.5
3616601,female,386.8,433.7,364.3,101-200,-0.2
3616602,female,481.0,526.0,482.6,26-100,0.3
3616603,female,558.3,614.1,585.4,101-200,1.1
3616604,female,708.7,641.6,673.7,201-500,1.0
3616605,male,359.8,368.3,383.1,101-200,-0.8
3616606,male,534.3,485.0,495.4,26-100,1.0
3616607,female,576.4,628.2,732.7,more than 500,1.3
3616608,female,499.4,402.1,551.8,101-200,1.2
3616611,female,424.7,479.5,455.1,11-25,0.3
3616612,female,455.4,487.3,479.1,101-200,0.6
3616613,female,655.7,728.3,779.6,more than 500,1.6
3616614,female,672.6,697.5,678.1,more than 500,0.9
3616616,female,525.4,546.7,526.2,201-500,0.6
3616617,male,550.5,601.5,614.7,201-500,0.7
3616620,female,605.1,570.1,531.1,more than 500,1.0
3616623,female,479.9,524.3,496.2,26-100,0.2
3616624,male,450.4,443.3,407.6,101-200,0.2
3616625,female,378.3,409.6,398.1,101-200,0.1
3616626,male,527.4,504.0,540.2,11-25,-0.4
3616632,female,569.9,594.8,671.0,101-200,0.7
3616633,female,438.7,461.9,467.5,26-100,-0.5
3616635,male,479.5,474.1,494.7,more than 500,-0.0
3616636,female,479.7,521.5,517.8,101-200,0.7
3616640,female,430.0,398.6,418.8,101-200,0.9
3616641,male,650.9,542.0,604.7,201-500,1.3
3616643,female,601.3,608.8,515.7,201-500,1.1
3616644,male,488.4,571.4,584.3,101-200,-0.4
3616645,male,623.4,654.4,634.7,more than 500,1.8
3616646,female,458.1,497.7,499.6,more than 500,0.8
3616648,male,443.4,438.3,508.6,26-100,-0.3
3616650,male,567.9,672.6,649.2,101-200,-0.4
3616651,male,531.4,585.2,574.3,101-200,1.2
3616655,male,466.0,445.5,459.4,26-100,0.7
3616657,female,436.4,516.1,454.6,101-200,0.5
3616658,female,527.4,629.6,551.3,201-500,1.2
3616659,female,439.6,440.8,483.1,101-200,-0.0
3616660,female,632.6,618.8,609.9,101-200,1.1
3616667,male,490.3,476.6,406.6,101-200,1.1
3616668,female,383.2,344.1,399.1,201-500,0.6
3616671,female,455.8,505.8,494.4,101-200,0.6
3616672,male,342.2,404.1,396.2,201-500,1.7
3616674,male,584.5,702.6,765.6,101-200,1.1
3616675,male,595.6,456.3,621.4,201-500,-0.5
3616677,female,579.6,609.5,570.3,101-200,0.7
3616679,female,724.4,675.0,691.3,more than 500,1.8
3616680,male,428.1,498.2,335.3,101-200,-0.1
3616681,male,469.3,531.0,453.2,101-200,-0.7
3616682,female,410.2,546.4,476.2,11-25,-0.5
3616683,male,522.3,494.6,524.1,101-200,0.7
3616684,male,678.2,558.7,684.2,101-200,-1.0
3616685,female,506.1,499.6,465.9,101-200,0.4
3616687,male,329.3,304.4,412.2,more than 500,-0.2
3616688,male,521.7,402.1,522.0,26-100,0.1
3616690,male,656.3,592.5,665.3,101-200,1.4
3616692,male,438.1,458.5,451.9,201-500,0.6
3616693,female,393.6,504.0,358.4,11-25,0.4
3616694,female,469.7,500.8,503.6,101-200,-0.4
3616696,female,312.7,327.4,327.8,11-25,-0.9
3616698,male,385.7,397.2,347.8,101-200,-0.5
3616699,male,591.6,558.5,627.4,101-200,0.7
3616700,male,398.7,443.5,411.7,101-200,0.8
3616701,male,455.0,396.6,392.2,101-200,-0.4
3616703,female,510.1,559.3,551.2,201-500,-0.8
3616705,female,493.6,554.7,546.5,201-500,0.9
3616706,male,492.3,380.3,491.5,201-500,0.1
3616707,female,377.8,426.6,336.5,201-500,0.8
3616711,female,337.4,281.5,198.4,0-10,-0.2
3616712,male,412.0,413.5,498.8,26-100,0.7
3616714,female,516.7,562.3,441.0,26-100,0.6
3616717,male,373.9,345.8,425.7,101-200,0.3
3616719,male,659.7,518.9,668.5,101-200,0.9
3616720,male,488.4,469.7,547.8,11-25,-0.6
3616722,male,617.5,661.8,537.0,26-100,-0.3
3616728,female,361.6,434.3,358.8,11-25,-0.1
3616729,female,450.8,490.9,568.3,201-500,1.2
3616733,male,654.8,639.1,671.6,more than 500,1.2
3616734,female,466.7,388.6,485.6,101-200,-1.4
3616736,male,677.4,662.7,666.4,201-500,0.9
3616737,female,391.2,428.0,385.6,101-200,-2.0
3616738,male,537.3,547.5,555.4,more than 500,0.1
3616739,male,600.9,557.6,634.8,101-200,-0.7
3616742,male,407.7,464.5,395.6,11-25,1.0
3616743,male,367.5,364.6,322.2,101-200,0.4
3616744,female,506.8,539.5,549.3,101-200,1.0
3616747,female,526.5,527.4,447.7,101-200,0.2
3616748,male,432.2,403.8,344.8,101-200,1.0
3616749,male,462.6,268.9,385.6,101-200,-0.4
3616750,female,504.3,527.2,545.9,101-200,1.0
3616753,male,468.7,425.7,568.1,201-500,0.7
3616754,male,539.5,558.0,619.7,101-200,-1.0
3616755,female,533.9,647.4,617.9,201-500,1.2
3616758,male,502.8,605.8,564.9,201-500,-0.6
3616760,male,592.1,614.4,677.8,more than 500,1.5
3616761,female,602.9,561.8,635.5,101-200,0.9
3616762,male,604.5,666.1,643.0,201-500,1.4
3616763,female,492.6,568.8,592.5,201-500,1.0
3616765,female,323.2,288.7,363.7,11-25,-0.2
3616766,male,619.5,594.3,629.4,101-200,0.2
3616767,female,401.1,441.6,443.4,11-25,-0.4
3616768,female,411.0,475.8,444.1,26-100,-0.6
3616769,male,398.6,376.6,392.9,26-100,-1.0
3616770,female,424.4,431.6,417.3,101-200,0.2
3616771,female,508.9,617.3,588.6,more than 500,1.8
3616775,female,498.6,467.4,563.9,201-500,0.8
3616776,male,491.4,464.9,573.1,201-500,1.1
3616779,female,478.4,522.4,572.1,201-500,1.1
3616780,male,521.3,548.8,479.3,26-100,0.3
3616781,female,518.8,514.2,471.2,26-100,0.5
3616784,female,649.4,607.2,656.5,more than 500,1.7
3616785,female,457.5,575.6,492.0,101-200,0.3
3616786,male,623.8,540.0,587.3,101-200,0.9
3616787,male,656.0,595.3,640.6,more than 500,1.5
3616788,female,433.5,524.8,543.9,11-25,-1.8
3616790,male,555.8,595.9,513.5,101-200,1.2
3616791,female,530.2,463.0,521.2,101-200,0.8
3616792,female,391.4,475.0,439.3,26-100,0.3
3616794,male,607.7,653.8,651.4,201-500,1.1
3616795,female,570.4,564.2,606.1,more than 500,1.4
3616796,male,521.2,521.9,478.8,201-500,0.9
3616798,female,404.5,362.4,375.4,201-500,-0.7
3616800,male,531.0,568.8,580.6,101-200,-0.5
3616801,male,470.9,442.7,372.0,more than 500,-0.4
3616802,male,452.1,470.4,538.1,201-500,-0.4
3616803,female,467.6,511.5,563.8,more than 500,1.7
3616805,male,544.2,556.9,551.6,201-500,0.4
3616807,male,327.9,381.4,387.8,11-25,-0.5
3616808,male,444.3,348.9,448.5,101-200,0.7
3616809,male,540.7,560.0,541.5,more than 500,1.6
3616810,female,467.3,569.0,516.6,201-500,0.5
3616814,female,447.5,546.9,611.2,101-200,-1.1
3616815,male,509.7,477.5,547.9,11-25,0.7
3616816,male,374.1,109.0,321.4,201-500,-0.5
3616819,male,444.6,474.4,491.5,101-200,-2.0
3616820,male,363.7,351.9,419.8,26-100,-0.2
3616822,male,427.8,347.7,326.1,more than 500,-0.6
3616823,male,485.5,524.7,491.6,201-500,1.5
3616824,female,499.0,524.9,441.8,201-500,1.1
3616825,female,462.8,406.2,465.7,201-500,0.1
3616826,female,529.7,514.3,549.5,11-25,0.2
3616827,male,434.3,495.4,509.6,101-200,0.1
3616831,male,576.3,519.4,546.1,101-200,-0.3
3616832,male,522.8,541.6,539.0,201-500,1.1
3616833,male,467.1,343.0,397.9,101-200,0.2
3616834,female,407.2,494.0,487.4,101-200,-0.7
3616835,female,507.6,508.9,500.3,101-200,-1.0
3616836,female,460.0,363.2,451.9,26-100,1.2
3616838,female,445.4,535.6,456.5,more than 500,1.1
3616839,female,524.2,634.9,574.1,more than 500,0.9
3616840,male,464.8,456.8,481.5,101-200,0.6
3616841,male,509.9,463.7,504.5,more than 500,1.5
3616842,female,598.4,642.8,530.5,more than 500,1.8
3616847,female,524.0,651.2,612.1,26-100,-0.0
3616849,female,495.6,554.1,528.9,26-100,0.8
3616851,male,511.4,499.4,484.6,26-100,0.6
3616852,male,521.9,570.3,632.8,201-500,1.5
3616853,male,599.5,691.0,633.8,11-25,-1.7
3616856,female,404.4,487.5,407.8,more than 500,0.9
3616857,male,627.5,660.0,675.0,201-500,0.8
3616858,male,416.9,365.2,529.1,101-200,-0.8
3616860,female,463.8,540.0,508.4,more than 500,1.1
3616862,male,420.1,538.2,469.0,101-200,1.0
3616863,female,408.3,465.9,451.7,101-200,0.4
3616864,female,537.8,504.5,618.8,201-500,-0.7
3616865,male,352.3,284.6,387.2,more than 500,0.7
3616866,female,403.1,337.2,570.0,201-500,-0.9
3616868,male,465.2,409.9,419.5,0-10,-1.8
3616870,male,594.0,609.4,666.8,101-200,0.8
3616871,female,474.7,599.5,540.8,101-200,-1.2
3616872,male,302.0,332.4,394.5,11-25,-1.2
3616873,female,490.7,420.2,460.8,201-500,0.2
3616874,male,600.9,635.1,649.3,201-500,0.7
3616876,female,521.6,447.3,534.1,26-100,-0.5
3616877,female,344.4,331.9,357.7,more than 500,0.2
3616879,female,599.3,568.6,488.3,26-100,0.1
3616880,male,560.1,565.1,609.8,101-200,1.4
3616882,male,619.5,591.4,586.1,101-200,-0.3
3616883,female,335.6,418.9,396.6,201-500,1.0
3616885,male,721.3,688.0,684.4,101-200,-0.1
3616886,male,470.8,497.2,490.3,26-100,-0.6
3616888,female,416.8,495.2,433.0,101-200,0.4
3616894,female,428.8,466.3,444.9,11-25,0.5
3616895,female,524.6,633.8,624.0,201-500,1.0
3616896,female,705.4,599.4,717.6,201-500,1.3
3616898,male,414.9,484.4,462.4,11-25,-0.6
3616901,female,504.9,487.6,522.9,101-200,-0.3
3616902,female,533.3,614.3,570.8,101-200,0.6
3616906,male,484.6,445.9,508.9,11-25,1.0
3616907,male,334.1,324.5,371.5,101-200,-0.8
3616908,female,666.4,661.1,717.0,more than 500,1.2
3616909,female,558.6,598.0,559.5,more than 500,0.1
3616910,female,509.1,590.2,597.4,more than 500,1.4
3616912,female,343.0,518.7,415.0,26-100,-0.4
3616914,male,295.6,287.6,366.5,11-25,-0.5
3616915,male,540.5,493.3,575.2,101-200,-0.6
3616916,male,602.8,653.8,618.6,101-200,1.0
3616919,female,528.1,601.5,576.1,201-500,1.2
3616921,male,557.9,526.6,521.0,201-500,-0.0
3616923,female,491.0,518.6,565.6,201-500,1.2
3616925,male,414.5,366.7,479.8,101-200,-0.9
3616926,female,635.5,643.0,701.3,101-200,0.6
3616928,male,412.4,462.8,394.6,more than 500,0.6
3616929,male,333.1,370.1,350.3,26-100,-0.9
3616930,female,568.2,591.4,645.6,26-100,-0.5
3616932,male,400.3,266.1,507.1,26-100,-1.2
3616935,male,529.6,568.6,517.3,11-25,-0.2
3616936,female,448.1,422.0,366.2,more than 500,0.3
3616938,female,583.4,590.7,645.9,101-200,0.3
3616940,male,289.3,357.8,386.5,0-10,-0.5
3616941,female,527.1,458.1,562.2,26-100,0.4
3616942,female,585.1,641.2,607.5,101-200,0.1
3616943,female,290.4,383.4,252.1,0-10,-2.3
3616944,male,546.5,437.1,614.7,26-100,0.6
3616946,female,549.8,548.2,612.8,201-500,0.7
3616948,male,505.6,486.4,572.8,101-200,0.7
3616949,female,514.2,467.3,494.8,26-100,0.7
3616950,female,394.1,463.4,347.1,101-200,0.8
3616951,female,542.3,554.1,545.1,more than 500,1.4
3616952,male,468.1,511.5,512.7,201-500,1.2
3616953,female,451.0,436.4,555.8,11-25,1.0
3616954,female,519.9,499.7,516.4,101-200,1.1
3616955,male,543.9,572.7,538.2,101-200,-0.3
3616957,female,508.7,497.4,444.9,101-200,0.5
3616959,male,506.0,406.9,590.2,11-25,0.6
3616961,male,656.7,576.3,686.0,11-25,0.0
3616962,female,459.9,441.3,475.0,more than 500,0.3
3616963,male,445.8,543.8,556.8,101-200,0.1
3616964,female,462.3,378.8,511.8,11-25,0.5
3616965,male,348.1,399.7,367.7,11-25,-0.0
3616966,male,342.9,432.3,396.9,more than 500,0.7
3616967,male,536.2,486.2,542.8,more than 500,1.2
3616970,male,300.3,305.2,311.0,101-200,1.2
3616971,male,492.0,499.2,370.6,11-25,0.3
3616972,female,500.6,458.2,543.3,101-200,1.0
3616973,male,502.7,420.0,492.9,201-500,-0.3
3616974,female,387.9,459.1,450.1,26-100,-0.1
3616976,male,471.3,534.9,555.5,26-100,-0.3
3616977,female,362.7,402.4,348.8,201-500,0.2
3616978,male,477.3,471.7,542.9,more than 500,1.1
3616980,male,642.2,727.5,604.0,more than 500,0.6
3616982,female,458.0,543.1,453.3,101-200,0.9
3616984,male,483.1,440.3,509.9,101-200,0.4
3616988,female,583.2,668.2,643.8,more than 500,1.2
3616989,male,500.6,478.2,559.3,more than 500,0.4
3616990,female,368.0,363.4,312.5,101-200,0.9
3616991,male,496.1,401.0,312.3,0-10,-0.6
3616993,male,382.9,387.1,329.1,101-200,0.5
3616994,male,339.6,383.2,323.3,26-100,0.4
3616995,male,499.0,396.6,412.5,26-100,0.4
3616996,male,529.0,495.9,585.9,more than 500,-0.7
3616997,female,502.3,531.4,412.5,26-100,0.4
3616998,male,396.2,316.8,384.0,26-100,-1.0
3616999,male,503.1,525.6,500.0,101-200,-0.5
3617000,male,619.3,607.9,659.9,201-500,1.1
3617001,male,603.8,644.1,535.3,more than 500,1.3
3617002,female,400.3,586.9,518.3,201-500,0.5
3617003,male,372.4,322.0,343.2,26-100,-0.3
3617004,female,490.1,555.8,455.2,101-200,0.9
3617005,male,633.5,633.3,725.7,201-500,1.3
3617007,female,371.4,382.4,437.5,201-500,1.3
3617008,male,449.5,502.5,472.5,26-100,1.4
3617009,male,646.0,604.8,697.7,101-200,0.6
3617014,male,633.8,645.1,611.7,201-500,1.3
3617016,male,386.1,443.5,436.7,26-100,-0.4
3617017,male,612.0,528.5,663.6,101-200,1.2
3617019,female,522.0,538.2,491.7,201-500,0.6
3617020,female,541.9,498.4,591.7,more than 500,1.4
3617023,female,247.4,326.6,221.7,101-200,-0.7
3617026,male,621.1,526.4,639.2,101-200,0.3
3617028,male,462.6,523.6,476.7,101-200,-0.7
3617029,female,333.4,482.4,345.5,11-25,-1.4
3617031,female,384.0,373.4,373.8,201-500,1.0
3617032,male,433.0,465.0,475.9,201-500,1.3
3617033,female,492.1,474.5,487.2,more than 500,1.5
3617036,female,578.5,599.3,596.5,101-200,1.0
3617041,male,602.7,582.0,601.2,more than 500,0.8
3617042,female,564.9,515.2,539.9,more than 500,0.4
3617044,male,448.6,462.9,470.0,101-200,-0.4
3617045,female,478.8,505.6,552.5,26-100,0.8
3617049,male,567.1,436.7,508.1,101-200,0.3
3617050,female,335.2,336.4,286.3,201-500,-0.0
3617052,female,457.9,491.8,502.6,26-100,-0.4
3617053,female,521.2,566.6,570.0,201-500,0.8
3617054,male,524.5,506.2,588.7,26-100,-1.4
3617056,female,644.8,625.6,733.6,101-200,1.2
3617061,female,574.6,501.5,530.2,101-200,0.6
3617062,female,538.6,659.9,559.4,101-200,0.5
3617066,female,396.7,454.4,403.5,201-500,-0.0
3617067,female,347.0,459.8,399.0,26-100,-1.1
3617068,female,497.6,588.3,529.0,201-500,1.3
3617069,male,529.3,570.5,597.4,101-200,1.0
3617071,female,489.0,454.4,493.4,26-100,-0.2
3617072,female,474.2,446.3,391.1,101-200,-0.7
3617073,female,530.8,597.1,615.9,101-200,0.6
3617075,male,464.6,466.8,490.9,0-10,-0.3
3617078,male,519.8,486.9,536.8,101-200,0.8
3617079,male,419.2,478.1,498.1,101-200,0.6
3617080,female,388.6,356.7,446.0,26-100,1.0
3617082,male,500.7,448.3,538.3,101-200,0.6
3617086,male,572.9,616.3,575.2,more than 500,1.4
3617087,female,418.8,452.1,476.2,101-200,0.8
3617089,male,416.7,446.0,428.1,26-100,-0.1
3617094,female,383.4,421.6,535.5,more than 500,0.8
3617095,female,650.8,703.8,699.1,101-200,-0.1
3617096,male,427.3,450.8,462.8,101-200,0.4
3617098,female,478.4,442.4,486.9,201-500,0.8
3617099,male,451.3,410.4,466.5,more than 500,0.8
3617101,female,566.2,651.6,591.1,101-200,1.0
3617103,female,570.9,678.4,601.4,more than 500,1.5
3617104,male,402.3,457.1,421.2,201-500,1.1
3617106,male,413.0,378.5,424.8,26-100,-0.6
3617108,male,348.5,321.9,394.5,11-25,-0.4
3617109,male,560.6,567.6,589.9,more than 500,1.4
3617110,female,460.7,384.6,505.3,201-500,1.1
3617112,male,580.8,602.3,686.8,11-25,-1.0
3617113,male,619.9,531.1,552.6,more than 500,1.1
3617115,female,589.6,610.3,562.4,26-100,0.7
3617117,female,574.9,607.9,649.2,101-200,1.2
3617118,male,322.3,306.8,339.1,201-500,0.1
3617119,male,605.9,594.6,699.2,26-100,0.4
3617120,female,617.8,557.7,579.7,101-200,1.3
3617122,male,663.1,689.6,649.5,101-200,1.0
3617126,female,395.4,423.6,446.0,101-200,0.6
3617130,male,686.1,551.5,715.7,201-500,1.2
3617134,male,352.3,328.0,376.6,101-200,0.3
3617135,female,368.8,459.8,503.4,201-500,0.2
3617137,female,431.7,527.4,489.0,101-200,1.3
3617138,male,431.2,392.6,491.7,101-200,0.2
3617143,male,428.2,411.9,468.3,0-10,-0.6
3617145,female,529.1,537.6,553.9,201-500,0.4
3617146,male,443.1,452.1,505.8,101-200,0.2
3617147,female,712.4,704.5,699.1,more than 500,0.6
3617148,female,419.4,367.0,398.5,26-100,-0.9
3617150,male,336.2,328.3,372.1,201-500,0.7
3617152,male,377.2,439.6,430.4,26-100,0.2
3617155,male,254.6,279.1,254.9,0-10,-1.4
3617156,female,628.7,688.8,704.0,26-100,-0.1
3617157,male,497.9,531.3,545.9,201-500,-0.9
3617158,female,366.3,431.4,388.5,more than 500,0.3
3617162,male,467.5,437.1,472.0,11-25,-0.4
3617165,male,506.1,501.8,544.1,101-200,1.2
3617166,male,523.5,602.4,522.9,more than 500,0.7
3617167,female,482.3,502.0,570.6,201-500,0.4
3617173,male,341.4,263.6,333.7,26-100,0.0
3617174,female,458.9,438.1,497.3,11-25,-1.5
3617176,male,447.7,430.7,474.5,101-200,-1.0
3617177,male,384.0,292.9,302.6,201-500,0.5
3617178,female,483.8,507.0,483.1,0-10,0.8
3617179,male,554.5,599.4,559.7,201-500,1.1
3617180,male,582.3,643.6,678.7,201-500,-0.7
3617181,male,419.5,455.8,381.0,26-100,0.4
3617183,male,552.1,640.2,565.4,26-100,0.5
3617184,male,595.4,611.3,555.2,201-500,0.7
3617186,male,498.0,566.2,547.7,more than 500,1.3
3617187,male,478.4,532.1,495.6,26-100,1.0
3617190,female,432.9,462.5,517.4,201-500,1.6
3617191,male,566.8,554.6,612.5,201-500,1.3
3617192,female,465.7,479.3,478.4,201-500,1.4
3617193,male,468.6,465.8,454.6,201-500,1.4
3617194,male,493.7,545.1,500.7,11-25,-0.4
3617196,female,542.2,535.8,474.3,26-100,1.4
3617199,male,431.8,441.1,542.1,101-200,0.9
3617200,female,429.9,321.2,410.4,more than 500,1.0
3617201,female,316.0,456.7,358.7,101-200,-1.0
3617205,male,542.5,554.2,628.6,201-500,1.7
3617207,male,644.2,463.4,584.4,26-100,0.5
3617208,female,456.9,467.2,486.3,101-200,0.5
3617209,female,499.5,601.5,499.7,201-500,1.0
3617211,female,575.4,504.5,519.2,more than 500,0.9
3617213,male,408.3,478.4,427.0,101-200,1.2
3617214,male,416.2,499.6,509.8,101-200,0.5
3617215,male,507.2,389.4,505.3,more than 500,1.4
3617217,female,429.2,528.1,492.4,201-500,0.7
3617219,male,390.2,371.4,468.8,101-200,0.8
3617222,female,517.1,530.3,452.3,201-500,1.1
3617223,female,544.9,575.6,548.4,11-25,-0.8
3617226,female,236.0,381.3,335.7,more than 500,0.4
3617227,female,379.5,430.5,446.7,26-100,-0.0
3617229,male,390.9,438.1,483.3,26-100,-0.6
3617230,female,576.7,457.6,567.8,201-500,1.2
3617231,male,506.4,583.2,497.5,101-200,0.7
3617236,female,349.1,413.6,369.7,101-200,0.1
3617239,male,488.6,472.5,504.7,201-500,0.9
3617241,female,346.9,424.9,356.3,101-200,-1.6
3617243,male,371.8,405.6,381.0,101-200,0.9
3617244,male,517.5,425.0,520.1,101-200,-0.9
3617246,male,516.1,573.8,544.2,201-500,0.4
3617247,female,433.3,402.9,487.1,more than 500,0.8
3617248,female,501.2,551.9,493.6,11-25,-1.5
3617250,female,550.2,652.3,662.3,201-500,1.1
3617251,male,558.7,415.5,512.7,26-100,1.0
3617253,male,590.4,530.5,548.0,more than 500,1.1
3617254,male,373.0,416.1,447.8,11-25,-1.4
3617256,female,463.2,554.1,509.1,11-25,-0.2
3617257,female,595.2,638.6,634.5,201-500,1.2
3617259,male,237.8,286.6,226.0,201-500,-0.4
3617260,female,394.5,431.4,407.2,201-500,0.3
3617261,female,317.0,364.1,297.0,26-100,-0.8
3617266,male,476.0,507.1,518.2,101-200,0.1
3617267,female,512.0,454.5,483.5,101-200,0.2
3617269,male,397.7,405.5,459.8,101-200,1.2
3617272,female,507.8,490.7,542.9,101-200,0.7
3617273,male,507.7,471.3,519.4,more than 500,1.3
3617274,male,633.4,594.9,635.3,101-200,1.4
3617276,male,359.7,352.8,338.9,201-500,0.7
3617277,male,473.7,372.1,372.7,11-25,-1.0
3617278,male,453.1,398.0,503.9,201-500,-0.9
3617280,male,507.1,480.5,482.8,101-200,-0.1
3617282,male,621.7,603.9,616.7,101-200,0.8
3617283,female,531.1,549.2,581.0,more than 500,0.6
3617285,female,487.0,533.2,527.8,101-200,1.5
3617286,male,513.2,312.9,479.7,101-200,-0.6
3617287,male,662.6,565.9,640.6,more than 500,1.2
3617288,female,266.4,260.8,281.3,more than 500,1.4
3617292,female,463.7,429.3,516.1,201-500,0.9
3617293,female,445.1,598.3,500.0,more than 500,0.6
3617296,male,530.7,466.7,498.1,26-100,-1.0
3617299,female,482.4,454.3,432.5,11-25,0.7
3617301,female,509.1,576.0,518.0,201-500,0.9
3617303,female,511.5,472.6,564.0,101-200,1.0
3617308,female,360.9,436.2,419.3,101-200,0.5
3617309,male,412.2,460.6,349.2,26-100,-1.7
3617310,male,611.3,531.8,670.5,201-500,0.7
3617311,male,546.3,631.0,669.3,26-100,0.9
3617314,male,414.2,515.0,506.3,101-200,1.5
3617316,female,723.4,813.9,715.2,more than 500,1.2
3617317,male,503.0,531.0,540.3,101-200,-0.2
3617318,male,566.5,586.3,591.5,201-500,1.2
3617319,male,518.1,546.8,690.7,101-200,0.0
3617324,female,523.9,580.4,467.9,101-200,-0.8
3617328,female,536.6,519.8,517.7,more than 500,1.2
3617330,female,469.0,600.8,508.9,more than 500,0.8
3617331,male,447.0,495.6,523.8,26-100,-0.6
3617332,male,562.0,464.4,438.1,101-200,-0.6
3617333,male,537.8,584.0,587.0,26-100,-0.2
3617336,male,521.8,521.6,618.5,101-200,-0.3
3617337,male,531.4,519.0,554.5,101-200,1.4
3617339,male,509.9,523.8,551.0,101-200,-0.3
3617341,female,511.6,391.6,566.9,26-100,0.0
3617342,male,470.5,557.3,505.6,201-500,0.6
3617343,male,608.1,553.3,565.7,101-200,-0.2
3617344,male,442.5,388.0,469.6,26-100,0.6
3617345,male,660.6,642.8,716.9,101-200,1.0
3617347,male,311.0,427.1,326.7,201-500,-1.4
3617348,female,314.5,238.7,301.9,11-25,-0.7
3617351,male,291.3,265.4,297.8,101-200,-0.2
3617354,male,444.4,402.6,495.5,101-200,-0.8
3617357,female,397.2,423.1,437.6,11-25,-0.4
3617358,female,275.8,305.0,268.0,11-25,0.8
3617363,female,453.2,489.0,453.6,201-500,0.8
3617364,male,482.4,463.7,404.7,101-200,-0.4
3617365,male,534.5,564.6,619.8,201-500,0.7
3617367,female,604.4,527.4,586.4,11-25,0.4
3617368,male,602.8,611.8,561.3,26-100,0.8
3617369,male,449.5,476.9,425.2,201-500,-0.1
3617371,male,282.2,363.1,361.0,101-200,1.0
3617372,female,499.7,566.8,594.5,101-200,0.2
3617373,male,278.8,250.6,237.2,101-200,1.2
3617374,male,422.4,517.0,458.5,101-200,-0.1
3617377,male,459.8,547.0,607.7,201-500,1.0
3617380,female,414.4,471.3,518.0,26-100,0.7
3617382,male,339.1,423.8,377.5,101-200,-0.7
3617383,female,438.7,624.0,500.6,26-100,-0.0
3617384,female,505.9,594.1,595.3,more than 500,1.1
3617385,male,378.8,387.1,427.6,26-100,0.6
3617386,male,503.5,447.4,530.5,101-200,-0.1
3617387,female,412.9,406.9,330.2,201-500,1.3
3617389,male,489.2,417.3,447.9,26-100,-0.6
3617390,male,540.5,566.2,566.8,more than 500,1.0
3617392,female,497.9,435.4,499.1,201-500,1.0
3617393,male,471.5,443.8,500.7,11-25,1.2
3617395,female,318.2,349.0,370.6,11-25,-1.0
3617396,female,484.7,463.1,518.9,101-200,-0.0
3617397,female,436.4,500.7,414.9,26-100,-0.8
3617398,male,549.5,584.5,613.4,201-500,0.6
3617399,female,307.9,394.4,330.8,11-25,-0.5
3617401,male,587.8,573.6,663.1,101-200,0.2
3617402,female,502.0,449.1,485.1,26-100,-0.8
3617403,male,530.8,531.7,606.7,101-200,0.9
3617404,male,388.7,545.4,408.2,26-100,-0.1
3617405,male,631.4,585.2,647.9,more than 500,1.2
3617407,female,441.5,388.9,463.8,101-200,0.8
3617409,male,354.6,338.1,336.4,11-25,-0.4
3617410,female,479.2,591.7,521.8,201-500,0.0
3617412,female,496.3,480.7,600.8,101-200,1.1
3617413,male,527.2,536.0,527.1,201-500,-0.4
3617414,female,536.1,457.5,448.4,101-200,0.9
3617416,female,708.9,708.5,702.0,more than 500,0.5
3617417,female,389.1,456.9,433.6,more than 500,1.3
3617418,male,486.3,500.7,588.3,11-25,0.6
3617419,male,350.2,435.4,403.7,101-200,-0.6
3617420,female,447.1,487.3,381.7,more than 500,0.4
3617421,female,380.9,415.5,431.4,101-200,0.9
3617423,female,502.9,483.8,571.4,26-100,-0.4
3617424,male,454.7,497.5,381.9,101-200,0.9
3617427,male,608.8,636.0,552.9,more than 500,1.8
3617429,male,587.5,552.2,579.0,201-500,1.0
3617430,male,456.1,426.1,426.8,201-500,0.8
3617431,male,490.8,480.6,544.6,101-200,0.9
3617432,female,449.7,599.1,514.2,201-500,0.5
3617433,female,539.9,615.5,577.4,more than 500,1.6
3617436,male,543.3,506.2,568.5,more than 500,1.3
3617437,female,526.9,655.4,654.1,201-500,0.9
3617438,female,481.6,510.0,533.3,more than 500,1.1
3617439,male,576.0,548.1,618.5,101-200,1.4
3617441,female,513.0,550.3,562.9,11-25,-0.3
3617443,female,354.7,354.3,284.0,101-200,0.3
3617444,female,518.8,550.8,509.0,more than 500,-0.1
3617449,male,661.5,630.0,657.1,101-200,1.2
3617450,male,454.6,547.4,471.1,101-200,0.4
3617454,female,432.0,403.0,427.9,26-100,-0.6
3617456,male,501.5,502.1,554.4,201-500,0.6
3617458,male,293.4,189.9,336.9,101-200,-0.7
3617460,male,606.8,646.1,577.0,201-500,0.6
3617464,female,626.5,578.7,533.4,101-200,-0.0
3617466,male,295.2,367.7,331.9,more than 500,1.1
3617468,female,493.4,578.0,550.3,201-500,0.8
3617470,female,411.7,446.5,443.8,201-500,-0.2
3617472,female,440.7,532.4,461.6,101-200,1.2
3617473,male,578.0,483.3,477.0,201-500,-0.5
3617474,female,470.5,550.1,559.7,101-200,1.1
3617476,female,591.3,543.5,626.9,more than 500,1.7
3617480,male,492.2,462.1,485.6,11-25,-0.1
3617481,female,470.9,531.3,548.2,201-500,0.9
3617482,male,564.8,588.3,572.1,101-200,1.6
3617483,male,699.7,755.5,818.3,26-100,1.2
3617485,male,374.3,153.7,355.3,more than 500,0.4
3617486,female,360.2,398.4,400.2,26-100,-0.2
3617489,female,607.9,573.5,549.4,201-500,-1.0
3617490,male,484.4,511.2,563.1,0-10,0.2
3617491,female,371.9,404.5,359.7,101-200,-0.3
3617492,female,539.8,693.0,601.4,101-200,0.3
3617493,female,471.6,646.1,525.6,101-200,0.1
3617494,female,548.4,546.9,661.1,101-200,0.6
3617496,male,541.4,597.9,555.0,101-200,-0.4
3617498,male,609.1,667.2,624.6,201-500,1.0
3617499,male,574.0,538.9,565.4,101-200,-0.9
3617501,male,569.7,565.6,575.1,201-500,0.8
3617502,male,447.1,426.6,584.0,101-200,0.6
3617504,female,563.7,439.1,579.6,more than 500,1.3
3617506,female,547.6,627.3,640.5,101-200,0.4
3617507,male,450.3,376.5,451.6,26-100,-0.9
3617508,female,536.2,548.2,562.1,201-500,1.1
3617510,male,393.8,409.6,498.7,26-100,-0.7
3617514,female,465.8,499.1,404.2,more than 500,1.3
3617515,female,414.6,478.6,390.8,101-200,-0.1
3617517,female,397.1,431.9,398.3,201-500,0.0
3617518,female,381.5,341.8,397.1,more than 500,1.1
3617521,male,621.4,512.0,615.7,101-200,0.9
3617524,male,508.0,467.8,543.6,26-100,1.0
3617526,female,347.2,323.4,313.7,101-200,-0.7
3617527,female,473.3,531.9,634.4,more than 500,0.2
3617528,male,458.2,562.3,559.6,201-500,1.0
3617531,female,538.1,557.5,606.4,more than 500,0.8
3617532,male,556.1,581.1,664.5,more than 500,0.4
3617533,female,464.7,556.5,610.9,201-500,-0.3
3617534,female,572.7,618.1,445.0,101-200,0.8
3617535,female,597.9,671.5,616.4,more than 500,1.2
3617538,female,488.9,614.0,583.6,101-200,-0.4
3617539,male,366.2,427.2,377.1,101-200,0.7
3617540,female,533.0,663.2,525.2,26-100,0.2
3617541,female,503.8,532.5,512.6,101-200,1.4
3617542,female,392.6,403.3,315.0,11-25,1.4
3617543,female,463.6,554.8,483.0,more than 500,1.0
3617544,female,410.1,485.4,477.2,11-25,-1.4
3617545,female,617.9,587.1,598.5,101-200,0.5
3617547,female,429.7,498.4,499.9,201-500,-0.9
3617548,female,446.3,436.3,504.0,26-100,0.3
3617549,male,661.8,549.7,610.3,101-200,0.7
3617550,male,484.5,516.9,460.6,201-500,1.0
3617552,male,551.0,552.4,573.7,201-500,1.3
3617553,male,497.9,470.4,509.9,101-200,0.4
3617554,male,432.2,405.0,321.5,0-10,1.1
3617556,female,428.6,461.2,467.4,101-200,0.4
3617557,male,479.2,528.0,351.0,101-200,-0.6
3617559,male,540.2,451.7,602.3,26-100,0.3
3617560,female,653.8,670.0,743.0,101-200,0.3
3617561,male,591.3,567.3,627.7,101-200,0.1
3617563,female,586.1,642.0,577.8,201-500,-0.1
3617565,male,528.8,488.7,573.4,201-500,0.7
3617567,female,345.7,435.8,347.7,11-25,-1.0
3617568,female,652.9,674.6,634.0,101-200,0.7
3617571,male,417.0,457.4,565.5,201-500,0.0
3617573,female,363.1,473.7,391.0,101-200,-0.3
3617575,male,408.2,428.7,422.5,26-100,0.4
3617577,female,515.4,500.2,629.5,201-500,1.4
3617578,male,496.9,336.0,500.3,more than 500,0.9
3617580,female,572.9,528.6,540.2,101-200,1.3
3617581,female,506.4,507.5,610.8,more than 500,1.1
3617582,female,620.7,717.3,670.0,201-500,1.2
3617585,male,487.7,511.7,506.4,101-200,0.6
3617588,male,351.3,281.5,369.1,101-200,-1.1
3617589,female,464.6,542.2,464.7,101-200,-0.2
3617590,female,556.8,552.2,568.5,101-200,-0.2
3617591,female,573.6,573.4,471.8,11-25,0.8
3617595,male,372.8,458.1,406.1,26-100,0.1
3617597,male,546.3,472.7,559.7,101-200,1.1
3617600,female,482.7,515.8,506.8,201-500,1.0
3617602,female,612.8,627.1,683.1,101-200,-0.8
3617606,female,332.0,400.7,306.3,26-100,0.6
3617608,female,414.1,334.7,442.8,201-500,0.8
3617609,female,387.6,535.1,408.9,101-200,-0.3
3617614,female,553.0,573.6,608.9,more than 500,1.4
3617616,female,602.7,640.1,649.0,201-500,0.7
3617619,male,655.3,728.3,582.9,101-200,0.6
3617620,female,525.5,598.6,487.4,101-200,-0.2
3617621,male,616.5,446.2,564.2,26-100,0.6
3617622,male,474.8,497.9,539.6,11-25,-1.4
3617623,female,440.9,548.3,505.4,201-500,-0.6
3617627,male,738.7,821.5,808.7,more than 500,1.2
3617629,female,500.1,629.5,468.5,101-200,0.9
3617630,female,486.9,629.5,541.7,201-500,1.1
3617631,female,503.5,520.0,524.7,101-200,0.7
3617632,female,444.6,465.4,504.1,101-200,1.0
3617633,male,491.3,513.6,486.2,26-100,1.0
3617634,male,325.6,367.2,342.6,201-500,-0.5
3617635,male,587.8,517.9,561.3,201-500,0.6
3617637,female,450.2,518.8,500.9,101-200,0.5
3617638,male,474.1,618.6,579.0,more than 500,0.6
3617639,male,548.9,612.2,610.9,201-500,0.9
3617641,male,586.7,595.2,519.7,101-200,0.4
3617642,male,406.4,469.4,438.2,26-100,-1.1
3617644,male,485.6,514.2,505.6,101-200,0.7
3617645,male,429.2,539.2,492.0,101-200,-0.4
3617646,male,311.9,254.4,350.8,101-200,-0.2
3617647,male,426.5,500.9,477.6,201-500,0.5
3617651,male,459.5,483.2,484.1,201-500,1.1
3617653,female,542.8,546.0,548.8,201-500,1.1
3617656,male,473.1,476.0,508.1,101-200,0.4
3617659,male,699.0,728.0,677.9,11-25,-1.0
3617660,female,383.8,386.0,411.5,26-100,-1.4
3617662,male,600.3,527.5,584.6,101-200,-0.2
3617663,male,479.4,460.9,382.2,101-200,0.8
3617664,male,542.0,450.6,605.2,201-500,0.3
3617665,female,507.6,513.5,589.7,11-25,0.5
3617666,male,465.6,372.2,453.7,101-200,1.0
3617667,male,560.2,534.0,541.7,201-500,1.6
3617670,female,440.8,496.7,427.2,101-200,0.4
3617671,female,586.8,603.5,564.6,101-200,1.1
3617672,male,567.6,521.8,615.2,more than 500,1.4
3617673,female,517.8,541.8,524.6,26-100,-0.8
3617674,female,589.9,457.9,615.3,more than 500,1.2
3617675,male,576.4,593.4,562.3,more than 500,1.1
3617676,male,592.2,602.7,655.1,11-25,0.3
3617677,male,394.0,534.7,444.5,101-200,0.9
3617678,male,449.3,416.2,469.8,26-100,0.1
3617679,male,585.8,702.1,693.4,more than 500,1.4
3617682,female,355.7,347.8,470.3,26-100,-1.0
3617684,female,397.0,465.3,520.1,26-100,0.2
3617685,female,603.7,592.7,665.3,201-500,1.4
3617689,female,487.2,526.4,539.0,201-500,0.1
3617690,female,506.2,430.0,514.7,11-25,1.0
3617691,male,376.0,372.8,387.4,101-200,0.4
3617693,male,396.0,343.3,335.9,101-200,1.3
3617694,male,389.9,334.7,431.8,26-100,0.2
3617695,male,633.0,698.3,670.7,201-500,1.3
3617696,male,466.9,461.0,545.0,11-25,-1.6
3617697,female,407.1,428.2,357.9,26-100,0.9
3617698,female,487.6,540.6,532.1,more than 500,1.4
3617699,female,529.2,612.6,569.1,201-500,-0.4
3617700,female,562.3,553.8,572.1,101-200,0.9
3617701,female,358.3,460.5,363.5,201-500,1.3
3617702,male,463.6,502.3,454.2,more than 500,1.2
3617704,male,457.1,520.9,503.9,more than 500,0.9
3617706,female,427.6,393.6,396.7,11-25,-0.2
3617710,female,618.7,617.5,648.6,101-200,1.0
3617712,male,639.8,700.3,663.7,201-500,1.2
3617713,female,602.9,647.5,638.8,more than 500,0.1
3617714,female,499.2,557.1,623.4,201-500,-0.5
3617715,male,379.5,368.5,392.1,26-100,-0.1
3617716,female,506.6,700.0,679.8,more than 500,-0.5
3617717,female,359.4,367.4,339.1,101-200,1.0
3617718,male,670.7,567.3,603.7,26-100,0.8
3617720,male,633.9,642.8,673.3,201-500,0.5
3617724,male,663.3,551.3,601.9,101-200,1.0
3617727,male,515.6,535.6,515.5,more than 500,1.4
3617728,female,394.2,365.3,330.5,11-25,-0.3
3617730,male,417.4,496.2,441.2,201-500,-0.3
3617731,female,620.3,613.8,648.1,101-200,0.9
3617734,male,529.5,559.5,583.2,201-500,1.4
3617739,male,581.0,609.3,610.4,101-200,0.1
3617740,male,587.5,521.3,651.4,101-200,0.9
3617742,male,568.3,600.4,583.9,101-200,0.0
3617743,female,575.9,601.8,603.1,101-200,1.0
3617744,male,685.4,615.6,728.4,101-200,-0.3
3617745,female,633.2,685.4,575.0,more than 500,1.2
3617747,male,485.7,458.8,346.6,11-25,-0.4
3617752,male,563.5,577.4,501.9,more than 500,1.0
3617753,female,537.2,547.2,569.8,more than 500,-0.2
3617755,female,458.4,460.4,468.0,26-100,-1.2
3617757,male,373.0,341.2,400.6,11-25,0.9
3617758,male,764.2,695.0,751.8,101-200,1.2
3617760,female,474.3,494.2,411.6,101-200,0.6
3617761,female,373.6,495.6,404.8,101-200,-0.1
3617763,male,429.7,457.0,451.7,201-500,0.2
3617764,male,559.8,560.7,597.4,more than 500,1.2
3617765,female,448.0,472.2,459.8,26-100,0.1
3617768,female,460.4,502.2,396.8,11-25,-1.4
3617769,male,443.6,384.4,440.9,101-200,1.4
3617770,female,519.4,492.5,593.9,11-25,0.8
3617771,female,494.6,535.2,497.1,101-200,0.9
3617772,male,499.9,409.7,450.3,11-25,0.6
3617777,female,624.2,469.6,582.2,101-200,0.1
3617778,male,514.9,476.5,573.7,201-500,1.1
3617779,female,537.6,573.2,577.1,26-100,-0.4
3617780,male,446.7,463.9,443.9,201-500,0.8
3617781,male,365.5,284.4,394.3,0-10,0.7
3617782,female,414.5,508.4,515.2,26-100,0.3
3617783,female,476.2,557.8,525.0,0-10,-1.5
3617784,male,500.0,449.2,479.8,101-200,0.7
3617785,male,404.7,473.5,565.1,101-200,-0.2
3617786,male,352.9,277.7,276.2,11-25,-0.3
3617788,male,598.4,599.2,574.9,more than 500,1.4
3617789,female,579.3,588.2,584.4,101-200,-0.6
3617791,male,556.6,510.9,531.7,26-100,0.8
3617792,male,595.7,582.5,629.1,101-200,1.2
3617793,female,374.8,365.1,280.1,0-10,0.5
3617795,female,462.6,557.9,529.2,26-100,0.7
3617796,female,450.0,477.8,488.1,26-100,-0.4
3617799,male,330.4,336.4,306.0,11-25,0.0
3617800,male,424.1,561.6,510.2,101-200,-1.1
3617804,female,500.8,523.8,533.5,101-200,-0.8
3617805,female,434.7,326.0,477.0,101-200,1.7
3617806,female,579.9,608.3,618.1,101-200,0.2
3617809,female,494.7,550.3,516.0,201-500,1.6
3617810,female,415.2,397.9,449.2,more than 500,-1.1
3617811,male,532.9,667.0,587.8,101-200,0.1
3617814,female,453.9,430.5,434.6,101-200,0.0
3617820,female,309.9,291.5,394.0,101-200,-1.4
3617821,male,461.6,561.8,472.8,101-200,-0.8
3617822,male,506.5,323.8,494.2,101-200,0.8
3617823,male,574.7,533.2,611.4,101-200,0.7
3617824,male,452.9,461.7,438.9,201-500,1.2
3617825,male,621.3,641.1,679.5,more than 500,1.6
3617826,female,565.3,533.9,563.9,more than 500,1.3
3617827,male,546.9,464.0,575.0,26-100,1.0
3617828,female,429.8,479.1,516.9,more than 500,1.5
3617831,male,359.7,439.7,400.9,0-10,-1.4
3617832,female,516.7,649.5,565.2,more than 500,0.1
3617833,male,387.6,284.7,450.2,more than 500,1.2
3617834,male,529.1,567.9,480.2,201-500,1.2
3617839,female,584.6,660.0,598.8,more than 500,0.9
3617841,female,419.5,561.9,509.4,101-200,-1.1
3617842,male,476.1,628.8,624.8,101-200,0.3
3617844,female,481.5,560.6,451.7,201-500,0.1
3617845,female,605.2,668.8,552.2,201-500,0.9
3617848,female,619.4,680.4,631.1,more than 500,1.3
3617850,female,438.5,479.3,459.3,101-200,0.0
3617851,male,742.2,718.5,714.2,201-500,1.3
3617852,female,539.6,550.4,544.5,more than 500,2.0
3617853,female,538.5,630.3,681.5,26-100,0.4
3617854,female,483.4,598.8,623.6,201-500,1.0
3617855,male,471.3,556.9,606.3,11-25,-1.0
3617857,female,438.2,495.6,326.5,101-200,0.7
3617858,male,504.5,471.8,553.2,more than 500,0.2
3617859,female,503.0,524.6,523.3,101-200,-0.4
3617864,male,511.3,555.6,538.1,101-200,0.4
3617866,female,479.4,605.0,569.1,101-200,-1.4
3617867,female,585.8,493.0,489.5,201-500,0.5
3617868,male,649.2,640.9,739.9,101-200,1.3
3617870,male,366.9,386.6,376.0,101-200,1.3
3617872,female,515.2,505.6,501.2,101-200,0.5
3617873,female,374.5,342.9,439.1,101-200,0.2
3617874,female,261.7,303.1,244.3,0-10,-1.0
3617875,male,376.0,540.3,443.5,101-200,-0.2
3617879,female,401.2,526.4,430.6,26-100,0.5
3617880,female,409.5,377.5,510.8,101-200,0.9
3617881,male,422.1,475.3,377.0,11-25,0.3
3617882,female,335.5,562.2,430.7,0-10,1.2
3617885,female,441.0,571.9,499.9,201-500,-0.0
3617888,female,277.8,368.3,297.8,201-500,-0.7
3617892,female,460.0,573.1,493.2,101-200,0.4
3617896,female,485.4,580.1,580.1,201-500,0.6
3617897,male,395.5,372.4,395.1,201-500,-0.3
3617901,male,504.2,404.2,450.3,more than 500,1.3
3617903,male,380.8,328.9,340.1,11-25,-0.0
3617904,male,420.1,437.3,425.6,101-200,1.0
3617906,male,407.5,456.1,344.0,101-200,0.3
3617907,female,442.5,521.3,472.7,26-100,0.4
3617912,female,560.6,519.0,588.0,101-200,1.1
3617914,female,489.8,486.7,485.0,101-200,-0.1
3617915,male,304.9,237.3,229.6,11-25,-1.1
3617916,male,469.9,530.7,524.4,101-200,1.2
3617917,female,335.6,342.8,389.3,101-200,0.4
3617918,male,494.6,565.0,506.8,201-500,-0.7
3617919,female,490.5,375.4,475.1,101-200,1.4
3617920,male,469.9,454.4,490.7,201-500,1.1
3617921,male,355.8,428.3,334.5,101-200,1.2
3617923,female,535.8,602.6,606.5,101-200,0.6
3617924,female,500.8,562.2,604.6,101-200,-0.9
3617925,male,486.3,403.8,374.3,101-200,1.3
3617929,male,600.3,525.6,558.6,201-500,0.8
3617931,male,527.0,527.6,525.8,26-100,-0.5
3617932,female,404.1,428.7,391.6,26-100,-1.3
3617933,male,568.1,525.6,503.4,11-25,0.2
3617935,male,521.8,449.6,616.2,101-200,0.7
3617936,male,534.6,535.2,589.3,26-100,0.8
3617938,male,667.1,642.6,667.9,101-200,0.9
3617939,male,337.2,422.5,347.5,26-100,-0.3
3617944,female,445.6,560.6,607.6,201-500,0.6
3617946,male,522.5,471.8,468.5,101-200,0.5
3617948,female,474.0,499.9,612.8,201-500,-0.4
3617949,male,664.3,622.6,679.2,201-500,1.2
3617950,female,339.0,335.2,326.3,0-10,0.3
3617951,female,363.7,340.6,435.0,11-25,-0.7
3617954,female,599.4,631.6,632.0,201-500,1.1
3617955,female,511.3,465.6,538.7,26-100,-0.8
3617956,male,639.8,548.0,669.3,201-500,1.1
3617958,male,290.6,397.1,339.1,101-200,-0.9
3617959,male,463.6,551.2,509.8,26-100,-0.1
3617960,female,557.5,609.8,669.5,101-200,1.3
3617962,male,373.6,352.9,368.7,26-100,0.5
3617963,male,361.8,349.8,395.8,201-500,0.7
3617964,female,453.3,520.3,448.9,101-200,-0.1
3617965,female,427.8,517.2,476.3,101-200,0.7
3617966,female,546.4,588.3,645.1,more than 500,0.9
3617967,female,574.6,572.1,597.5,101-200,0.8
3617968,female,698.5,708.6,675.9,201-500,1.1
3617969,female,520.8,488.5,552.4,201-500,1.0
3617971,female,607.6,669.7,712.8,more than 500,0.5
3617972,male,279.3,326.0,300.0,26-100,0.1
3617974,male,529.5,419.8,601.8,26-100,0.6
3617975,male,452.3,389.4,470.3,201-500,0.8
3617976,female,417.9,378.1,398.2,101-200,1.2
3617977,male,453.5,428.5,401.3,201-500,-0.1
3617978,female,573.3,583.5,624.7,101-200,0.5
3617979,female,537.1,568.0,503.2,more than 500,1.3
3617980,female,353.7,422.5,291.2,0-10,0.2
3617981,female,465.4,458.6,481.1,11-25,-0.8
3617982,female,497.0,453.9,561.7,101-200,-0.5
3617983,female,465.2,483.6,476.3,201-500,0.5
3617984,female,381.3,363.6,416.8,11-25,-0.8
3617985,male,421.6,417.8,445.2,101-200,1.3
3617987,female,465.1,596.1,478.3,101-200,0.8
3617988,male,519.2,418.4,576.0,more than 500,0.7
3617990,female,395.4,305.0,452.1,201-500,0.8
3617991,female,566.4,482.4,518.4,201-500,1.2
3617992,female,524.1,474.0,518.6,201-500,0.9
3617994,male,486.0,581.6,506.4,201-500,0.8
3617995,male,445.3,499.6,475.3,201-500,1.2
3617996,male,672.5,590.0,659.4,201-500,1.2
3617997,male,304.9,348.6,379.6,101-200,0.4
3617999,male,627.6,636.7,652.8,more than 500,1.4
3618001,male,407.3,490.0,411.7,more than 500,0.9
3618002,male,528.8,416.7,456.9,101-200,0.5
3618003,female,392.9,405.0,433.7,101-200,1.1
3618005,female,505.1,523.2,532.1,101-200,-1.0
3618006,female,426.2,472.4,452.2,101-200,-0.8
3618007,female,346.0,444.1,368.6,26-100,-0.5
3618008,male,424.1,350.3,422.9,26-100,-1.3
3618009,male,504.6,518.6,528.6,26-100,0.0
3618010,female,584.6,538.1,533.0,101-200,0.4
3618011,female,592.0,671.8,668.0,101-200,0.8
3618013,male,688.5,674.1,667.5,201-500,1.1
3618015,female,464.8,459.8,436.2,101-200,-0.7
3618016,male,321.7,386.4,366.6,201-500,0.5
3618017,male,532.4,538.6,548.8,11-25,-0.2
3618018,male,506.5,444.5,478.1,101-200,1.2
3618019,female,626.0,558.8,585.3,more than 500,1.5
3618020,male,373.7,383.2,364.2,0-10,0.3
3618021,female,446.7,522.0,440.3,11-25,0.5
3618022,female,450.3,436.2,484.3,101-200,1.5
3618023,female,478.8,572.6,611.2,26-100,0.6
3618024,female,489.5,525.5,617.3,101-200,1.1
3618026,male,457.4,471.0,520.8,more than 500,0.2
3618029,female,500.7,532.1,557.0,11-25,-1.6
3618032,female,611.3,589.9,676.9,more than 500,0.7
3618034,male,398.3,496.3,320.9,0-10,0.5
3618035,female,449.1,437.5,442.2,101-200,-0.6
3618036,female,518.5,566.7,597.0,more than 500,0.9
3618039,female,465.0,518.2,443.1,11-25,-0.7
3618040,male,568.0,593.2,581.3,101-200,0.1
3618043,male,481.4,381.7,397.2,more than 500,1.2
3618044,female,637.4,609.1,665.8,201-500,1.8
3618045,female,414.0,379.4,414.4,11-25,-2.2
3618047,female,404.9,370.6,370.8,more than 500,-0.2
3618051,female,519.9,665.8,618.4,201-500,0.7
3618052,female,355.6,277.3,441.6,101-200,0.4
3618053,female,510.2,585.8,582.8,26-100,0.7
3618054,female,375.4,456.4,437.4,101-200,-1.1
3618056,male,397.3,369.3,426.0,26-100,-0.2
3618058,female,489.9,603.1,532.3,more than 500,0.0
3618059,female,408.5,273.0,354.5,101-200,-0.4
3618063,male,632.0,669.5,726.4,more than 500,0.9
3618066,male,509.5,510.1,512.8,201-500,0.7
3618067,female,673.5,664.7,549.3,more than 500,1.4
3618068,male,431.0,346.5,499.1,11-25,1.2
3618069,female,467.1,493.7,474.0,201-500,0.4
3618071,male,368.7,409.3,416.5,201-500,1.1
3618073,female,600.7,669.4,569.0,201-500,-0.1
3618074,female,546.4,517.9,494.6,26-100,1.0
3618076,female,368.2,494.6,406.1,11-25,1.4
3618078,female,365.2,429.9,351.0,101-200,-0.5
3618079,male,513.0,542.5,550.6,201-500,0.2
3618080,male,525.3,562.2,577.3,101-200,1.4
3618082,male,548.8,683.8,667.8,26-100,0.3
3618083,male,402.0,417.4,398.0,101-200,-0.1
3618084,male,458.9,489.8,509.4,101-200,-1.2
3618087,female,618.3,620.5,683.5,201-500,1.0
3618090,female,409.7,340.8,364.0,201-500,0.5
3618091,female,522.8,549.5,483.1,101-200,0.9
3618092,female,430.5,483.4,453.8,201-500,-1.3
3618093,male,470.3,459.2,477.6,201-500,-0.3
3618094,female,697.7,695.0,701.4,101-200,0.9
3618098,female,285.1,305.5,383.0,11-25,-1.3
3618101,female,488.5,548.7,566.3,201-500,0.2
3618103,male,448.9,512.1,476.8,101-200,-0.5
3618105,male,629.3,681.8,651.6,201-500,1.2
3618106,female,425.1,496.4,466.8,101-200,-0.8
3618107,male,347.9,307.7,355.0,26-100,-0.0
3618108,female,631.4,553.9,566.4,26-100,1.1
3618109,male,455.7,560.8,452.6,201-500,1.5
3618110,male,482.5,439.5,516.6,more than 500,1.5
3618111,male,453.7,491.3,485.6,101-200,1.1
3618113,female,483.3,577.4,564.9,101-200,1.3
3618114,female,465.2,395.1,486.1,101-200,-0.6
3618116,male,562.2,579.1,524.6,more than 500,1.2
3618119,female,621.4,692.3,698.3,201-500,1.6
3618120,female,402.3,388.9,433.9,101-200,-0.9
3618121,female,590.6,651.1,620.1,201-500,-0.2
3618122,female,548.9,610.7,568.0,201-500,1.2
3618123,male,402.1,467.8,424.5,0-10,-0.7
3618124,male,588.1,673.4,668.2,101-200,-0.8
3618125,female,477.0,512.8,468.4,101-200,0.8
3618128,male,550.9,557.9,533.0,201-500,0.2
3618129,male,506.9,608.0,623.3,201-500,0.8
3618131,male,288.9,116.0,298.3,101-200,1.0
3618133,female,379.6,457.2,427.2,11-25,0.6
3618134,male,342.8,303.4,490.9,26-100,0.0
3618135,male,330.2,375.3,407.4,11-25,-0.5
3618136,female,403.9,503.0,312.3,26-100,-0.1
3618137,female,487.3,395.5,512.5,101-200,0.8
3618138,female,449.2,458.6,476.6,201-500,-0.2
3618140,male,330.9,413.3,268.1,101-200,-0.4
3618141,male,492.7,474.8,442.4,26-100,0.6
3618144,female,526.8,461.3,487.5,201-500,0.7
3618145,female,354.6,390.8,398.6,26-100,-0.3
3618147,female,450.0,467.8,422.0,more than 500,0.8
3618148,female,533.7,523.7,599.2,201-500,0.7
3618149,male,396.3,324.0,481.0,26-100,-0.7
3618150,male,624.4,565.3,632.2,26-100,0.1
3618151,female,579.9,661.2,598.5,26-100,0.2
3618154,male,566.8,522.0,618.7,26-100,-0.1
3618156,female,517.1,600.6,544.0,more than 500,-0.2
3618157,male,503.9,562.0,535.5,0-10,0.7
3618158,male,527.1,592.4,484.4,201-500,1.0
3618159,female,558.3,367.4,532.4,101-200,1.0
3618160,male,255.5,290.7,392.6,11-25,-0.7
3618162,male,690.0,736.6,681.8,201-500,1.2
3618164,male,649.5,579.9,593.4,more than 500,1.9
3618165,male,511.1,513.8,583.1,101-200,0.8
3618169,male,489.5,433.3,564.3,11-25,-0.7
3618170,female,477.8,507.5,495.9,more than 500,1.1
3618171,female,499.0,533.2,573.0,more than 500,1.3
3618172,female,402.5,350.9,422.1,101-200,0.2
3618173,male,423.5,526.9,431.4,101-200,1.1
3618174,female,576.5,529.6,544.4,101-200,-1.1
3618175,male,755.1,763.0,740.0,201-500,1.2
3618176,female,459.3,556.0,519.7,201-500,0.8
3618178,male,645.8,621.7,676.0,more than 500,0.1
3618179,male,388.6,330.8,519.7,26-100,-1.0
3618180,female,471.6,568.7,547.6,more than 500,1.3
3618184,male,519.7,464.0,479.4,201-500,-0.0
3618186,male,553.5,558.6,596.6,26-100,0.5
3618187,male,506.0,444.2,547.2,201-500,0.4
3618188,male,516.3,479.8,575.3,101-200,1.0
3618189,male,451.3,453.3,497.5,101-200,1.1
3618190,female,519.1,560.6,556.6,101-200,1.4
3618191,male,716.8,709.7,707.1,more than 500,1.6
3618192,male,420.9,490.0,438.5,0-10,-0.6
3618194,male,302.4,247.3,349.9,more than 500,0.7
3618197,male,387.3,383.3,336.9,11-25,1.4
3618198,male,580.5,444.3,562.3,101-200,0.7
3618199,male,765.7,698.8,706.6,201-500,1.2
3618200,female,326.1,301.3,365.0,11-25,0.8
3618203,male,438.6,445.3,415.8,101-200,0.3
3618204,female,517.6,558.0,563.8,101-200,-0.5
3618206,male,681.6,688.6,685.3,201-500,0.6
3618207,female,435.0,415.5,439.7,more than 500,1.0
3618210,female,417.6,532.5,393.6,201-500,-0.4
3618212,male,479.9,462.1,515.3,101-200,-1.2
3618214,male,333.5,395.1,344.3,26-100,0.5
3618216,male,532.5,523.1,529.8,0-10,-2.2
3618217,female,584.7,598.5,646.3,more than 500,1.0
3618218,male,484.2,493.1,547.2,more than 500,0.9
3618219,male,515.0,672.5,561.5,101-200,-0.4
3618220,male,345.7,342.9,423.5,11-25,0.5
3618221,female,537.3,384.6,470.7,101-200,0.2
3618222,male,311.5,335.5,372.8,more than 500,1.0
3618223,male,460.2,384.6,397.7,0-10,0.3
3618224,female,568.6,550.0,528.3,26-100,-0.4
3618226,male,388.8,389.2,438.7,0-10,-1.1
3618229,female,314.8,310.9,274.0,11-25,-0.2
3618230,female,330.2,435.8,332.7,26-100,-0.5
3618234,male,490.2,517.1,498.6,more than 500,0.5
3618237,female,419.6,282.3,441.3,101-200,1.2
3618238,female,446.0,573.4,554.5,101-200,0.9
3618240,male,495.1,595.7,527.9,more than 500,0.7
3618241,male,362.7,400.9,428.7,26-100,-1.2
3618243,male,534.6,508.2,543.7,101-200,-0.3
3618244,male,348.3,399.4,421.0,more than 500,-0.5
3618245,male,465.4,483.0,456.4,26-100,0.6
3618246,male,416.4,419.1,488.9,11-25,-0.3
3618251,male,679.0,675.9,664.0,more than 500,1.3
3618253,male,672.0,703.1,694.2,101-200,-0.0
3618255,female,271.3,350.2,399.2,26-100,0.4
3618256,male,474.4,534.6,623.6,26-100,-1.2
3618261,female,301.9,296.0,290.5,11-25,-2.5
3618262,female,513.5,536.8,519.7,26-100,0.8
3618263,female,529.0,567.9,547.2,101-200,1.3
3618266,female,677.1,672.3,670.8,101-200,1.4
3618267,female,489.9,424.1,405.2,more than 500,0.6
3618269,female,546.6,540.4,603.0,201-500,1.2
3618270,female,626.7,546.9,612.1,more than 500,1.0
3618271,female,430.4,477.4,402.9,201-500,-0.1
3618272,male,431.2,451.8,439.4,101-200,-0.7
3618277,male,415.0,399.2,421.4,11-25,0.1
3618278,male,400.1,454.4,321.2,11-25,-0.6
3618279,female,372.8,375.8,406.1,26-100,-1.0
3618280,female,416.6,509.2,496.7,0-10,-0.8
3618282,female,568.5,523.1,568.3,26-100,-0.9
3618283,male,515.5,630.5,612.4,201-500,0.4
3618284,female,310.7,395.3,311.9,26-100,-0.1
3618286,female,475.5,417.1,576.5,101-200,1.4
3618287,male,277.8,318.3,320.3,0-10,-3.3
3618289,female,533.8,605.3,543.5,more than 500,1.2
3618291,female,517.8,606.4,568.9,201-500,0.8
3618293,male,694.4,687.6,660.8,more than 500,1.3
3618294,male,402.3,439.1,460.1,26-100,0.1
3618295,female,529.0,494.1,488.3,101-200,1.5
3618296,male,401.8,360.1,413.9,26-100,1.4
3618298,male,725.8,675.3,698.8,201-500,0.3
3618299,female,556.8,585.7,505.9,more than 500,1.3
3618302,female,360.5,487.8,494.3,0-10,-0.9
3618304,female,372.0,444.8,378.3,101-200,-0.7
3618306,female,478.4,517.5,523.0,26-100,-0.2
3618307,female,556.1,556.9,571.8,more than 500,1.3
3618311,female,658.2,627.6,644.7,201-500,0.5
3618312,male,534.6,576.6,603.4,11-25,-0.4
3618313,male,526.9,523.3,522.3,201-500,1.3
3618314,female,373.6,466.5,389.3,101-200,-0.3
3618316,male,337.2,272.7,327.1,0-10,-1.7
3618319,female,466.6,500.1,540.8,101-200,1.1
3618320,male,478.3,545.9,494.8,more than 500,1.6
3618323,male,609.4,547.2,645.9,more than 500,1.2
3618326,female,332.2,437.5,416.4,101-200,1.0
3618327,female,484.3,533.3,598.7,201-500,0.9
3618328,male,501.6,600.1,525.9,26-100,-2.0
3618330,female,444.2,481.3,522.3,101-200,-0.9
3618331,male,606.1,607.1,649.1,0-10,1.3
3618332,female,429.8,530.2,479.0,101-200,0.6
3618333,female,400.9,476.0,336.3,26-100,-0.0
3618334,female,436.6,491.2,481.2,201-500,1.3
3618335,male,647.3,631.2,607.0,more than 500,1.0
3618336,male,599.6,545.5,719.1,more than 500,1.4
3618337,female,555.1,491.5,536.0,26-100,0.1
3618338,male,300.0,405.5,357.3,26-100,-0.8
3618339,female,325.7,358.6,336.8,101-200,-1.2
3618342,female,394.2,411.1,350.3,11-25,-3.2
3618343,female,395.5,473.8,457.7,201-500,0.0
3618345,male,603.5,583.6,663.2,more than 500,0.8
3618347,male,458.3,444.6,475.4,101-200,0.9
3618349,male,437.7,468.4,468.4,101-200,0.8
3618353,male,478.5,505.1,545.3,201-500,-0.5
3618354,male,386.9,361.4,472.9,101-200,1.6
3618355,female,389.7,391.0,481.2,101-200,0.8
3618357,female,368.0,522.6,532.1,201-500,0.5
3618361,male,658.1,590.9,616.3,101-200,1.1
3618364,male,508.3,507.7,526.2,26-100,0.6
3618365,male,508.7,464.7,469.0,101-200,0.7
3618368,male,267.6,271.5,332.9,101-200,-0.5
3618370,female,568.7,624.8,646.6,101-200,1.3
3618372,male,490.6,702.7,613.5,11-25,-0.2
3618373,female,408.4,401.7,422.1,101-200,0.8
3618376,male,439.0,388.1,458.0,101-200,-0.3
3618377,male,555.5,550.4,552.1,201-500,0.3
3618378,female,506.5,549.7,586.0,26-100,-0.2
3618380,female,532.0,477.9,556.0,101-200,1.4
3618381,female,345.9,445.9,464.9,101-200,0.9
3618384,female,586.5,662.9,630.1,26-100,0.9
3618385,male,336.7,400.6,368.1,26-100,-0.1
3618388,female,405.3,500.4,466.5,more than 500,0.8
3618390,male,629.7,563.2,626.0,more than 500,0.8
3618393,female,507.1,492.6,501.7,26-100,0.4
3618394,male,334.1,317.6,449.7,26-100,0.1
3618397,male,536.1,494.6,603.6,11-25,0.2
3618398,female,543.2,516.4,541.2,101-200,0.9
3618401,male,541.7,624.2,604.6,201-500,1.0
3618403,female,349.4,391.3,383.7,101-200,1.1
3618404,female,483.8,513.2,469.2,more than 500,1.3
3618407,male,492.3,400.7,456.6,101-200,0.8
3618409,male,533.9,455.4,492.5,101-200,-0.3
3618410,male,391.8,381.3,376.0,201-500,0.7
3618413,male,491.3,478.3,469.5,201-500,0.2
3618414,female,324.0,279.7,400.2,11-25,-0.8
3618417,male,508.1,401.8,526.6,101-200,1.9
3618418,male,411.0,443.7,392.7,26-100,0.8
3618419,female,535.0,525.2,536.6,101-200,0.7
3618420,female,557.3,576.8,516.5,101-200,-1.5
3618421,female,449.9,452.7,502.4,26-100,1.2
3618423,male,436.1,477.0,390.8,101-200,0.1
3618424,male,362.2,353.3,311.2,0-10,-0.8
3618425,male,483.5,419.2,482.6,101-200,-0.2
3618426,female,343.9,309.8,370.5,101-200,0.3
3618427,female,523.3,604.4,538.3,26-100,1.2
3618431,female,500.0,640.6,562.2,201-500,0.7
3618432,male,559.1,535.0,536.1,201-500,1.0
3618439,female,530.4,624.2,520.0,101-200,0.7
3618446,female,500.9,555.3,520.5,201-500,1.0
3618448,male,475.7,513.4,538.2,201-500,0.3
3618449,male,594.2,656.4,598.4,201-500,0.8
3618450,male,302.6,386.5,282.7,101-200,1.1
3618452,male,367.7,382.8,369.0,101-200,0.3
3618453,male,305.1,295.9,282.1,more than 500,0.3
3618454,female,486.1,482.1,521.0,101-200,1.1
3618456,male,446.0,473.3,612.2,26-100,-1.2
3618457,male,409.9,429.2,428.7,201-500,-0.6
3618459,male,362.1,377.7,398.5,201-500,-0.1
3618460,male,362.8,304.1,399.4,11-25,-1.7
3618461,female,460.1,597.9,535.2,201-500,1.0
3618464,male,523.6,527.1,557.3,11-25,-1.5
3618465,male,531.8,570.7,540.1,101-200,-0.7
3618467,male,553.4,598.8,627.3,101-200,1.3
3618469,female,610.9,633.9,611.0,201-500,1.1
3618470,female,523.3,458.7,483.3,101-200,0.4
3618471,female,518.7,482.7,586.6,201-500,1.1
3618474,female,544.1,552.7,546.5,more than 500,-0.1
3618475,male,486.8,586.8,510.2,more than 500,1.4
3618481,female,361.0,369.4,441.6,101-200,-1.2
3618482,male,332.2,360.1,318.7,0-10,-0.8
3618483,male,639.4,690.2,650.5,more than 500,1.3
3618485,male,489.2,543.8,597.5,101-200,-0.3
3618486,male,558.3,598.4,639.2,101-200,-0.6
3618487,male,500.2,571.2,557.3,11-25,-0.6
3618488,male,446.0,497.7,432.9,26-100,-1.0
3618489,male,549.0,474.9,549.0,26-100,1.2
3618493,female,542.7,609.2,627.1,201-500,0.9
3618495,female,513.6,593.5,546.1,201-500,0.3
3618497,male,429.1,495.6,479.9,101-200,0.3
3618498,female,491.7,536.4,414.0,more than 500,0.1
3618499,male,378.9,383.0,432.3,101-200,0.6
3618501,female,356.9,363.0,381.0,more than 500,1.4
3618503,male,558.1,431.4,554.8,26-100,0.7
3618506,female,370.9,526.3,464.1,101-200,0.9
3618507,female,438.6,393.5,433.6,more than 500,1.0
3618508,male,411.0,354.2,523.7,11-25,0.9
3618512,male,337.4,326.5,309.3,0-10,-0.3
3618513,male,525.8,374.5,414.1,101-200,1.1
3618517,male,592.5,565.8,588.2,101-200,1.4
3618519,female,496.0,519.7,490.1,26-100,0.3
3618522,male,459.9,410.9,542.1,26-100,0.4
3618523,female,391.6,385.3,470.8,26-100,0.1
3618525,female,378.1,421.6,434.9,26-100,0.5
3618526,male,557.7,584.8,690.3,more than 500,1.2
3618527,female,372.7,409.7,373.9,201-500,0.7
3618529,male,464.2,498.5,472.9,26-100,1.0
3618530,male,506.8,425.6,443.4,101-200,-0.6
3618531,female,297.7,257.1,392.0,201-500,0.1
3618532,female,386.5,364.7,412.0,11-25,-1.2
3618534,female,401.9,283.1,458.6,11-25,-0.2
3618535,female,568.5,663.1,626.6,more than 500,-1.5
3618536,male,502.6,592.3,560.5,101-200,0.4
3618537,female,444.4,452.0,480.6,201-500,0.2
3618538,male,589.4,512.2,545.1,201-500,1.1
3618539,male,609.0,625.4,569.9,101-200,1.1
3618540,male,298.8,235.0,310.6,more than 500,0.2
3618541,female,423.3,511.1,516.3,more than 500,-0.2
3618542,male,706.7,673.2,705.9,101-200,1.2
3618544,female,423.7,331.5,423.4,26-100,1.0
3618547,male,357.5,265.8,343.2,201-500,1.3
3618548,female,514.9,499.6,454.8,101-200,-1.4
3618551,male,597.7,530.0,599.9,201-500,1.2
3618552,male,529.8,556.2,460.5,201-500,1.1
3618553,male,498.4,555.3,472.4,101-200,0.1
3618554,male,337.1,333.9,332.4,26-100,0.7
3618555,male,427.4,371.8,431.9,26-100,0.5
3618556,male,400.7,424.6,431.1,11-25,-0.1
3618557,female,337.3,350.5,325.8,26-100,-0.9
3618558,male,394.3,397.5,437.7,101-200,-0.1
3618559,male,514.4,399.9,481.8,more than 500,1.7
3618560,male,513.5,575.3,522.0,201-500,1.2
3618561,female,460.9,431.4,487.0,more than 500,1.1
3618564,male,532.8,586.2,581.5,more than 500,1.4
3618566,male,491.2,496.8,449.9,26-100,0.5
3618567,male,507.0,533.4,541.9,11-25,-1.5
3618568,male,315.3,289.1,352.6,201-500,-2.6
3618573,female,595.4,547.3,614.6,101-200,0.8
3618574,female,532.6,578.7,610.9,201-500,1.2
3618575,female,526.3,497.4,551.6,201-500,0.1
3618577,male,446.7,448.2,467.3,201-500,0.9
3618578,female,558.1,640.5,544.4,201-500,0.9
3618579,male,376.3,381.8,411.5,11-25,0.7
3618582,female,539.0,593.4,510.3,201-500,1.4
3618583,female,563.7,642.9,533.8,more than 500,1.2
3618584,male,530.4,525.6,611.1,101-200,-0.2
3618586,female,569.4,609.6,626.8,201-500,0.6
3618587,female,527.5,541.4,621.2,101-200,0.4
3618588,male,504.2,410.0,434.0,101-200,0.8
3618589,female,345.5,387.4,338.1,201-500,-0.0
3618590,male,352.7,364.7,410.0,more than 500,0.7
3618591,female,561.8,607.7,613.3,101-200,1.3
3618593,female,429.2,289.8,326.0,11-25,0.2
3618594,male,574.8,551.0,588.5,101-200,-0.2
3618595,female,481.3,453.8,514.5,101-200,1.0
3618596,female,359.9,433.1,348.8,201-500,0.9
3618597,male,515.4,658.8,582.0,101-200,0.4
3618598,female,537.3,459.6,543.7,201-500,1.0
3618600,male,299.2,278.0,431.5,101-200,0.4
3618604,male,462.0,383.5,408.4,101-200,-0.2
3618605,female,431.5,461.1,415.1,11-25,-1.4
3618606,male,409.4,449.8,450.0,26-100,0.1
3618608,female,408.5,290.8,370.7,201-500,1.1
3618609,male,532.5,518.4,596.2,more than 500,0.1
3618613,female,602.1,523.5,573.8,11-25,-0.6
3618615,female,568.0,611.7,586.1,more than 500,0.9
3618616,male,663.8,695.9,733.1,201-500,1.0
3618617,female,467.9,578.6,492.5,101-200,0.4
3618618,female,643.5,751.1,639.7,101-200,1.3
3618619,male,636.6,608.6,627.3,more than 500,1.2
3618620,male,659.3,717.8,662.6,26-100,0.9
3618623,female,600.7,587.7,653.7,26-100,0.8
3618624,female,625.5,605.3,734.3,101-200,-0.7
3618625,female,518.5,585.4,546.2,more than 500,1.3
3618626,male,452.2,409.4,507.2,11-25,0.2
3618627,female,372.9,454.6,400.4,101-200,-0.0
3618631,female,503.2,531.2,512.1,201-500,1.6
3618633,male,418.7,407.5,473.2,26-100,-1.1
3618634,male,667.1,709.7,745.9,more than 500,1.4
3618635,female,557.9,621.4,610.6,201-500,0.9
3618636,female,404.1,437.0,411.4,101-200,-0.5
3618641,female,456.8,501.9,530.3,101-200,0.2
3618643,female,397.9,487.6,528.8,26-100,0.9
3618645,male,471.1,466.3,475.2,201-500,0.4
3618646,male,500.1,536.2,386.8,201-500,1.0
3618647,female,505.1,537.4,571.8,201-500,0.5
3618648,female,288.4,233.7,189.0,11-25,0.3
3618649,male,552.5,610.8,509.8,11-25,-0.1
3618650,male,351.8,319.4,369.7,201-500,0.5
3618654,male,356.4,440.4,347.7,26-100,0.3
3618656,female,486.5,496.3,503.8,101-200,-0.8
3618660,female,345.8,365.6,392.5,26-100,-0.3
3618661,female,527.0,463.8,538.0,more than 500,0.6
3618662,female,664.6,663.3,700.5,201-500,1.2
3618663,male,522.3,553.6,569.5,101-200,0.9
3618664,female,484.1,434.2,497.9,11-25,0.1
3618665,female,552.9,470.0,612.7,26-100,1.5
3618666,female,631.5,548.9,583.7,101-200,1.3
3618668,male,474.5,423.5,546.3,101-200,0.2
3618670,male,400.5,422.4,417.3,11-25,0.1
3618671,female,748.7,775.2,784.0,101-200,1.1
3618672,female,514.1,499.8,480.2,101-200,1.2
3618676,female,460.3,472.4,469.1,201-500,0.6
3618679,male,371.5,466.1,396.5,201-500,-0.2
3618681,female,489.5,315.3,442.7,101-200,-0.7
3618682,female,547.4,566.6,489.9,101-200,-0.4
3618683,male,591.6,524.6,537.1,more than 500,0.7
3618684,female,482.2,596.3,481.2,more than 500,0.7
3618685,female,325.1,367.8,369.8,101-200,0.1
3618687,male,386.3,365.2,355.7,26-100,-0.2
3618688,male,611.3,619.3,564.7,201-500,1.1
3618691,male,637.5,661.7,598.2,more than 500,1.4
3618692,male,573.4,454.8,651.8,more than 500,1.5
3618694,female,534.8,455.6,586.2,201-500,-0.9
3618697,male,549.6,493.9,541.7,11-25,0.2
3618698,male,526.7,594.6,555.3,101-200,-0.9
3618700,female,444.5,433.4,472.3,26-100,-1.9
3618701,female,533.7,519.4,559.5,201-500,1.0
3618702,female,469.9,539.0,527.4,11-25,-1.6
3618703,female,384.7,351.7,298.4,11-25,-0.3
3618705,male,434.2,565.7,474.1,0-10,-0.0
3618706,female,407.5,421.0,448.4,101-200,0.4
3618708,female,539.3,618.6,496.3,201-500,-0.1
3618709,female,332.4,373.1,380.1,26-100,-0.1
3618711,female,469.6,476.1,507.6,26-100,-0.5
3618712,male,667.1,654.3,693.5,201-500,1.6
3618715,male,451.7,408.2,449.5,201-500,1.1
3618716,male,474.0,514.6,554.6,26-100,0.9
3618717,male,407.9,325.3,337.2,0-10,1.4
3618718,female,394.0,405.8,432.7,0-10,-0.5
3618720,female,603.5,573.6,621.8,101-200,0.3
3618722,male,601.3,668.0,617.0,more than 500,1.1
3618723,male,366.0,375.6,344.9,11-25,0.1
3618724,female,239.4,365.1,330.9,11-25,0.1
3618726,male,443.9,359.6,534.6,11-25,0.7
3618727,male,431.0,342.2,443.9,11-25,-0.0
3618728,male,457.4,542.2,486.0,more than 500,0.8
3618730,male,630.4,683.6,616.4,more than 500,1.6
3618733,male,564.0,560.4,529.7,101-200,0.8
3618734,female,384.7,458.6,398.5,201-500,0.9
3618735,male,546.3,545.9,571.8,201-500,1.0
3618736,female,484.9,569.6,488.0,101-200,-1.4
3618737,male,442.3,388.7,474.9,more than 500,1.2
3618739,female,392.7,513.5,364.7,201-500,1.4
3618741,female,431.6,374.3,422.6,26-100,-1.1
3618745,male,461.2,412.9,538.9,101-200,-0.3
3618746,female,343.7,443.3,357.4,more than 500,1.1
3618747,female,422.0,379.1,396.6,201-500,0.5
3618749,male,468.6,563.6,602.5,101-200,1.3
3618758,male,514.5,547.9,579.7,11-25,0.1
3618759,female,442.4,504.6,492.7,201-500,-0.7
3618760,female,485.6,524.8,478.8,more than 500,1.6
3618762,female,577.6,576.4,648.6,101-200,0.7
3618764,male,542.5,538.9,548.2,201-500,-0.6
3618765,male,639.5,655.5,670.0,26-100,-1.3
3618766,male,451.5,405.4,469.3,101-200,0.4
3618767,male,653.6,637.8,668.2,more than 500,1.4
3618769,male,510.2,484.1,508.7,26-100,0.9
3618770,female,476.0,389.4,521.8,more than 500,0.0
3618773,female,465.8,523.9,533.0,201-500,-0.7
3618774,female,504.9,489.9,477.5,11-25,0.3
3618776,male,383.6,234.7,360.1,101-200,-0.3
3618777,female,354.9,483.8,471.7,26-100,-0.3
3618778,male,379.9,453.6,449.0,26-100,-0.3
3618779,male,401.1,403.1,402.5,201-500,1.2
3618781,female,415.3,480.5,420.2,201-500,0.8
3618783,male,435.5,496.9,394.1,101-200,-0.9
3618786,female,449.9,510.2,441.9,101-200,1.1
3618788,female,666.2,637.2,657.3,more than 500,1.7
3618790,female,560.2,639.1,508.0,101-200,-0.8
3618792,female,364.4,351.4,422.6,11-25,-0.6
3618794,female,433.8,546.5,515.9,more than 500,-2.4
3618795,male,430.6,604.7,541.8,101-200,-0.5
3618796,female,558.5,520.7,546.4,201-500,1.1
3618797,female,521.7,492.7,568.8,201-500,1.7
3618800,male,710.7,706.1,713.0,more than 500,0.8
3618801,male,309.6,231.5,336.4,101-200,0.4
3618802,female,447.5,553.5,425.5,201-500,-0.1
3618804,female,416.3,509.3,394.8,26-100,-0.2
3618805,male,542.4,533.3,589.2,more than 500,0.2
3618810,female,531.7,452.7,571.0,26-100,-0.6
3618812,male,510.0,420.4,580.5,101-200,-1.2
3618813,male,418.6,441.1,445.6,0-10,0.2
3618814,male,678.8,551.4,703.7,201-500,1.3
3618816,male,276.2,430.5,274.2,26-100,-0.3
3618817,female,526.7,433.4,509.9,26-100,-0.1
3618818,male,514.1,516.4,579.4,26-100,-0.8
3618819,female,434.7,548.4,549.1,more than 500,1.0
3618820,female,599.7,572.7,658.9,more than 500,1.4
3618822,male,581.6,544.7,637.2,201-500,1.4
3618824,male,530.2,482.3,531.1,11-25,0.4
3618825,male,523.7,449.9,499.7,201-500,0.0
3618826,male,304.6,398.8,382.7,26-100,-0.5
3618827,male,430.4,361.4,387.1,11-25,-0.2
3618829,male,441.1,456.9,474.4,26-100,-0.5
3618830,female,550.5,488.6,538.8,0-10,-1.9
3618831,female,462.1,461.6,462.0,11-25,-0.9
3618832,female,489.1,351.8,412.6,101-200,1.3
3618833,male,565.5,515.6,531.2,101-200,-0.3
3618834,male,410.6,546.9,450.9,26-100,0.0
3618835,female,436.1,386.8,445.0,101-200,-0.1
3618837,female,407.5,490.9,435.0,26-100,-0.8
3618838,male,621.2,639.9,696.5,11-25,-0.1
3618839,female,556.6,576.6,524.0,more than 500,1.3
3618840,male,590.3,614.5,660.7,more than 500,1.3
3618841,female,444.7,494.5,411.1,101-200,1.0
3618842,male,411.6,561.2,474.0,26-100,-0.6
3618843,male,695.0,639.8,696.8,26-100,0.6
3618844,female,563.0,540.6,571.5,201-500,1.2
3618846,female,581.1,549.5,607.0,201-500,1.4
3618847,female,503.2,588.3,475.6,101-200,-0.1
3618848,female,357.8,413.3,386.6,26-100,-0.4
3618852,female,381.3,322.2,338.8,26-100,1.0
3618853,female,532.9,554.5,549.9,201-500,1.6
3618854,female,481.7,452.6,482.5,0-10,-0.9
3618855,female,441.0,496.2,388.7,201-500,-0.2
3618857,male,401.7,395.8,396.7,more than 500,0.3
3618858,female,423.1,422.3,457.0,101-200,-0.3
3618861,female,581.8,644.7,701.4,201-500,0.7
3618864,male,615.8,586.5,546.3,101-200,1.2
3618867,male,492.5,531.8,453.7,26-100,-0.2
3618868,male,315.6,284.8,329.2,101-200,0.5
3618869,female,515.3,564.3,596.2,101-200,-1.2
3618870,male,350.1,374.0,408.1,201-500,-0.7
3618871,female,501.9,592.4,592.0,26-100,-0.4
3618872,female,412.9,433.1,483.4,11-25,0.0
3618874,female,490.0,525.5,494.1,101-200,-0.0
3618876,male,620.8,618.0,637.9,101-200,-0.3
3618877,male,350.8,290.0,383.9,more than 500,1.4
3618879,male,470.0,446.7,463.8,11-25,0.4
3618880,female,351.0,312.8,324.0,26-100,1.2
3618881,female,587.5,633.6,611.1,201-500,0.5
3618882,male,663.6,563.9,688.3,more than 500,1.5
3618885,male,674.1,664.0,653.7,more than 500,1.2
3618889,female,520.2,469.2,493.6,201-500,1.4
3618891,female,552.9,567.0,534.5,101-200,1.4
3618892,male,469.3,488.9,472.0,201-500,1.1
3618893,female,449.9,450.5,535.6,11-25,-1.0
3618895,female,467.3,445.3,476.4,11-25,0.5
3618896,female,628.1,710.5,641.9,more than 500,1.2
3618897,male,416.9,440.3,484.5,101-200,-0.1
3618898,male,487.0,466.4,485.5,101-200,0.5
3618900,female,505.8,639.1,584.4,201-500,1.4
3618901,male,527.3,524.0,437.6,101-200,0.1
3618902,male,398.7,422.1,323.4,11-25,-0.5
3618903,male,523.2,617.0,563.9,101-200,0.6
3618907,male,364.6,279.8,394.2,101-200,0.1
3618908,male,407.3,477.0,525.4,101-200,0.7
3618910,male,535.8,516.4,488.2,101-200,-0.5
3618915,female,579.4,616.2,582.7,201-500,1.1
3618917,female,558.7,566.2,575.0,101-200,0.5
3618918,female,608.2,561.1,588.4,more than 500,0.8
3618919,male,636.4,628.2,649.7,201-500,1.2
3618920,male,274.7,139.5,246.3,11-25,-0.1
3618921,male,541.6,639.0,572.1,101-200,1.1
3618922,male,573.3,528.3,540.0,26-100,0.7
3618923,female,385.3,387.1,454.1,201-500,0.9
3618924,male,593.1,617.1,671.0,more than 500,0.9
3618927,male,543.5,606.3,539.3,101-200,1.2
3618928,female,371.6,473.5,519.4,101-200,0.3
3618931,female,631.8,705.7,658.3,26-100,0.7
3618933,female,471.9,576.6,505.7,101-200,-1.0
3618938,female,494.2,571.8,543.8,201-500,0.5
3618939,male,656.1,495.6,538.1,101-200,0.4
3618941,male,557.7,541.0,588.4,101-200,1.0
3618942,male,380.7,477.9,433.6,101-200,0.2
3618943,male,371.8,316.0,372.3,26-100,-0.6
3618945,female,351.1,388.7,438.2,101-200,-0.3
3618946,male,493.0,510.4,452.6,101-200,0.8
3618947,female,479.8,577.1,494.2,101-200,-0.3
3618950,female,469.5,589.1,485.0,201-500,0.7
3618951,female,365.4,410.4,440.6,101-200,1.1
3618952,female,506.3,451.2,482.1,101-200,-0.1
3618953,female,550.0,582.9,514.0,201-500,0.7
3618957,male,345.0,404.0,426.4,11-25,-1.6
3618958,female,538.6,510.5,580.5,201-500,1.7
3618962,male,758.1,705.0,728.5,more than 500,0.8
3618963,male,391.4,383.8,437.6,101-200,-0.8
3618969,male,624.6,732.7,614.9,201-500,0.9
3618970,male,529.6,502.4,531.0,201-500,1.3
3618971,female,344.2,362.0,401.6,11-25,-2.0
3618974,female,461.1,605.6,563.6,101-200,0.1
3618976,female,357.8,353.2,361.1,101-200,-1.5
3618977,female,501.7,518.9,416.0,11-25,0.6
3618980,male,503.2,411.7,492.2,11-25,-0.9
3618983,male,531.3,518.7,609.7,more than 500,0.9
3618986,male,415.4,404.8,431.6,201-500,-1.3
3618988,male,504.5,589.7,561.7,201-500,0.1
3618989,female,408.3,516.4,578.9,more than 500,1.4
3618991,female,428.6,463.0,404.8,26-100,-0.3
3618992,female,472.9,548.3,544.5,201-500,1.1
3618997,female,601.8,593.6,619.1,11-25,0.4
3619000,female,626.5,617.9,674.3,201-500,1.2
3619001,female,398.7,333.6,407.1,201-500,0.8
3619002,female,557.1,612.6,549.8,more than 500,0.7
3619003,female,506.0,613.9,620.4,more than 500,0.5
3619004,male,532.0,523.8,485.8,101-200,0.5
3619005,male,353.3,435.2,511.5,26-100,0.3
3619006,male,664.5,586.7,630.0,more than 500,1.3
3619007,male,443.7,448.1,465.8,101-200,1.1
3619008,male,633.8,700.8,686.9,101-200,-0.3
3619009,male,421.4,394.1,501.9,201-500,0.5
3619010,male,485.8,457.7,488.1,101-200,0.0
3619012,male,516.9,589.0,504.5,201-500,0.8
3619013,male,679.7,709.5,524.8,26-100,1.0
3619014,female,473.4,508.3,463.5,11-25,0.8
3619015,female,371.4,400.2,460.8,201-500,-1.0
3619017,male,568.1,566.5,577.8,101-200,0.7
3619018,male,495.3,415.6,397.9,26-100,0.1
3619019,female,488.4,555.3,454.8,101-200,-0.1
3619022,female,540.2,642.8,603.0,201-500,1.3
3619024,female,417.9,454.5,497.4,201-500,1.2
3619025,male,362.6,353.6,422.3,26-100,0.1
3619027,male,497.7,455.3,570.2,101-200,0.1
3619029,female,532.1,612.2,566.1,101-200,0.9
3619031,male,600.2,482.1,588.0,201-500,0.8
3619035,male,468.4,482.7,443.4,more than 500,0.4
3619037,female,479.1,636.4,650.2,201-500,0.5
3619038,male,512.4,589.7,617.0,101-200,-0.4
3619039,female,530.3,623.2,636.9,more than 500,1.3
3619041,male,409.8,486.7,421.7,101-200,0.3
3619042,female,490.5,579.7,454.1,11-25,-0.6
3619043,male,488.7,341.9,466.8,101-200,0.5
3619048,male,566.0,559.8,581.4,201-500,0.5
3619049,female,478.3,501.7,522.9,11-25,-0.6
3619051,female,297.8,364.3,299.0,0-10,0.5
3619052,male,491.9,592.5,570.8,26-100,0.9
3619053,male,541.8,569.3,526.9,more than 500,1.0
3619055,male,645.9,496.4,684.7,101-200,1.3
3619057,male,495.8,512.3,581.6,101-200,1.0
3619058,male,359.6,344.7,423.3,26-100,-1.6
3619059,female,483.4,488.6,509.5,201-500,0.8
3619060,female,414.3,394.5,405.5,101-200,1.2
3619061,male,540.5,575.1,563.0,26-100,0.2
3619062,female,421.4,369.4,516.4,more than 500,0.5
3619065,male,284.7,157.4,301.9,26-100,0.6
3619069,female,463.8,382.9,513.6,more than 500,1.4
3619070,female,525.3,520.0,627.6,26-100,1.1
3619071,male,440.2,331.1,415.3,11-25,-1.4
3619072,female,445.0,496.9,558.9,201-500,0.5
3619073,male,483.0,552.8,467.5,101-200,-0.3
3619075,male,538.1,509.8,559.7,11-25,0.4
3619077,male,616.4,669.2,573.7,26-100,-0.5
3619079,male,475.4,471.2,443.0,101-200,0.9
3619081,female,641.2,704.6,635.9,26-100,0.9
3619084,female,530.8,672.3,506.7,101-200,0.2
3619085,male,346.1,273.6,315.3,0-10,0.5
3619087,female,433.6,367.0,396.1,11-25,-0.7
3619089,male,557.5,566.0,585.5,201-500,0.3
3619090,male,254.7,392.0,325.3,0-10,-0.8
3619093,male,363.8,341.7,430.4,101-200,1.4
3619095,female,574.9,627.0,603.1,101-200,-0.1
3619096,male,560.2,584.3,616.8,101-200,0.7
3619097,female,579.2,617.1,573.3,101-200,0.2
3619098,female,563.7,598.3,561.4,101-200,0.6
3619099,male,510.4,482.6,555.4,201-500,-0.6
3619100,female,602.7,590.8,499.1,101-200,-0.2
3619101,female,649.8,625.4,691.2,more than 500,0.3
3619106,female,442.8,556.9,518.8,101-200,0.6
3619109,female,567.9,614.7,628.2,201-500,1.1
3619111,male,489.1,434.7,412.7,11-25,-0.0
3619113,female,468.0,547.5,448.4,11-25,0.8
3619114,female,598.6,649.8,680.2,101-200,0.9
3619115,male,432.8,408.8,443.4,0-10,-5.8
3619116,male,596.8,437.1,548.6,201-500,0.8
3619117,male,472.0,501.2,476.4,more than 500,-0.7
3619119,male,470.6,436.6,426.2,101-200,-0.1
3619123,female,421.6,473.4,470.6,201-500,1.2
3619124,male,418.6,544.1,455.7,201-500,-0.5
3619125,female,618.2,661.8,616.8,101-200,0.8
3619128,female,422.3,475.5,365.0,26-100,-0.4
3619129,male,523.0,409.8,510.0,11-25,-0.5
3619130,male,539.1,493.9,537.2,101-200,0.8
3619131,male,509.9,564.3,546.7,101-200,-0.8
3619133,male,388.3,353.2,340.6,26-100,0.1
3619134,male,582.5,686.2,671.5,more than 500,0.3
3619136,female,602.2,615.5,606.9,201-500,0.9
3619137,male,404.3,442.3,437.9,101-200,0.1
3619138,female,490.0,625.2,509.6,201-500,1.0
3619139,female,358.1,386.0,324.1,11-25,0.3
3619140,male,392.5,400.2,450.0,101-200,-0.5
3619141,male,508.9,489.5,477.2,101-200,0.8
3619143,male,499.2,288.1,489.7,101-200,1.2
3619144,male,485.9,439.8,459.3,101-200,1.4
3619145,male,385.2,488.0,466.4,201-500,0.4
3619146,female,462.8,517.2,626.2,101-200,0.9
3619149,male,598.9,581.4,690.9,201-500,0.8
3619150,female,427.0,485.8,449.3,201-500,-0.8
3619153,female,419.0,444.5,386.4,201-500,0.5
3619154,female,679.1,825.7,662.1,more than 500,1.1
3619160,male,475.1,465.2,514.5,11-25,0.4
3619162,female,533.4,540.7,585.4,101-200,1.1
3619164,male,509.6,644.7,511.6,101-200,0.3
3619165,male,392.5,391.6,395.3,101-200,-0.1
3619168,male,544.5,570.1,615.8,101-200,1.3
3619169,male,300.9,322.3,273.2,11-25,-0.0
3619170,female,386.4,541.7,439.5,201-500,1.0
3619171,female,358.6,418.7,368.9,11-25,-0.4
3619172,male,489.3,492.5,436.4,201-500,1.0
3619175,male,599.8,650.4,690.3,201-500,-1.4
3619176,female,391.7,453.5,479.5,201-500,0.1
3619177,female,522.7,577.1,496.3,201-500,1.4
3619179,male,331.1,295.0,278.4,26-100,0.3
3619180,male,441.6,477.4,531.9,101-200,0.4
3619183,male,482.1,472.5,533.0,26-100,1.1
3619184,female,557.4,577.6,622.8,more than 500,1.1
3619185,female,423.8,522.9,542.3,26-100,-0.6
3619190,female,473.8,438.7,509.8,26-100,1.2
3619193,female,535.5,638.3,540.8,201-500,-0.1
3619194,male,639.0,704.6,666.7,26-100,0.8
3619195,female,490.5,496.9,528.2,101-200,-0.2
3619199,female,489.4,479.2,457.4,201-500,1.2
3619201,male,454.2,411.8,418.7,more than 500,1.5
3619204,female,424.9,516.5,431.2,101-200,0.4
3619205,female,499.0,534.6,550.4,11-25,-1.1
3619206,male,517.4,534.9,551.5,101-200,-0.0
3619207,female,515.9,574.2,575.0,101-200,-0.7
3619210,male,478.0,533.5,439.3,11-25,-0.2
3619211,female,610.2,653.0,602.2,more than 500,1.1
3619212,female,476.0,472.3,526.0,101-200,1.0
3619214,male,372.0,284.2,354.5,26-100,0.4
3619217,male,490.2,438.4,438.6,26-100,-0.1
3619219,female,622.7,701.4,663.7,more than 500,0.9
3619221,female,429.8,472.3,375.6,101-200,-0.3
3619222,female,504.7,534.3,501.3,101-200,0.3
3619223,female,437.8,467.7,471.8,26-100,1.0
3619227,female,348.0,498.5,317.0,101-200,-1.0
3619228,female,500.7,641.3,575.6,more than 500,-0.6
3619232,female,429.1,422.7,441.8,26-100,0.9
3619233,female,455.7,560.0,497.6,26-100,-0.7
3619234,female,564.2,569.4,619.3,201-500,0.0
3619236,male,555.9,646.5,605.5,more than 500,0.8
3619237,female,452.3,502.7,486.7,201-500,0.2
3619240,male,645.1,654.0,628.5,more than 500,1.4
3619241,male,550.6,508.7,687.5,26-100,0.5
3619242,female,453.7,532.1,506.2,26-100,-0.3
3619243,female,332.1,359.8,361.2,11-25,-1.7
3619246,male,453.6,458.0,577.9,101-200,-1.5
3619247,male,511.8,561.2,553.2,26-100,1.2
3619249,female,535.2,557.9,565.3,26-100,-0.1
3619250,male,655.8,576.4,607.0,101-200,1.1
3619251,male,614.6,640.2,651.9,101-200,-0.0
3619252,male,552.9,391.9,453.0,201-500,0.9
3619253,male,584.2,616.3,699.3,more than 500,0.1
3619255,male,518.3,480.5,578.6,101-200,1.1
3619257,female,437.2,488.4,457.5,26-100,0.4
3619259,female,346.6,424.5,472.6,101-200,0.7
3619260,female,410.3,459.2,453.7,101-200,-0.7
3619263,male,599.5,575.3,572.2,101-200,0.6
3619264,female,501.2,496.6,479.0,26-100,-0.5
3619265,female,423.7,412.5,505.7,101-200,-0.8
3619266,female,468.4,499.0,494.0,101-200,1.1
3619268,male,372.8,377.5,381.0,201-500,0.7
3619269,female,478.0,487.3,501.8,26-100,-0.7
3619271,female,647.2,659.2,714.5,101-200,0.9
3619272,male,640.1,571.1,641.8,201-500,0.6
3619273,female,305.1,356.8,339.3,11-25,-0.5
3619275,male,349.3,268.9,304.8,11-25,-0.3
3619277,female,265.2,391.5,257.2,0-10,-1.5
3619278,male,375.3,407.0,394.6,101-200,0.0
3619279,male,613.1,588.1,633.9,201-500,-0.0
3619280,female,795.1,738.6,798.3,101-200,-0.3
3619281,male,481.4,413.4,451.0,more than 500,0.5
3619283,male,431.8,368.2,436.7,101-200,1.2
3619284,female,576.3,463.1,619.3,201-500,-0.2
3619285,male,302.4,340.5,364.7,201-500,0.8
3619286,female,339.8,387.7,302.4,more than 500,-1.1
3619287,female,477.8,582.4,525.5,201-500,1.0
3619288,female,339.7,429.2,353.9,11-25,-1.5
3619289,male,479.4,487.3,504.8,101-200,1.1
3619290,male,475.5,383.7,469.9,11-25,-0.7
3619292,female,351.6,326.2,270.8,26-100,0.9
3619294,female,508.9,482.2,578.2,more than 500,0.9
3619299,female,482.9,537.3,530.5,26-100,0.8
3619300,female,666.0,736.0,615.5,26-100,0.3
3619301,male,351.2,353.0,272.8,26-100,-1.3
3619302,female,508.7,440.3,523.9,11-25,0.6
3619306,female,421.1,355.4,358.4,101-200,0.0
3619308,male,524.7,580.9,582.8,101-200,1.2
3619310,female,523.8,614.3,562.8,201-500,1.0
3619315,female,464.6,524.1,502.8,11-25,0.6
3619316,female,402.9,412.2,333.2,201-500,0.5
3619318,male,409.6,271.1,227.9,0-10,-0.4
3619320,male,509.0,487.8,581.6,201-500,1.2
3619321,male,534.7,602.4,659.6,11-25,0.6
3619322,male,537.5,707.3,538.9,11-25,-0.7
3619323,male,580.4,466.5,594.0,201-500,1.0
3619325,female,535.0,591.7,577.6,more than 500,0.8
3619327,female,509.1,443.9,540.5,26-100,0.3
3619329,female,417.1,507.4,380.7,26-100,0.8
3619330,female,340.5,357.9,394.0,26-100,0.3
3619331,male,587.3,598.5,562.9,201-500,-0.1
3619332,female,458.8,449.3,474.9,101-200,-1.2
3619333,female,382.5,341.5,329.6,0-10,-0.9
3619335,female,523.1,512.6,480.8,101-200,0.7
3619336,male,604.4,554.6,645.6,201-500,0.9
3619337,female,370.6,459.4,355.6,more than 500,-1.3
3619343,male,609.3,583.7,523.5,11-25,-0.0
3619345,male,414.0,477.6,478.0,101-200,0.6
3619347,female,323.6,311.2,327.2,101-200,1.3
3619348,female,460.4,482.3,516.8,201-500,1.2
3619350,male,581.1,588.7,554.1,101-200,0.6
3619351,male,412.0,517.9,397.7,101-200,-0.2
3619352,male,520.9,448.6,585.4,201-500,0.1
3619354,female,451.3,478.5,525.8,201-500,1.4
3619355,male,612.8,604.3,629.6,more than 500,1.4
3619356,male,419.1,465.0,423.7,101-200,0.2
3619357,female,575.1,514.6,551.1,201-500,0.8
3619358,male,467.5,498.8,424.6,201-500,0.5
3619364,male,337.6,384.7,519.9,26-100,-0.8
3619365,male,586.4,550.2,594.6,11-25,-1.2
3619366,male,576.8,515.5,525.3,more than 500,1.1
3619367,female,351.1,382.7,393.3,26-100,0.2
3619368,male,582.8,495.5,563.6,101-200,-0.8
3619369,male,434.1,480.0,408.8,101-200,1.1
3619370,male,602.3,637.3,580.8,201-500,1.1
3619372,male,570.0,549.9,656.3,201-500,0.8
3619373,female,447.0,429.6,497.0,101-200,-0.2
3619376,male,339.0,414.4,353.8,26-100,-0.7
3619379,female,466.4,567.7,490.7,101-200,1.0
3619380,female,464.6,522.3,437.7,201-500,0.8
3619381,female,541.5,666.9,589.5,more than 500,1.2
3619382,female,447.4,484.3,430.2,201-500,1.0
3619384,female,344.8,212.7,230.6,11-25,-1.7
3619385,female,437.0,469.7,467.4,101-200,-0.2
3619386,male,327.8,308.9,327.6,101-200,1.4
3619387,female,473.6,468.1,431.9,201-500,-0.8
3619388,female,473.3,496.4,529.1,26-100,0.8
3619390,female,519.5,525.8,562.6,0-10,0.2
3619391,male,442.8,395.7,405.8,0-10,-0.1
3619392,female,493.6,560.8,542.6,11-25,-1.2
3619395,female,477.9,523.8,564.5,more than 500,1.6
3619396,female,428.6,407.3,406.0,101-200,0.9
3619397,male,501.9,565.8,502.8,26-100,-0.7
3619398,male,231.7,315.1,353.6,201-500,-0.2
3619399,female,453.8,431.0,446.9,more than 500,1.1
3619401,female,671.3,592.3,597.4,more than 500,1.1
3619402,male,405.5,480.5,432.6,201-500,0.8
3619404,female,536.3,522.7,549.5,26-100,1.2
3619405,female,425.0,506.7,528.7,101-200,0.7
3619407,female,440.4,465.6,414.8,201-500,1.1
3619411,male,502.9,455.0,553.9,201-500,0.9
3619412,male,387.0,438.6,360.7,11-25,0.7
3619413,male,526.4,575.5,555.4,101-200,-0.1
3619414,female,534.1,519.5,616.8,201-500,1.9
3619416,female,361.2,435.2,430.2,26-100,-1.6
3619417,female,485.5,582.3,512.3,201-500,0.5
3619418,female,574.6,705.1,664.1,201-500,0.6
3619419,male,698.0,624.7,642.9,more than 500,1.5
3619420,female,454.7,587.0,486.9,201-500,0.9
3619423,male,598.3,669.4,595.9,26-100,0.9
3619425,male,434.9,465.4,452.8,26-100,0.8
3619427,female,480.4,392.2,438.2,101-200,0.8
3619428,male,431.5,477.5,530.6,11-25,0.4
3619430,male,497.8,464.6,543.7,101-200,1.1
3619432,male,432.6,396.0,429.0,26-100,0.0
3619435,female,583.9,537.0,462.3,101-200,-0.9
3619437,female,516.4,485.5,533.3,101-200,0.8
3619438,male,483.9,527.9,560.8,26-100,0.5
3619442,female,479.4,404.8,580.4,201-500,-0.4
3619445,female,648.8,799.8,610.6,more than 500,1.4
3619449,female,529.0,549.9,591.4,101-200,-0.1
3619450,female,376.8,501.0,452.0,26-100,-0.1
3619453,female,576.2,566.9,613.3,more than 500,1.5
3619455,female,438.2,400.3,422.4,26-100,-2.2
3619457,female,310.9,365.6,311.0,26-100,0.8
3619458,female,516.3,632.1,548.3,101-200,1.3
3619462,male,618.8,554.3,593.9,101-200,0.6
3619463,male,543.4,567.5,585.6,more than 500,1.0
3619465,male,438.2,420.3,476.8,101-200,0.8
3619467,male,415.0,258.2,296.5,101-200,-0.8
3619468,female,511.6,505.5,556.6,11-25,0.7
3619469,male,432.1,423.4,398.3,26-100,-0.2
3619471,male,502.4,464.1,546.7,11-25,0.5
3619473,male,465.9,411.8,499.3,101-200,-0.5
3619476,male,577.8,592.4,565.6,26-100,-0.4
3619477,male,418.4,373.8,384.5,26-100,-0.0
3619479,male,622.3,629.6,661.3,101-200,0.7
3619480,female,525.7,487.5,579.3,11-25,-1.7
3619481,female,479.0,519.0,553.2,101-200,-0.6
3619484,male,572.4,523.6,619.9,101-200,0.5
3619485,male,473.2,512.1,564.5,11-25,-1.2
3619488,male,487.0,432.2,398.0,101-200,-1.0
3619489,male,504.7,554.0,533.3,101-200,-0.6
3619491,female,403.1,468.8,488.1,201-500,1.0
3619492,male,399.8,439.7,484.1,101-200,1.0
3619493,male,568.1,552.7,601.5,201-500,1.2
3619496,male,494.7,515.9,391.3,201-500,1.0
3619497,female,549.7,651.2,570.3,101-200,-0.0
3619499,male,474.6,588.6,575.7,201-500,0.8
3619500,male,511.9,377.1,456.7,26-100,0.4
3619503,male,486.0,480.0,493.4,26-100,-1.0
3619504,male,542.3,581.3,599.2,more than 500,0.3
3619505,male,356.1,370.6,329.8,26-100,0.5
3619507,female,559.5,536.0,606.9,101-200,-0.2
3619508,female,514.9,592.7,545.0,more than 500,1.4
3619511,female,434.3,503.4,504.0,more than 500,1.5
3619512,male,457.1,441.2,479.2,101-200,1.0
3619514,female,414.8,464.4,409.8,201-500,1.0
3619515,female,495.6,496.0,525.9,101-200,0.3
3619516,female,528.2,489.6,584.6,101-200,0.6
3619518,female,546.7,558.6,575.4,201-500,0.9
3619519,male,311.0,285.3,355.5,26-100,-2.1
3619520,male,677.4,661.6,749.8,101-200,1.3
3619521,female,387.9,452.2,430.6,11-25,-1.1
3619526,male,499.5,525.3,615.8,101-200,0.2
3619532,female,561.9,637.0,577.0,101-200,0.4
3619534,female,406.8,454.2,377.7,101-200,0.8
3619536,male,502.3,475.5,470.9,11-25,-0.4
3619537,female,592.3,566.6,587.5,more than 500,1.4
3619538,male,484.0,398.8,448.4,26-100,-1.6
3619539,male,413.0,368.0,393.8,26-100,0.3
3619544,female,343.9,418.1,398.6,11-25,0.1
3619547,male,420.6,427.7,473.3,101-200,0.2
3619549,male,378.3,349.8,388.3,101-200,1.3
3619551,female,332.9,416.8,428.1,11-25,0.7
3619552,male,370.6,361.4,272.7,0-10,-2.4
3619554,female,531.2,591.2,609.6,11-25,0.4
3619555,female,460.4,493.8,465.4,11-25,-0.7
3619558,male,379.8,315.9,455.2,101-200,-0.3
3619559,male,561.6,592.7,592.9,101-200,-0.1
3619560,female,408.3,409.8,367.5,26-100,-0.3
3619561,male,567.9,647.7,589.2,201-500,-1.5
3619562,female,369.7,420.0,416.9,26-100,-1.0
3619563,female,376.2,321.1,417.6,26-100,-1.5
3619565,female,380.7,293.0,421.3,11-25,-1.4
3619566,male,518.4,542.6,624.2,201-500,0.6
3619567,female,315.2,420.4,367.4,26-100,-0.0
3619568,male,526.0,507.2,555.3,101-200,0.7
3619571,male,566.1,646.6,577.6,more than 500,-0.4
3619574,female,470.5,485.7,451.7,101-200,0.2
3619578,female,585.9,492.5,507.5,201-500,0.8
3619579,male,581.4,516.0,587.2,101-200,1.0
3619580,male,436.0,511.3,472.7,26-100,0.3
3619581,female,542.1,541.2,575.3,201-500,0.9
3619583,female,593.1,641.8,635.2,201-500,1.2
3619585,female,345.8,303.4,345.6,101-200,-0.5
3619587,female,439.2,496.4,500.7,26-100,-0.1
3619589,male,385.0,273.4,335.4,0-10,0.3
3619590,male,294.1,353.2,295.7,0-10,-1.1
3619591,female,444.1,471.1,355.9,201-500,0.5
3619592,female,563.0,636.0,578.6,more than 500,-0.3
3619593,male,307.4,244.2,262.5,0-10,-0.1
3619594,female,631.4,752.5,643.4,more than 500,1.0
3619596,male,541.9,536.9,613.9,201-500,1.2
3619598,male,479.2,377.8,385.3,101-200,0.9
3619599,male,351.0,357.7,356.9,26-100,0.2
3619601,male,668.7,648.1,691.1,101-200,1.8
3619602,female,507.7,538.4,629.0,101-200,1.1
3619603,male,392.6,503.9,453.3,26-100,-1.0
3619604,female,307.0,187.0,242.3,11-25,-1.3
3619606,male,388.3,486.5,442.5,0-10,-0.5
3619608,female,521.2,537.4,589.8,11-25,-0.8
3619609,female,405.0,497.3,384.7,201-500,0.4
3619611,female,416.8,399.3,536.9,101-200,1.3
3619613,male,661.9,738.2,760.4,201-500,1.0
3619617,female,418.8,348.9,375.3,26-100,0.3
3619618,male,391.6,427.2,440.0,26-100,-0.1
3619619,female,452.6,350.2,506.0,201-500,0.4
3619620,female,411.4,421.3,451.0,11-25,0.0
3619621,female,424.5,452.7,432.6,201-500,-0.6
3619624,female,511.2,496.5,507.5,101-200,0.7
3619627,male,211.2,172.6,276.0,11-25,0.8
3619629,female,567.6,549.7,577.0,201-500,1.0
3619630,male,293.1,365.8,420.3,0-10,0.3
3619631,female,332.8,341.3,214.3,201-500,-0.2
3619632,female,563.7,522.5,648.7,26-100,0.9
3619635,male,464.1,496.6,514.1,201-500,0.1
3619636,female,431.1,442.9,503.6,26-100,-0.3
3619637,female,437.4,430.7,468.4,201-500,-0.7
3619638,male,590.0,595.9,612.1,101-200,-0.8
3619639,male,405.8,466.0,454.4,101-200,0.2
3619644,female,685.5,616.0,576.9,more than 500,1.5
3619645,female,365.8,482.4,432.8,11-25,-1.0
3619648,male,480.4,550.6,560.3,201-500,0.9
3619649,male,502.2,446.9,507.3,26-100,0.0
3619650,female,374.3,503.9,413.4,more than 500,-0.2
3619651,male,280.9,194.1,300.7,201-500,0.4
3619652,female,531.7,502.8,557.5,201-500,1.3
3619654,female,301.7,297.9,401.6,26-100,-0.2
3619656,male,611.7,574.7,659.6,201-500,1.3
3619659,male,327.5,279.6,405.3,101-200,-0.4
3619660,female,350.9,318.9,372.8,26-100,-1.2
3619663,female,419.0,437.1,466.6,201-500,1.2
3619664,female,515.0,464.4,554.5,101-200,0.7
3619665,male,587.5,662.4,547.3,101-200,1.5
3619666,male,486.3,470.5,513.6,101-200,1.4
3619668,male,413.5,509.5,486.6,101-200,0.9
3619669,female,550.3,478.8,548.4,101-200,0.8
3619671,female,483.3,614.7,487.6,more than 500,-0.7
3619673,male,395.7,351.8,376.2,101-200,0.3
3619674,female,597.3,627.8,686.3,101-200,0.8
3619677,female,325.7,501.8,360.1,201-500,-0.5
3619678,female,524.9,578.3,624.8,201-500,1.6
3619680,female,546.5,576.5,619.0,201-500,-0.6
3619681,female,346.5,343.8,343.9,more than 500,1.1
3619682,male,574.6,616.5,615.6,201-500,1.2
3619683,female,516.8,571.3,576.0,101-200,0.9
3619684,female,617.3,653.4,696.2,more than 500,1.3
3619687,male,375.2,394.1,346.4,101-200,0.7
3619688,male,456.0,487.2,598.2,201-500,1.0
3619690,male,464.7,502.4,585.7,101-200,0.6
3619691,female,527.9,552.8,641.0,101-200,-0.5
3619692,male,487.2,554.5,577.2,11-25,-0.7
3619696,male,522.4,650.8,590.9,201-500,1.5
3619698,female,536.0,592.8,485.9,101-200,0.9
3619700,male,588.7,619.6,559.6,101-200,0.6
3619701,female,425.7,456.3,450.1,101-200,-0.3
3619702,male,497.6,421.5,447.8,11-25,-1.8
3619703,male,390.3,394.8,456.2,11-25,0.2
3619704,male,403.9,544.3,502.8,26-100,-1.8
3619705,male,478.4,490.9,485.2,11-25,-1.0
3619706,male,453.1,391.3,463.5,26-100,-0.3
3619707,male,525.4,451.5,476.1,26-100,1.3
3619708,female,728.2,660.6,687.8,101-200,1.5
3619715,male,446.2,360.6,374.1,26-100,0.6
3619717,male,447.4,401.4,388.6,11-25,0.1
3619719,male,353.6,312.1,327.1,11-25,0.5
3619721,male,428.5,512.2,415.7,101-200,-0.2
3619723,male,580.6,574.0,630.1,201-500,1.5
3619724,female,468.9,484.6,495.3,101-200,-0.4
3619725,female,589.7,601.6,504.3,201-500,1.1
3619728,male,640.8,624.0,681.5,201-500,1.3
3619730,male,606.5,611.4,670.4,201-500,0.7
3619731,male,328.4,220.7,319.1,0-10,-0.2
3619733,male,662.8,627.7,633.9,201-500,1.3
3619735,male,529.0,527.0,499.5,101-200,-0.9
3619737,female,574.8,632.4,607.2,101-200,1.0
3619738,male,262.9,345.1,372.9,11-25,0.8
3619739,male,666.5,602.1,688.9,201-500,1.2
3619741,female,462.2,447.5,479.8,101-200,-0.1
3619743,male,332.1,341.8,361.1,26-100,-1.4
3619744,female,334.6,427.5,338.7,11-25,-1.3
3619746,male,448.5,429.9,521.9,26-100,-0.4
3619748,male,601.7,548.8,603.2,201-500,0.8
3619750,female,512.7,463.3,625.1,26-100,0.0
3619751,female,428.9,480.2,368.5,more than 500,0.6
3619753,female,312.7,426.7,315.8,26-100,0.1
3619754,female,402.5,391.2,422.2,101-200,-0.4
3619755,male,399.9,375.1,547.9,0-10,-1.3
3619756,female,584.9,624.4,556.8,11-25,-0.5
3619757,male,509.7,547.5,541.6,0-10,-0.5
3619758,female,351.6,315.1,319.6,201-500,0.2
3619760,female,458.0,524.0,503.2,26-100,-0.6
3619763,female,411.0,532.6,449.8,more than 500,-1.8
3619764,female,378.8,459.7,410.0,101-200,-1.1
3619765,female,500.1,536.2,533.2,101-200,-0.4
3619766,male,468.0,422.0,562.9,201-500,0.9
3619769,female,485.6,527.3,430.4,more than 500,0.1
3619770,female,466.7,412.8,362.4,more than 500,0.9
3619773,female,550.4,607.4,631.2,201-500,1.1
3619776,male,352.6,383.0,332.8,101-200,-0.7
3619777,female,599.1,661.2,646.8,201-500,1.5
3619778,male,642.7,713.9,635.5,101-200,-0.0
3619779,male,505.2,535.2,554.8,101-200,0.8
3619781,male,614.2,647.2,640.4,more than 500,1.3
3619782,female,430.4,439.4,479.4,101-200,-0.4
3619784,male,428.7,542.5,448.0,26-100,0.7
3619785,male,458.9,478.3,535.5,101-200,1.0
3619788,male,300.5,287.8,337.0,0-10,0.3
3619789,male,402.1,436.0,445.9,101-200,-1.2
3619790,female,331.4,314.9,384.2,201-500,-0.4
3619792,female,561.6,571.2,555.2,101-200,0.5
3619793,male,704.4,636.8,578.6,201-500,1.2
3619794,male,466.5,432.5,463.8,more than 500,0.1
3619795,female,505.9,594.7,575.9,101-200,0.7
3619796,male,499.4,526.0,555.8,101-200,0.4
3619797,male,436.7,295.7,535.7,201-500,-0.7
3619798,female,546.8,673.9,544.9,more than 500,0.3
3619799,female,544.3,604.4,613.3,201-500,0.8
3619802,female,401.1,464.3,336.0,26-100,0.6
3619803,male,475.9,472.5,545.5,more than 500,1.3
3619804,female,490.9,474.9,559.4,101-200,1.0
3619805,male,467.9,520.4,551.9,201-500,1.3
3619806,female,472.2,473.3,494.6,0-10,1.4
3619807,female,503.2,541.7,495.1,101-200,1.0
3619808,male,459.7,544.5,522.2,201-500,0.7
3619809,female,350.6,434.9,466.3,101-200,-0.8
3619811,male,473.8,542.6,385.5,101-200,-0.1
3619812,female,506.6,553.5,480.3,11-25,0.3
3619814,female,441.3,499.6,391.1,101-200,0.5
3619815,male,606.5,602.7,613.1,101-200,0.3
3619817,male,695.3,701.0,790.0,more than 500,1.2
3619819,female,566.1,570.6,647.4,101-200,1.2
3619821,female,357.4,500.4,431.8,11-25,0.0
3619822,female,458.2,498.9,528.9,26-100,-0.9
3619824,male,376.8,345.6,339.8,11-25,0.1
3619827,male,555.2,578.8,580.7,26-100,0.0
3619828,female,574.2,530.0,648.4,101-200,0.5
3619830,female,581.3,659.0,644.4,101-200,0.5
3619831,female,347.8,393.9,337.5,101-200,1.1
3619832,female,444.2,421.2,349.8,101-200,-0.6
3619834,male,411.9,305.1,352.5,more than 500,0.7
3619835,female,461.1,527.3,499.7,26-100,0.3
3619838,male,493.6,422.1,531.1,more than 500,1.0
3619841,female,618.2,613.7,590.3,11-25,0.3
3619842,female,493.6,574.6,494.7,more than 500,0.3
3619843,male,321.5,280.6,406.1,more than 500,1.2
3619844,male,458.2,344.2,457.3,101-200,0.2
3619845,female,462.8,547.8,487.1,26-100,0.5
3619846,female,461.2,455.8,478.4,101-200,-0.6
3619849,male,330.7,286.2,448.4,101-200,0.1
3619850,male,451.5,382.5,401.4,11-25,0.2
3619851,male,597.4,507.9,571.6,201-500,0.4
3619853,male,486.5,461.7,611.1,101-200,1.0
3619854,male,547.9,564.6,599.9,more than 500,1.4
3619855,female,388.7,477.6,473.4,201-500,0.8
3619858,female,485.8,537.2,523.6,101-200,1.5
3619859,female,599.3,662.6,552.6,101-200,0.6
3619860,female,583.8,723.1,659.8,more than 500,-0.1
3619862,female,681.7,640.3,703.1,more than 500,1.0
3619863,female,610.9,624.5,715.1,11-25,0.7
3619865,female,491.2,561.5,441.2,101-200,-0.3
3619867,female,335.1,271.9,328.1,101-200,-1.5
3619871,male,369.6,480.1,445.1,101-200,-0.6
3619873,female,533.7,457.3,587.8,201-500,1.3
3619876,female,440.1,588.1,486.5,101-200,0.4
3619877,female,293.5,447.4,374.7,more than 500,0.6
3619878,female,455.4,507.0,379.0,101-200,0.0
3619879,male,471.5,512.3,501.3,26-100,0.4
3619880,male,685.1,633.4,678.9,201-500,0.7
3619881,female,550.5,556.2,534.2,101-200,-0.9
3619882,female,412.0,357.1,480.2,101-200,0.1
3619883,male,500.5,482.6,507.1,11-25,-0.5
3619886,male,451.2,469.9,470.9,26-100,-0.3
3619888,male,451.8,494.2,478.0,101-200,-0.6
3619889,female,361.2,471.2,412.1,201-500,-0.3
3619890,female,573.7,465.1,529.0,26-100,-0.1
3619892,female,508.3,601.3,562.3,101-200,-1.4
3619893,male,673.5,670.4,748.4,101-200,1.2
3619898,female,352.4,426.0,349.7,201-500,0.9
3619901,female,329.3,458.2,340.1,0-10,-0.1
3619902,female,514.4,505.1,573.0,201-500,1.1
3619903,male,565.4,519.5,673.6,101-200,0.9
3619904,female,506.3,392.1,507.2,26-100,-1.1
3619908,male,504.3,508.6,426.2,101-200,1.0
3619910,male,447.6,347.2,464.6,11-25,-0.2
3619912,male,604.2,593.0,588.2,101-200,0.4
3619914,female,438.9,391.1,476.2,201-500,1.0
3619917,male,384.4,312.6,446.1,26-100,0.4
3619919,male,558.8,662.3,619.0,201-500,0.9
3619920,female,282.6,251.8,257.2,26-100,-0.9
3619921,female,479.0,453.2,457.6,101-200,0.3
3619924,male,486.7,493.0,506.4,26-100,0.1
3619928,female,550.9,607.8,582.3,more than 500,-0.1
3619929,female,395.0,452.1,436.7,101-200,0.7
3619930,female,593.5,641.2,667.9,101-200,0.9
3619931,male,603.2,599.4,612.5,101-200,0.9
3619934,female,416.8,576.4,467.6,101-200,-1.0
3619937,female,534.3,532.6,576.2,101-200,0.8
3619938,female,435.0,442.8,441.1,201-500,0.6
3619941,female,739.3,698.7,744.6,more than 500,1.5
3619943,male,310.1,383.4,305.5,101-200,1.0
3619944,male,430.1,439.2,420.9,201-500,1.3
3619947,female,345.6,334.5,365.9,11-25,-0.1
3619952,female,455.0,436.3,434.0,11-25,-0.0
3619953,female,419.4,379.1,482.2,more than 500,1.4
3619954,male,631.9,596.6,661.4,201-500,0.9
3619956,female,556.7,647.2,668.3,101-200,0.8
3619957,male,592.0,615.6,684.0,201-500,-0.4
3619958,female,395.1,486.8,522.1,0-10,0.0
3619960,male,372.9,462.1,441.8,0-10,-1.5
3619961,male,544.4,487.8,534.4,26-100,0.9
3619962,male,556.0,559.5,625.8,more than 500,1.5
3619963,female,546.6,621.0,476.5,26-100,-0.7
3619965,male,440.0,356.7,482.0,26-100,0.1
3619966,male,340.9,315.9,359.0,11-25,0.3
3619967,male,372.9,379.4,379.2,101-200,1.0
3619968,male,484.6,387.1,516.6,26-100,-0.1
3619970,female,427.1,534.5,487.9,26-100,0.6
3619973,female,623.7,531.3,609.4,101-200,1.2
3619974,male,357.6,421.1,343.9,more than 500,0.5
3619977,male,427.8,501.7,576.0,11-25,-2.1
3619978,male,452.4,466.2,510.1,0-10,0.8
3619979,male,389.5,455.3,385.2,201-500,-0.9
3619983,male,460.4,400.1,478.4,101-200,0.8
3619984,male,511.0,512.9,597.3,11-25,-1.2
3619986,female,585.3,503.4,593.6,101-200,-0.3
3619987,male,806.6,688.5,795.0,101-200,1.2
3619988,female,570.5,502.3,564.5,201-500,-0.0
3619990,male,477.3,684.9,574.3,201-500,0.6
3619992,male,506.5,578.2,586.8,101-200,-0.4
3619994,female,577.8,626.3,623.7,101-200,1.2
3619995,female,680.3,671.7,728.4,201-500,1.2
3619997,male,587.2,416.0,537.2,more than 500,1.5
3620000,female,468.6,503.6,521.5,26-100,-0.7
3620001,male,437.4,387.9,413.5,101-200,1.2
3620002,male,621.9,594.9,707.1,more than 500,0.0
3620003,male,523.6,524.5,579.8,101-200,-0.1
3620004,male,506.0,422.4,435.3,0-10,1.1
3620007,male,607.4,633.9,556.9,101-200,1.0
3620008,female,655.7,613.3,607.1,201-500,0.4
3620009,male,503.2,521.8,608.5,201-500,0.3
3620010,female,454.1,565.8,523.5,11-25,-1.1
3620011,female,334.2,397.2,339.1,26-100,0.0
3620014,male,314.4,248.7,331.8,0-10,-2.2
3620015,female,447.3,461.5,486.2,more than 500,0.1
3620018,male,411.7,471.4,432.5,0-10,-0.4
3620020,female,368.5,418.8,338.8,101-200,-0.5
3620024,male,682.6,551.4,622.9,101-200,0.6
3620025,male,262.5,264.5,155.9,0-10,-1.2
3620026,male,586.3,525.1,608.8,101-200,0.4
3620028,male,411.6,468.2,373.4,more than 500,-0.5
3620029,male,635.3,633.5,696.8,101-200,0.4
3620030,male,529.6,618.8,521.4,201-500,1.4
3620031,male,454.0,460.5,440.1,201-500,1.5
3620032,female,370.3,323.3,417.9,11-25,0.1
3620033,female,528.0,590.8,570.1,101-200,0.6
3620034,female,479.3,351.5,472.5,more than 500,0.7
3620035,male,506.7,488.1,492.2,101-200,0.8
3620037,female,298.7,256.0,284.9,101-200,0.6
3620039,female,462.5,547.6,560.9,26-100,-0.3
3620041,male,573.9,522.1,622.0,101-200,0.7
3620043,female,416.8,464.9,473.7,101-200,-0.5
3620044,female,613.9,647.6,689.8,101-200,0.9
3620045,male,595.4,586.6,649.6,201-500,-0.1
3620047,female,522.1,453.8,520.9,201-500,1.0
3620048,female,634.9,622.7,689.4,201-500,1.0
3620050,male,510.4,445.1,566.0,101-200,-0.7
3620051,female,445.7,502.0,460.9,11-25,-0.9
3620053,male,408.8,381.5,390.4,26-100,-0.8
3620056,female,543.6,640.9,604.8,more than 500,1.4
3620058,female,510.1,414.5,524.4,101-200,-0.1
3620060,female,404.8,409.9,463.9,0-10,1.1
3620061,male,485.2,446.8,477.2,101-200,1.1
3620063,female,519.5,547.6,514.7,11-25,-0.6
3620066,female,572.1,521.9,501.6,201-500,1.2
3620068,female,394.6,434.3,536.0,11-25,-0.2
3620070,male,507.3,315.3,414.2,101-200,-0.2
3620071,female,440.4,500.9,540.8,101-200,1.0
3620072,female,342.5,379.4,398.1,11-25,-1.6
3620074,female,540.5,472.7,604.4,101-200,-0.8
3620078,male,497.9,426.8,474.4,101-200,1.4
3620079,female,563.3,620.0,443.8,201-500,-0.0
3620084,female,400.7,490.1,369.7,201-500,-0.1
3620085,male,502.2,429.7,486.6,101-200,-0.1
3620086,female,464.5,482.2,573.3,more than 500,0.2
3620087,female,455.7,413.5,523.0,26-100,-0.9
3620089,male,430.2,494.6,463.7,101-200,0.5
3620091,female,621.4,612.2,646.9,more than 500,1.3
3620092,male,272.8,360.8,295.7,26-100,-1.2
3620093,female,433.7,428.8,382.3,26-100,-0.2
3620094,male,501.6,511.9,584.6,26-100,-0.8
3620095,female,568.1,556.2,508.1,more than 500,1.3
3620098,female,418.5,443.0,323.1,0-10,0.5
3620100,female,409.6,489.2,409.4,101-200,0.8
3620101,male,657.5,546.2,694.4,more than 500,1.3
3620102,female,444.7,390.0,519.9,101-200,0.7
3620103,male,470.2,464.6,521.0,26-100,-0.2
3620106,male,452.1,495.7,516.9,101-200,0.9
3620107,male,568.3,529.3,566.2,101-200,-0.1
3620110,male,731.2,711.7,653.3,more than 500,1.6
3620111,male,571.3,562.5,543.3,101-200,0.8
3620113,male,496.4,512.6,490.3,more than 500,1.6
3620114,male,373.1,222.9,298.5,101-200,-0.3
3620117,male,479.3,450.5,514.3,101-200,-1.1
3620118,female,451.5,409.5,453.1,26-100,0.2
3620119,male,437.3,381.6,502.4,201-500,1.2
3620121,female,515.5,518.8,485.2,201-500,1.1
3620122,male,618.8,556.1,639.1,201-500,0.9
3620123,male,570.1,627.1,594.7,more than 500,0.8
3620125,male,433.3,515.3,537.1,26-100,0.3
3620126,male,432.0,349.7,350.4,201-500,1.7
3620127,male,377.3,361.9,393.3,101-200,-0.9
3620128,male,636.4,678.6,671.2,101-200,-0.5
3620130,male,339.4,335.2,364.1,101-200,-0.6
3620132,female,422.4,399.6,467.4,101-200,-1.1
3620133,female,377.0,377.8,483.5,26-100,0.7
3620134,male,537.6,531.1,583.5,more than 500,0.6
3620138,female,494.4,525.0,547.9,more than 500,-0.0
3620139,male,545.1,603.7,547.2,more than 500,1.1
3620140,female,456.3,521.2,406.7,26-100,-0.5
3620141,female,530.0,669.1,521.5,101-200,1.1
3620143,male,544.9,533.2,566.9,26-100,0.4
3620144,female,545.3,691.4,513.9,201-500,-0.2
3620146,male,448.0,472.5,468.3,201-500,0.8
3620147,male,513.3,485.3,525.6,101-200,-0.6
3620148,male,509.4,511.7,486.1,26-100,0.4
3620149,female,407.0,392.3,406.4,11-25,0.8
3620150,male,631.5,617.2,569.7,201-500,1.5
3620151,female,517.0,600.4,632.0,201-500,0.8
3620155,male,381.5,303.9,391.5,26-100,-0.1
3620158,male,395.2,375.5,393.7,101-200,-1.9
3620159,male,631.8,593.8,601.5,201-500,-0.4
3620160,female,506.6,514.3,551.6,201-500,0.7
3620161,female,635.5,759.8,561.0,101-200,0.7
3620163,male,437.0,420.7,383.9,201-500,-1.9
3620165,female,462.5,445.1,531.0,26-100,-0.1
3620167,male,587.0,580.3,620.8,more than 500,1.4
3620170,female,603.7,645.9,693.1,more than 500,1.3
3620172,female,439.4,393.5,470.7,101-200,-0.7
3620173,male,368.7,444.1,365.0,0-10,-2.9
3620175,male,309.2,382.8,344.3,more than 500,-1.4
3620176,male,499.2,512.4,553.0,201-500,0.2
3620177,male,554.4,531.1,601.1,more than 500,-0.6
3620178,female,324.6,191.1,367.8,11-25,-1.0
3620180,female,443.7,506.5,534.2,0-10,-1.1
3620181,female,336.5,373.9,460.9,11-25,0.3
3620182,male,715.9,699.7,783.5,101-200,1.3
3620183,male,386.1,295.1,447.8,101-200,0.1
3620184,female,314.6,423.7,451.5,101-200,-1.1
3620185,female,394.0,586.7,457.8,201-500,0.8
3620187,female,650.6,661.8,672.5,101-200,0.3
3620188,female,581.3,625.9,664.9,more than 500,1.3
3620189,female,618.7,590.1,598.1,26-100,0.9
3620192,male,651.8,601.1,645.7,201-500,1.3
3620193,female,603.3,657.1,597.3,201-500,1.3
