citation,year,research_question,location,time_period,data_source,sample,sample_size,method,identification,explanatory,explanatory_measure,outcome_measure,controls,key_results,limitations,theme,field,related_articles,comments
"Adhvaryu, Achyuta, Prashant Bharadwaj, James Fenske, Anant Nyshadham, and Richard Stanley. 2016. “Dust and Death: Evidence from the West African Harmattan.” Centre for the Study of African Economies, February.",2016,What is the relationship between dust exposure in utero and infant and child mortality across Western Africa?,Western Sub-Saharan Africa,Aug. 1985-Dec. 2006,"Demographic and health surveys (DHS) from: Benin, Burkina Faso, Ghana, Guinea, the Ivory Coast, Liberia, Mali, Niger, Nigeria, Senegal, Sierra Leone, and Togo.","Data includes: demographic information for mothers, child information incl. length of life, geographic datasets to merge children to the nearest point of dust data.",,"Match child specific information, grouped by survey clusters, to the nearest point of dust data.",Panel,PM2.5; dust,Satellite data for dust pollution (Aug. 1985 (9 months prior to birth of Apr. 1986 cohort) - Dec. 2006): hourly concentrations of PM2.5.,Child mortality rates,"Child birth order, gender, multiple birth, mother's age at birth, mother's education level, mother's religion.; Rainfall, temperature, country-specific seasonal factors, year-of-birth-fixed effects","1) The effect of a one standard deviation increase in in utero PM2.5 exposure leads to a 0.39% increase in infant mortality, roughly 3.5% of the mean (p.17) (I am not sure how many deaths/1000 this correlates to.) 2) The impacts of the dust declined over the years in the study, despite an absence of a reduction in level of dust. 3) Similarly, countries with higher economic development, more mechanized agriculture, more developed healthcare system, and higher rural access to safe water exhibit decreased impacts of PM2.5 on mortality. (See p. 25 for graph of specific macroeconomic moderating factors)","Uses satellite data to measure PM2.5 levels. Subjects were grouped into clusters, by similar area and matched with the nearest satellite monitoring grid dust point. The maximum distance between each cluster and grid points is not listed and appears to be of significant distance in some locations (p. 14). The spatial resolution of the dust data is more spread out than the DHS. However, PM2.5 can travel great distances so this may not be of concern. Also, authors attempt to account for this in their analysis (p. 27).",Impact on child/infant health,Public health; economics,Jayachandran (2009); Schwartz and Neas (2000),"1) This is one of the few articles measuring the impacts of PM2.5 in poor developing countries. 2) This study focuses on pollution from naturally occuring dust (made up of ""quartz, clay, colloids, and fine mica flakes""), rather than anthropogenic pollution. / One of few articles measuring the impacts of PM2.5 in developing countries."
"Ailshire, J. A., and E. M. Crimmins. 2014. “Fine Particulate Matter Air Pollution and Cognitive Function Among Older US Adults.” American Journal of Epidemiology 180 (4): 359–66. https://doi.org/10.1093/aje/kwu155.",2014,Does PM2.5 exposure increase cognitive decline in older adults?,United States,2004,Data: 2004 Health and Retirement Study (HRS) survey. HRS collects data about the cognitive status of older Americans as well as other social and demographic pieces of information.,,"Sample size analyzed: 13,996 men and women aged 50 years or older.","HRS data was linked, down to the level of the 2000 census tracts, with corresponding PM2.5 air pollution data for that location.",Panel,PM2.5,"U.S. EPA’s Air Quality System national network of air monitoring stations, from 2004.; Pollution data contained 24-hour daily means of PM2.5 from air quality monitors within a 60 km radius of the center of each census tract. Greater weight was given to readings closer to the center of each census tract. Daily means were aggregated to create annual levels.","Telephone Interview for Cognitive Status:; The test assessed immediate and delayed memory, working memory, processing speed, awareness/orientation, knowledge and language. Test is on a 35-point scale.","Sociodemographic: Age, sex, and race/ethnicity; Socioeconomic: educational attainment, current employment status, household income and wealth. Smoking status was included.; Census tract–level covariates: the proportion of residents aged 25 years or older without a high school degree and median household income","1) Living in areas with annual PM2.5 concentrations above EPA standards is harmful to older adults’ cognition. However, there was no linear association identified (i.e. people living in the worst polluted areas were not necessarily the hardest impacted). 2) The results indicated that the strongest identifiable association between increased PM2.5 exposure and cognitive impairment was a decline in episodic memory, which is an early sign of dementia onset in healthy older adults.","1) The study could not include air pollution exposure at the individual level (i.e. during commutes and at work), as the only data available was from EPA outdoor pollution monitors within 60km. However, it was noted that given the older demographic, many subjects were already retired and therefore, the influence of workplace and commute air pollution was believed to be minimal. 2) The study utilized data exclusively from 2004 and therefore had limited ability to speak on the impacts of cumulative long-term pollution exposure.",Impact on elderly cognition,Public health; science,"Zanobetti and Schwartz (2009); Calderón-Garcidueñas, Reed, and Maronpot (2004); Levesque et al. (2011)","Authors ran secondary analyses which included data that had previously been omitted, for various reasons, and found that their associations still held true."
"Anderson, Michael L. 2015. “As the Wind Blows: The Effects of Long-Term Exposure to Air Pollution on Mortality.” Working Paper 21578. National Bureau of Economic Research. https://doi.org/10.3386/w21578.",2015,"Estimating the effect of long-term exposure to air pollution, specifically ultrafine particulates (UFP), on elderly mortality rates by using wind patterns near Los Angeles highways.",Los Angeles,1999-2001,"Primary metric: Census block, age-specific mortality rate.; This is calculated from 2 data sets which included: info on every death in CA from 1999-2001, associated address, age, and cause of death for each decedent. Also, census block level information such as population by age group, gender, and race.",,,"For each census block included, authors calculated: Three-year census block mortality rates for age groups: ≥65, ≥70, and ≥75 years old; distance and direction from the nearest major highway. Authors compared the mortality rates of census blocks that are close together but differ in percentage of time experiencing downwind exposure from highways.",Panel,PM2.5; UFP; NO2; NO,"Authors tested blocks within the dispersion area of major pollutants: UFP, NO, and NO2. Other pollutants have a shorter dispersion area (p. 4). Each census block located 50-600 meters away from a major highway were studied. Each was assigned a wind speed and direction based off of the nearest weather station data from the previous year.; Notes: 1) 50-600m was determined to be an ideal distance for inclusion given pollutant dispersion distances and avoidance of noisy data near the highway. 2) UFP is <0.1 micrometers in diameter (PM2.5 = <2.5 micrometers in diameter)",Mortality rate,"Distance from highway (blocks outside of the parameters were excluded) (p. 9), weather station fixed effects","1) Authors used different types of regressions: least squares, ordinary least squares (OLS), and two-stage least squares (2SLS). Each produced a slightly different finding:; For least squares, 75+ year old 3-year mortality rate increases by 3% (all causes) with 1 SD increase in downwind frequency. For 2SLS, ceteris paribus, the mortality rate increases by 5%. 2) Overall, moving from the upwind to the downwind side of the highway increases pollution exposure levels by 43% and raises mortality rates by 3.6-6.8% (p. 21). 3) Removing exhaust pollution (i.e. switching to zero-emissions cars) adds an average of 3-months to life expectancy. Given the 1.55 million people in the sample, this would provide an economic gain of $37.2 billion (with VSL=$100,000) (p.23). 4) 70% of the US population lives in urban areas. There are currently no regulations on UFP. There are economic and health benefits to be gained by regulating it.","Pollution monitors were not used as a part of the main experiment and therefore neither specific pollutants nor their levels are a key part of the findings. On p. 19 they reference limited data from monitors measuring NO2. Also, they note that available monitors did not measure UFP (p. 18)",Impact on elderly health,Public health; economics,"Currie and Neidell (2005); Currie, Neidell, and Schmieder (2009)","1) Distinguishing the causal effects of air pollution on mortality from unobserved correlated confounding factors can be difficult (p. 3) 2) Details of distances of downwind dispersion plumes of pollutants: UFPM (570-910m), NO and NO2 (550-570m), CO, PM2.5, and PM10 (100-200m) 3) Studies show that without filtration systems, most homes are highly penetrated by UFP. 4) Though there are limited controls used for differing populations, the study relies on comparing nearby, presumably similar, blocks which lie in different directions of wind-blown highway pollution. / Similar elements here to your proposed Nairobi experiment. Includes information about wind direction determination. / Identification: panel, though the authors refer to instrumental variables on p. 14."
"Arceo, Eva, Rema Hanna, and Paulina Oliva. 2016. “Does the Effect of Pollution on Infant Mortality Differ Between Developing and Developed Countries? Evidence from Mexico City.” The Economic Journal 126 (591): 257–80. https://doi.org/10.1111/ecoj.12273.",2016,"Much of the research regarding the relationship between pollution and infant/neonatal mortality takes place in developed countries. Does this relationship differ between developing and developed countries, given the different social, economic, political, and logistical variances in play?",Mexico: many municipalities of Mexico City,1997-2006,Data: records by municipality (neighborhood) of Mexico City of neonatal (under 28 days) and infant (under 1 year) births and death records; gender; cause of death; municipality of residence.,,,"Mortality per 100,000 live births and weekly pollution levels per municipality were calculated. The different data sets were analyzed to identify any correlation. Data from municipalities varying in pollution level was used to estimate the marginal effect of pollution in developing countries as compared to developed countries.",Instrumental variables,PM10; O3; SO2; CO,"Hourly measures of pollution used to calculate maximums for: CO, daily 8-hour average; PM10, daily 24-hour average; SO2 and O3, weekly averages.; Municipalities included in the study were located within 15km of a sensor (in total, 48 out of 56 municipalities in Mexico City).; Note: The description of the pollution measurements used was worded unclearly (p. 9).","Weekly, municipality-level, mortality rates","Thermal inversion, temperature, weather, time-based fixed effects within each municipality","1) A 1% increase in PM10 over a year leads to a 0.42 percent increase in infant mortality. This is comparable to the correlation in the US, despite that PM10 levels in Mexico City are approximately double those in the US. 2) A 1% increase in CO results in a 0.23% increase in infant mortality. This is a larger correlation than in the US. 3) There is a non-linear relationship between CO and infant mortality. There is a linear relationship between PM10 and mortality. 4) Using U.S. data to estimate the benefits derived from cleaner air in the developing world may be biased for pollutants that exhibit a nonlinear relationship between pollution and mortality. 5) The costs of avoidance behaviors differ between developed and developing countries. Therefore, using the relationships between pollution and mortality, estimated in the US, is likely inaccurate for a CBA of environmental regulations. For example avoidance behavior, like health care or cleaner housing, which can play a significant role in pollution-mortality relationships, can be more expensive in the developing world. Thus a relatively small decrease in pollution may have a larger overall health impact in the developing world.","The pollution data was gathered from what the authors cite as relatively few sensors given the size of the city: PM10, 10 stations from 1997 to 1999, 16 stations after 2000; SO2, 26 stations; CO, 24 stations; O3, 21 stations. They note that these sensors, however, provide accurate data.",Impact on child/infant health,Public health; science,"Currie and Neidell (2005); Knittel, Miller, and Sanders (2011);; Chay and Greenstone (2003); Currie, Neidell, and Schmeider (2009); Zivin and Neidell (2009)","1) Authors also ran analysis constraining to include only municipalities located within 8km and 10km of a sensor (Appendix Table 2). This increased accuracy of data but decreased the quantity of relevant municipalities. 2) Authors controlled to identify which infant deaths were likely from causes other than pollution (i.e. congenital, accidents, homicides), something that was not mentioned in all similar studies (p. 11). 3) Authors thoroughly compared their findings in Mexico City to findings in comparable studies done in the US, in order to compare the relationship between pollutants in developing and developed countries. See ""Related Articles"" column for studies utilized. / Highly relevant"
"Bharadwaj, Prashant, Matthew Gibson, Joshua Graff Zivin, and Christopher Nielson. 2017. “Gray Matters: Fetal Pollution Exposure and Human Capital Formation.” Journal of the Association of Environmental and Resource Economists 4: 505–42.",2017,How does CO (and PM10 and O3) fetal exposure affect children's performance on national testing in 4th grade?,"Santiago, Chile",births between 1992-2001 and corresponding test scores between 2002-2010,,"Sample data: Health: All children born in 1992–2001 in Santiago. Includes: sex, birth weight, length, and weeks of gestation for each birth. Also included demographic information on the parents: age, education, marital status, and municipality of residence. Each mother has an ID number which allowed the authors to implement fixed effects between siblings.; Educational: Test scores for every student, 2002-2010 in the national standardized test which tests math, language, and science.",,"Individuals' health and educational data were matched, providing 623,002 samples. Children's exposure to pollutants while in utero was analyzed as compared to their 4th grade testing scores.",Panel,PM10; O3; CO,"Chilean Ministry of the Environment sensor data, 1992-2001 in Santiago. 3 sensors in the city measured: CO, 8-hr moving average; PM10, 24-hour moving average; O3, hourly.; Daily AQI (air quality index) level was calculated using daily pollution level data in order to provide aggregate data.; Children included in the study were matched with the data coming from the closest sensor (no sensor distance constraints).",National 4th grade test score,"Weather (incl. temperature), individual level avoidance behavior, season, mother's age and education, student gender","1) Strong negative effect from fetal exposure to CO on math and language skills, especially during the 1st and 3rd trimesters (important for brain development).; How much? 1 SD increase in CO exposure during the 3rd trimester correlates to 0.036 SD decrease in math and 0.042 SD decrease in language scores. 2) Between the early-1990's and mid-200's, pollution in Santiago declined by 50+%. Authors estimate that the resulting reduced impact on testing scores could correlate to ~$1,000 per person born during these cleaner years. 3) Poverty also plays a big role in hindering educational attainment. It is difficult to distinguish between the impacts of poverty and pollution on individuals as they often go hand in hand (poor generally live in the most polluted areas).",1) Data used likely not as precise as other studies. Authors rely on only 3 pollution sensors for a large city. Many other studies utilize dozens of sensors and constrain analysis for subject distance from sensors. Authors noted that their results were stronger when they ran testing and tried limiting the subject distance from monitors (appendix A3) 2) Study does not control for PM10 as it is highly correlated to CO in terms of origin. Authors note that replacing CO with PM10 yields qualitatively similar results.,Impact on child/infant health and Impact on cognition,Public health; economics,Articles by Currie and Neidell are highly related,"1) One of the 3 sensors in the study was located at a higher altitude, located above the inversion layers (which trap pollution near the ground). 2) Authors focus heavily on the impacts of exposure during different trimesters of pregnancy. Other studies do touch on this, though not as in depth (see Currie et al. 2009 and Currie and Neidell 2005). / Compares air pollution and mortality rates in the developing world, not just in Western countries."
"Calderón-Garcidueñas, Lilian, Antonieta Mora-Tiscareño, Esperanza Ontiveros, Gilberto Gómez-Garza, Gerardo Barragán-Mejía, James Broadway, Susan Chapman, et al. 2008. “Air Pollution, Cognitive Deficits and Brain Abnormalities: A Pilot Study with Children and Dogs.” Brain and Cognition 68 (2): 117–27. https://doi.org/10.1016/j.bandc.2008.04.008.",2008,How does pollution exposure impact cognitive functioning and brain structure in children and dogs?,Mexico: Mexico City and surrounding area,2006-2007,,"Test group (from Mexico City, polluted mega city): 55 children from middle class families (age ~10); 7 healthy young dogs; Control group (from low-pollution cities): 18 children from middle class families (age ~10) from Polotitlán, Mex.; samples of brain material from 5 young dogs from Tlaxcala, Mex.",,"Children were given a physical, psychometric testing, gave blood samples underwent a brain MRI (23 children from Mexico City, 13 from Polotitlán). Results for children from both cities were compared and analyzed.; Test dogs had brain MRIs and necropsy (autopsy) conducted (following euthanasia). Control dog brain material was similarly evaluated in a necropsy.",Panel,PM2.5; PM10; NO2; O3; SO2; CO; Pb,"Southwest Mexico City:; PM2.5 - annual average concentration of 25 lg/m3; Lipopolyssacharides detected in PM10 samples - 15.3–20.6 ng/mg of PM10; endotoxin concentrations - 59 EU/mg PM10; Polotitlán:; Criteria pollutants: O3, PM10, SO2, NO2, CO and Pb - all pollutant levels are below US standards (as of 2008)","Psychometric test scores (children), MRI brain scans, blood tests, brain necropsy results (dogs only)","Consistencies amongst sample: All children: come from middle class families, slept in bedrooms with no carpeting/draperies with open windows for ventilation, lived in households with kitchens separated from the living and sleeping areas and used gas for cooking. Mothers' education level was consistent. Risk factors for neurological or cognitive disorders were screened.; Test group dogs: All were mongrels, healthy, vaccinated and raised in indoor-outdoor kennels in Mexico City. Aged 12-19 months.; Control dogs: Raised in Tlaxcala, a city with low pollution 114km east of Mexico City.","1) In half of the areas of cognitive testing, children living in highly polluted urban areas exhibited deficits of 2-6% in fluid cognition, memory, and executive functions, as compared to similar children living in the polluted city. 2) 56.5% of the children living in Mexico City city exhibited ""white matter hyperintense lesions"" on their brains in the MRI. Only 7.6% living in the less polluted city exhibited a single lesion. These lesions are indicative of inflammation and potentially contribute to cognitive dysfunction and other health issues. Dogs from Mexico City, but not from the control city, also had neuroinflammation and vascular lesions. This helps provide further evidence that air pollution is a key factor in cognitive issues (p. 122). 3) Ultrafine particulate matter was observed in the frontal lobe only in the Mexico City dogs. This means that Ultrafine PM can reach the brain and is likely contributing to the neuroinflammation.","The study has a small sample group. I am not sure if enough children were tested for the results to be definitive. Also, the authors do not track exact pollution levels, though they make a convincing case that pollution is the significant difference between the test and control populations.",Impact on child/infant health,Public health; science,,A good medical study showing the physical and associated cognitive impacts of PM on the brain.; It is one of the few studies that discuss ultrafine particulate matter. / One of the few medical-focused papers to explore pollution in developing countries
"Chang, Tom, Joshua Graff Zivin, Tal Gross, and Matthew Neidell. 2016. “Particulate Pollution and the Productivity of Pear Packers.” American Economic Journal: Economic Policy 8: 141–69.",2016,How does PM2.5 affect the productivity of indoor physical laborers?,Northern California,2001-2003,"Data: Payroll records from on Northern CA pear packing factory, 2001-2003. Workers were paid per-crate of pears packed.; Data includes: measures of regular time boxes packed, overtime boxes packed, regular time hours, and overtime hours worked for each packer each day. Daily attendance was also included.",,,Estimate the impact of fine particulate matter (PM2.5 and PM10) on worker productivity by comparing productivity records with corresponding pollution records for the same time periods.,Panel,PM2.5; PM10; NO2; O3; CO,"California Air Resources Board monitor, located 2.7 miles from the factory.; Hourly measurements: O3, CO, NO2; Six-day daily average: PM2.5, PM10",Worker Productivity,"Rain, temperature, wind speed, dew point, solar radiation","1) A 10 μg/m3 change in PM2.5 decreases productivity by 6%. The impacts of pollution on workers begin at levels well below current US air quality standards. 2) Given that the effects are likely to physiological impairments to a workers' ability to complete physically demanding tasks, other physical laborers are likely to be similarly affected by PM2.5. 3) From 1999-2008, on average, there was a nation-wide decline of 2.79 μg/m3 PM2.5, correlating to a total savings of $19.5 billion dollars. This same decline is estimated to have boosted housing values by $57.3 billion dollars. This is likely an underestimate of the actual value gained because people do not fully measure the health impacts of PM2.5 emissions.","1) Despite that the study focuses on PM2.5, their data only includes 6-day averages for PM2.5, meaning that they cannot pinpoint when the workers were exposed to the pollutant, thus making a precise correlation with declining productivity impossible. 2) Authors note, ""Given the many uncertainties involved"" in this experiment, their calculations are meant to be ""illustrative rather than providing a definitive estimate of welfare impacts"" of PM2.5 on productivity. The impacts of PM 2.5 are likely much wider reaching than what is calculated in this paper.",Impact on productivity,Public health; economics,"Zivin and Neidell (2012, 2013, 2014); Bento, Freedman, and Lang (2015)","1) PM2.5 can penetrate indoors at a rate of 70-100%, other pollutants are far less able to do so. 2) The authors utilized a time period with an uptick of PM2.5 originating from a relatively nearby forest fire to further test their hypothesis. / Presents evidence for fascinating and scary far-reaching implications of PM2.5 emissions."
"Chay, Kenneth Y., and Michael Greenstone. 2005. “Does Air Quality Matter? Evidence from the Housing Market.” Journal of Political Economy 113 (2): 376–424.",2005,How does air quality impact housing prices? What does this say about the priorities and knowledge possessed by home buyers?,United States,1969-1990,"Data: 1) EPA's Clean Air Act Amendments (CAAA) yearly county-level attainment/nonattainment designations. 2) Housing values: log median value of owner-occupied housing units in each county. 3) County Characteristics: County-level demographic and socioeconomic characteristics, neighborhood characteristics, fiscal/tax variables, and house characteristics.",,,Compare TSP levels and attainment/nonattainment status with housing prices in order to determine any association reflected in the buyers' marginal willingness to pay (MWTP).,Instrumental variables,TSP,"Nationwide EPA CAAA monitor network provided monitor-level measures for Total suspended particulates (TSP). Data contained the 4-highest daily readings for counties. Annual county-level geometric mean for TSP was calculated. TSPs include all particulate matter with a diameter <100μm.; TSP, as opposed to other pollutants, was chosen for this study because it has been measured for the longest period by the EPA's CAAA (therefore it has a large dataset) and is known to be detrimental to health.",Measure of pollution impact: Housing prices,"County-level demographic and socioeconomic characteristics (population density, race, education, etc.), neighborhood characteristics (crime rates, doctors, and hospital beds per capita), fiscal/tax variables (per capita taxes, expenditures etc.), and house characteristics.","1) Having non-attainment status leads to decreases in pollution in such counties. This corresponds to an increase in housing values at a rate of 0.28% per μg/m^3 reduction of TSP. This is a greater level of MTWP for cleaner air than previously identified. 2) TSP reductions led to a ~$45 billion value increase in the housing market in the mid-1970s across America. 3) From 1974-1980 across the US, TSPs concentrations declined by 6.3 μg/m3 in nonattainment counties and increased by 4.1 μg/m3 in attainment counties. Thus, nonattainment status in that period is associated with ~10 μg/m3 relative improvement in TSPs.","The study relies on county-level housing pricing data, which is somewhat arbitrary with regards to buyer's tastes (the existence of a county border likely does not alter housing tastes one either side of it, at least with regards to pollution). As such the authors were forced to operate under the assumption that there is a ""national housing market"" which reflects the MWTP of all Americans. It also means that the authors were not able to accurately examine local trends, like the influence of a coal plant near a specific neighborhood on the local residents' MWTP.",Impact on housing market prices,Public health; economics; science,Cited by many other papers in this review,"Authors note that their meta-analysis of 37 other studies on the same topic predicts that a 1 μg/m^3 decrease in TSP results in a 0.05-0.1% increase in property values. This is less than the findings which come from this paper. They conclude that the ""hedonic method"" is highly influenced by omitted variable bias. Also, individuals who live in more polluted areas are less likely able to move to cleaner areas due to socioeconomic reasons, and thus have a lower MWTP for clean air. / Very thorough article. Though it doesn't focus on health impacts of pollution, rather people's WTP for housing, given pollution."
"Chay, Kenneth Y., and Michael Greenstone. 2003. “The Impact of Air Pollution on Infant Mortality: Evidence from Geographic Variation in Pollution Shocks Induced by a Recession.” The Quarterly Journal of Economics 118 (3): 1121–67.",2003,"What effect does a reduction in total suspended particulates (TSPs) have on infant mortality rates? What effect did the 1981-82 US recession, which reduced TSP levels, have on infant mortality?",United States,1978-1984,Data is derived from the National Mortality Detail Files and National Natality Detail Files.,"Infant data: infant births and deaths, weight at birth, cause of death, infant health information, race, gender, county.; Parent data: socioeconomic and demographic characteristics, medical system utilization (incl. prenatal care), maternal health information.",,"Analysis compares changes in infant mortality rates in counties with large TSP reductions with counties with small or zero pollution reduction. Infant deaths are examined at different time periods after birth: 24 hours, 28 days, 1 year.",Natural experiment,TSP; dust,"Total suspended particle level (all particles with a diameter less than or equal to 40 micrometers) were measured. Nation-wide data was taken from ~4000 EPA monitors, operating from 1978-1984, which includes data from a period substantial reduction in TSPs during the 1981-82 recession and accompanying decline in industry. The frequency of readings was different at each monitor.; The annual concentration of TSPs for each county was calculated using a weighted average from the data of each monitor in the county, with the number of observations per monitor used as weights.",Infant mortality,"Weather, cause of infant death, race, gender, twins or more born, parent education information, marital status, immigrant or not, medical system utilization.","1) A 1 microgram/m3 reduction in TSPs corresponds to 4.2-6.6 fewer infant deaths per 100,000 live births (with a 0.35 elasticity), for counties with large and medium declines in TSPs in 1981-82. 2) Approximately 2500 fewer infants died between 1980-82 due to the reductions in air pollution. 3) As of 2003, a 1 microgram/m3 reduction in TSPs was associated with approx. 200 additional infants surviving to one year of age. This is worth about $320 million to the US economy (with an assumed VSL of $1.6 million/person). 4) Overall, TSPs have a larger impact on infant mortality than on reduced birth weights. A 1 microgram/m3 reduction in TSPs is associated with a 0.3 gram increase in the average birth weight of infants.","This study utilizes pollution data on a wide scale: annual monitor-level readings at the county level. While wide-scale trends are important, this study lacks the fine granularity of frequent pollution readings that other comparable studies have. Ex: Simeonova et al. (2018).; Also, the study does not differentiate between PM10, PM 2.5, or other sizes of PM, which are each known to have different health impacts.",Impact on child/infant health,Public health; economics,"Cited by: Arceo et al. (2016), Deryugina et al. (2016), Neidell (2004), Zivin and Neidell (2018), Jayachandran (2009)","The author notes that the study is designed to improve on prior studies' flaws. By utilizing the national TSP reduction during 1980-82, a natural event, their study likely circumvents issues of most omitted variable bias (p. 1123). They also may have addressed the issue of the prior TSP exposure influence (in studies of adults) by assigning TSP levels to an infant based off of the mother's exposure during pregnancy and the infant's exposure in the first few months of life. / Most cited across other articles"
"Currie, Janet, and Matthew Neidell. 2005. “Air Pollution and Infant Health: What Can We Learn from California’s Recent Experience?” The Quarterly Journal of Economics 120 (3): 1003–30. https://doi.org/10.1093/qje/120.3.1003.",2005,Examining the impact of pollution on infant deaths and low birth weights,California,1989-2000,,"Population data: Information on all infant deaths 1989-2000.; Variables included: Infant health measures, DOB, mother's age, race, ethnicity, education level, marital status, zip code, prenatal care info, use of public insurance.",,,Panel,PM10; O3; CO,Measurement: Zip-code level. A weighted average of the weekly pollution level from monitors within a 20-mile radius of mother's zip code.; Data: EPA Air monitoring sensors around California; daily measures of 8-hour maximum for CO and O3; 24 hour average of PM10.,"Health:; Birth weight, infant mortality rate","Weather, the age of the child, race, maternal age, child gender, and other ""unobservable characteristics that can be captured by month, year, zip code fixed effects..."" (1004).","Predictors of mortality were consistent with past studies: likelihood of child death increased with being the child of high school dropouts, teenage pregnancies, and people dependent on government insurance, and poor babies were more likely to die. (1021); Postnatal exposure to CO has a high impact on infant mortality. The study found that for every unit of CO reduction per quarter, there was a decline of 11.12 deaths per 100,000 births.; Decreases in CO levels in the 1990s saved ~1000 infant lives in CA. Estimated savings: $1.6-4.8 billion.; The findings for O3 and PM10 were far less significant.","1) Maternal smoking was not accounted for because it was not available in the infant health data. Other studies, like Currie et al. (2009), have identified smoking as impactful on infants' health and sensitivity to pollution. 2) Weather data is state-wide while pollution data is zip-code level. This makes it more difficult to measure the true impact of weather on pollution. 3) Avoidance behavior (ex. heeding smog alerts) is not taken into account. Other papers (Neidell 2004) notes that this can impact children's health.",Impact on child/infant health,Public health; economics; science,Neidell (2004),"During sample period:; -infant mortality rate fell sharply over a short time but trends in low birth weight and fetal death were more stable. This may show that declines in mortality were due to postnatal treatment not improvements in prenatal health.; -There was a significant decline in pollution observed across CA during the time of the survey.; -Because the study attempted to analyze personal levels of exposure but was limited to zip-code sized areas of measurement (rather than personal pollution exposure monitors), the results were more likely to skew towards underestimating the impact of pollutants."
"Currie, Janet, and Maya Rossin-Slater. 2013. “Weathering the Storm: Hurricanes and Birth Outcomes.” Journal of Health Economics 32 (3): 487–503. https://doi.org/10.1016/j.jhealeco.2013.01.004.",2013,What effects do severe hurricanes (as a proxy for high stress) have on birth outcomes?,Texas,1996-2008,,"1) Mother’s demographics: age, race, education, marital status, date of birth, name, residential location. 2) Child data: birth weight and gestational age, sex, birth order 3) Health data: method of delivery, complications of labor and delivery, risk factors for the pregnancy, maternal behaviors i.e. (prenatal care, smoking).","Subject data: (n=4,237,494)","Authors compared the birth health outcomes from mothers who lived in the path of the hurricane to those who lived further away, controlling for premature births and other confounders (p. 488).",Instrumental variables,,"Data on storms and hurricanes: storm/hurricane dates and name, total damages caused in dollars, total number of deaths, location information on the coordinates of the storm path, storm wind speed, and storm type for each day of the storm.",Health issues at birth,"Premature births, mother’s race, age, education, marital status, and number of children, as well as conception year and conception month fixed effects.","1) Mothers residing within 30km of the hurricane path during their 3rd trimester are 60% more likely to have a newborn with abnormal conditions and are 30% more likely to have complications during labor and/or delivery. 2)  Hurricane exposure increases the probability that the child required assisted ventilation for over 30 minutes by 1.5% if in the 1st trimester, and 1.3% if in the 3rd trimester (data from table on p. 497). 3)  Hurricane exposure in all three trimesters is associated with an increased probability of Meconium aspiration syndrome, that often has serious long-term consequences for the newborn. The highest rate was a 3.7% likelihood increase if exposed in the 3rd trimester. (data from table on p. 497). 4) Estimates of the effects of hurricanes on babies did not differ significantly by socioeconomic status, race, gender, or birth order.","None identified. The authors address any limitation I could identify, in the ""Robustness"" section, on page 498.",Impact on child/infant health,Public health; economics,,"This paper spends a larger amount of time than most other studies explaining how they systematically tested the influence of many potentially omitted variables in order to hone in on the direct impact of the hurricane on mothers and birth health outcomes.; The authors clarify: ""There are many possible ways for hurricane exposure to affect pregnancy outcomes... we believe we have ruled out some important potential pathways including changes to migration, medical care, and maternal behavior. Therefore, while stress is a “residual explanation” in our context, we believe that our results may reflect the effects of stress itself during pregnancy"" (p. 488). / Very thorough"
"Currie, Janet, and Reed Walker. 2011. “Traffic Congestion and Infant Health: Evidence from E-ZPass.” American Economic Journal: Applied Economics 3 (1): 65–90. https://doi.org/10.1257/app.3.1.65.",2011,What health impacts did the reduction of automobile emissions associated with the implementation of automatic electronic tolling (E-ZPass) have on infant premature birth and low birth rates nearby? How were nearby housing prices impacted by the implementation of E-ZPass?,New Jersey (1997-2002) and Pennsylvania (1994-2003),,"Natality records for all children born in NJ (1994-2003) and PA (1997-2002). Data included: health at birth (weight, gestation time, and more), background information about the mother (race, education, name, birthdate, and marital status), and mother’s address. Only records for babies born to mothers residing near toll plazas were utilized (n=29,677).; Housing prices records: from New Jersey, 1989-2009.",,,Divide mothers into subgroups based off of distance from toll plazas. Compare their premature birth rates and low birth weight incidence from before and after the implementation of E-ZPass in 1999-2000. Compare housing prices at different distances from the toll plazas before and after E-ZPass implementation to identify any short-term impact internalized into the housing market.,Natural experiment; Panel,TSP; NO2; CO,"To gauge level of pollution exposure, mothers were divided into three groups: 1) Those living within 2 km of a toll plaza. 2) Those living within 3 km of a major highway, but between 2 -10 km of a toll plaza. 3) Those who lived 10+ km from a toll plaza.; Note: Those living near highways are presumed to be exposed to increased levels of TSPs, CO, and NO2.",Gestation time and birth weight,"Distance from a busy roadway, birth year, birth month, mother fixed effects, zip code fixed effects, municipality fixed effects (for housing prices only).","1) The introduction of E-ZPass reduced premature birth rates by 6.7-9.1% for babies born nearby the toll plazas. This corresponds to averting 255 premature births out of the observed population, at an estimated total benefit of $9.8-13.2 million. 2) The introduction of E-ZPass reduced low birth weight incidence by 8.5-11.3% for babies born nearby the toll plazas. This corresponds to averting 275 premature births out of the observed population. 3) Policies to curb traffic congestion often underestimate the true benefits as they fail to also calculate the health benefits of the associated pollution reduction. The authors estimated that nationwide, reducing infant exposure to traffic congestion could be valued at $444 million per year. 4) No immediate significant impacts were identified on housing prices. This indicates that it may take time for any eventual impacts effects to be felt.","1) The study does not utilize pollution monitors to track the actual levels near each toll plaza due to there being only one monitor located near a toll plaza, out of 98 toll plazas included in the study. 2) Also, while the authors' findings are robust, they do not differentiate between plazas that had larger or smaller pollution reductions due to reduced traffic. While the authors' findings appear to be correct, their estimated levels of impact may not be as accurate as if monitors were utilized.",Impact on child/infant health,Public health; economics,Chay and Greenstone (2005),The author's finding of significant benefit gained from traffic congestion reduction is further strengthened by the finding that housing prices did not immediately respond to the change. This suggests that the estimated birth effect findings were not driven by socio-demographic changes near the toll plazas.
"Currie, Janet, Matthew Neidell, and Johannes F. Schmieder. 2009. “Air Pollution and Infant Health: Lessons from New Jersey.” Journal of Health Economics 28 (3): 688–703. https://doi.org/10.1016/j.jhealeco.2009.02.001.",2009,How does pollution impact infant health at birth and infant mortality rates conditional on health at birth?,New Jersey,1989-2003,"Data: Infant births and deaths in New Jersey from 1989-2003 from the New Jersey Department of Health. The birth records used contained detailed information about babies’ health and also about their mothers, including socioeconomic and health details, ethnicity, and address",,,Mothers and babies were matched with the closest sensors and corresponding data matched.,Panel,PM10; O3; CO,From the New Jersey Department of Environmental Protection Bureau of Air Monitoring; 8-hour maximums of carbon monoxide (CO) and Ozone (O3); Daily maximums for PM10; Mothers and infants who lived within 10km of a monitor were matched the corresponding pollution data.; Note: Most sensors did not measure all three pollutants.,Infant birth weight and infant mortality rates conditional on health at birth.,"Weather, pollution monitor location.; Mother's: age, education level, marital status, race and smoking habits.; Child's: birth order, if it was a multiple birth, sex.","1) Elevated CO exposure has negative effects on infant health both in utero and after birth.; Impacts: reduced birth weight, shortened gestation time, and increase the probability of infant death. 2) A one-unit decrease in CO saves approximately 18 lives per 100,000 births (2.5% reduction in the probability of infant death). In contrast, 1 unit increase in mean CO during the 3rd trimester increases the risk of low birth weight by 8% 3) Infants of smokers are even more susceptible to the negative effects of CO exposure. Infants of smokers were also found to be susceptible to reduced birth weight and shorter gestation time as caused by PM10 and O3 exposure, though the authors noted that they were less confident in these results. 4) Authors compared the data of children born in 1989 and 2003, during which time CO levels across the country declined. The pollution decline is estimated to have averted nearly 450 infant deaths nationwide in 2003, at an estimated annual economic savings of $2.2 billion.","The authors note that the study’s findings may actually be underestimated. The data utilized was only from live births and it is likely, given the strong detrimental link identified between CO and infant health, that there were stillborn babies, as a result of pollution exposure, who were therefore not included in the data.",Impact on child/infant health,Public health; economics,Currie and Neidell (2005),"The study conducted frequently highlights the fact that its contribution to the literature is its use of location-specific data. Additionally, the study is quite vast, spanning a populous US state over the course of 14 years. Furthermore, the study validates the theory that close proximity of subjects to air monitors (<10km) is critical to accurately gauge the impact of pollution on health."
"Currie, Janet, Eric A Hanushek, E Megan Kahn, Matthew Neidell, and Steven G Rivkin. 2009. “Does Pollution Increase School Absences?” The Review of Economics and Statistics 91 (4): 682–94.",2009,What is the relationship between pollution exposure and school absences (used as a proxy for child health issues)?,Texas,1996-2001,"Data: Attendance records, in 6-week attendance periods, from schools in Texas located within 10 miles of pollution monitors, from the largest school districts.; Record also included: data on students’ gender, family income, and ethnicity.",,"n=1,512 schools in the sample, accounting for ~40% of students in public schools, grades 1-8 (totaling over 12 million students).",Note: Absences can be used as a proxy for child health that is more sensitive to pollution-impacted diseases than medical records. Often times pollution’s effects are not severe enough for hospitalization but can keep children out of school.; Authors compared the mean absence rates during a given attendance period with the corresponding percentage of days each pollutant (detected by the nearest monitor) exceeds 75% of the EPA threshold.,Panel,PM10; CO; O3,"Hourly readings for CO, ozone, and PM10. Only schools located within 10 miles of a monitor were included in the study.",Attendance records,"Stable characteristics of schools, years, attendance periods, school-specific variations in particular years, school-specific patterns, systematic variations in particular years and attendance periods, socioeconomic variables, demographic makeup of schools, precipitation, and temperature.","1) An additional day with CO levels between 75% and 100% of the EPA Air Quality Standard (AQS) threshold increases absenteeism by 5%. An additional day with a CO level above the AQS increases absenteeism by nearly 9%. (Note: the AQS for CO is 9 ppm) 2) ""Only PM10 level between 50% and 75% of the EPA threshold has a statistically significant effect on absences, while higher levels do not, suggesting a possible non-monotonic relationship between PM10 and absences"" (p. 691). 3) Authors estimate that absences decreased by 0.8% in 2000-2001 due to reduced levels of pollution in the state. This is significant given that the Texas-wide baseline absence rate was 3.58%.","The use of school-year attendance records means that the summer pollution levels cannot be used. Ozone is particularly high in the summer due to high temperatures. Authors noted that in Texas, temperatures peak in late-August and September, when children are back in school.",Impact on child/infant health,Public health; economics,Chay and Greenstone (2003); Currie and Neidell (2005),"The authors note that they cannot distinguish between absences due to health effects of pollution and absences caused by avoidance behavior. While this could lead to a problem in interpreting the findings, the authors also note that ""to the extent that children miss school in order to avoid pollution, they and their parents still incur a cost, and it is useful to capture this type of avoidance behavior as well as the direct effect of pollution on illness in assessing the total costs of pollution"" (p. 684). / This study examines pollution impacts on students that are of an intermediate level of severity. Most other studies either examine severe impacts, hospitalization, or less severe, a decline in test scores."
"Currie, Janet, Joshua Graff Zivin, Jamie Mullins, and Matthew Neidell. 2014. “What Do We Know About Short- and Long-Term Effects of Early-Life Exposure to Pollution?” Annual Review of Resource Economics 6 (1): 217–47. https://doi.org/10.1146/annurev-resource- 100913-012610.",2014,A literature review of papers examining the question: Does early life exposure to pollution have long-term impacts in life?,,Papers reviewed were published 1995-2013,,,,"Each of the 31 papers reviewed utilize ""quasi-experimental techniques to develop causal estimates of the effects of early-life pollution.""; The content of papers included: Impact of air pollution on infant health (in developed and developing countries), impact on older children, and long-term outcomes (economic and academic).",,,Papers reviewed examined only air pollution because data for it is relatively easy to measure and therefore available.,,,"General trends/findings from reviewed papers: 1) Many papers attribute health impacts to a specific pollutant(s). However, many pollutants are highly correlated and may come from the same sources. 2) Data that allow for the examination of the link between adult achievement with childhood pollution exposure are rare. Natural experiments utilizing data from before and after large environmental shocks are one way of examining this phenomenon. 3) Avoidance behavior influences the measured impacts of pollution exposure. Even when using an environmental shock as a natural experiment, the passage of time will complicate measurement. 4) Currie et al. develop an econometric model for measuring the compounding impacts of pollution early in life on later-life outcomes (p. 219).",,Impact on child/infant and adult health and cognition,Public health; economics,,The authors posit that the findings of this research lead us to ask:; -Are there threshold levels at which pollutants are safe for the young?; -What factors mitigate the impacts of pollution exposure?; -Can we provide further proof that early-life pollutant exposure impacts both health and long-term economic outcomes? / A lit. review with 31 articles reviewed.
"Deryugina, Tatyana, Garth Heutel, Nolan Miller, David Molitor, and Julian Reif. 2016. “The Mortality and Medical Costs of Air Pollution: Evidence from Changes in Wind Direction.” w22796. Cambridge, MA: National Bureau of Economic Research. https://doi.org/10.3386/w22796.",2016,"What is the estimated effect of acute PM 2.5 exposure on elderly mortality rate, life-years lost, hospitalizations, and medical costs?",US,1997-2011,"Daily county-level measures of hospital utilization (inpatient and outpatient) and accompanying costs for elderly individuals. This data is gathered from Medicare records which include 97% of all US elderly (aged 65-100 years). Data includes: illness details, dates of death, age, sex, and county of residence.",,,"Use county-level daily fluctuations in PM2.5 exposure to corresponding 3-day mortality rates (deaths/million Medicare beneficiaries). The correlation was used to evaluate the magnitude of impact by PM2.5 exposure on life-years lost (i.e. the value of the years of life lost by those who died & the years of life shaved off of the total lifespan of those who were hospitalized as a result of exposure, but did not die.)",OLS; Instrumental variables,PM2.5; NO2; O3; SO2; CO,"Monitors measuring hourly levels of PM2.5, O3, CO, SO2, NO2. (The study focuses primarily on PM2.5); Monitors also measured daily county-level wind direction.","Mortality rate, life-years lost.","Temperature, precipitation, county-level fixed effects (geographic etc.) variation in pollution transport based off of monitor placement.","1) A 1 μg/m3 increase in daily PM 2.5 causes: a significant increase in ER inpatient costs (over $15,000 per million beneficiaries); an increase in total ER visits, including visits that do not result in a hospital admission, by 2.29 per million beneficiaries (p.23). 2) OLS estimates were much lower than for IV, indicating that classical biases were not the only influencing factors (p. 23; findings comparison on p. 42). 3) The nationwide reduction in PM2.5 between 1999-2001 saved ~$15 billion, annually, in mortality costs amongst elderly. 4) Authors measured the life-years lost with increased PM2.5 levels, by incorporating variables such as age, gender, and health history details. With a 1 μg/m3 increase in PM2.5: 11.3 life-years per million people with <1 year of life expectancy are lost. 5) Failure to control for age, gender, and health history when calculating the social burden of life-years lost will cause a tendency to overstate the estimate by a margin of approimately 46%. This is the case in many other studies' estimates.",Authors note that different counties' pollution monitor readings may not adequately measure the average pollution exposure due to the sparse placement of monitors. This is a challenge for all similar studies not setting up their own monitors. (Note: Authors describe their method of overcoming this on p. 14).,Impact on elderly health,Public health; economics,Currie and Neidell (2005); Currie et al. (2009); Chay et al. (2003); Chay and Greenstone 2003),"1) Authors cite many articles utilizing wind direction changes to estimate the impact of pollution (p.5). 2) Contains a good description of PM2.5: characteristics, makeup, origins, regulation, etc. (p. 6). 3) Vast data sets used (97% of US elderly population). 4) Utilized both OLS and IV methods. OLS estimates were consistently lower than IV, indicating that classical biases were not the only biasing factors (p. 23; comparison of OLS and IV on p. 42). 5) This is the first experiment to use high-frequency measurements in order to capture both short-term and delayed (3-day) impacts of pollution. / *Highly relevant paper*"
"Ebenstein, Avraham, Victor Lavy, and Sefi Roth. 2016. “The Long-Run Economic Consequences of High-Stakes Examinations: Evidence from Transitory Variation in Pollution.” American Economic Journal: Applied Economics 8 (4): 36–65. https://doi.org/10.1257/app.20150213.",2016,"Does PM2.5 exposure decrease performance on standardized tests? How does this impact individual trajectory and earnings, as well as the economy as a whole?",Israel,2000-2010,"Data: 1) Israeli national matriculation exam information from 2000-2002. This included: scores, detailed demographic information for each test taker, and exact testing location. 2) Corresponding data on post-secondary education and earnings of the test takers (youngest cohort would have been age 28 at the time of the study)",,"(sample size: 400,000)",Individual test-taker data and pollution data from the same test days and sensors located within 2.5km of the testing sites were matched. Records of the students' eventual post-secondary education and earnings trajectory are also matched with their test scores and the corresponding air quality levels at their test sites on the testing days.,Panel,PM2.5,"Israeli Ministry of Environmental Protection PM2.5 pollution data, measured at 5-minute intervals and averaged over the duration of each day. These were then converted to Air Quality Index (AQI) units, following U.S. EPA standards. Test taker scores and information were paired with air quality monitoring station data, located up to 2.5km away from testing locations.",Standardized high school matriculation test scores,"Temperature, relative humidity, parental education level, sex.","1) Short-term cognitive functioning may be reduced by PM2.5 exposure. An increase of 10 units of PM2.5 (AQI) raises the probability of failure by 2% and lowers matriculation certification rates by 3%. 2) The decreased scores were identified as the beginning of a chain of events leading to decreased national economic efficiency and on the individual level, decreased wages over the lifetime of impacted test takers.",Solidly laid out study.,Impact on teenage cognition,Public health; economics,Neidell (2004),"Authors were vigilant in avoiding misattribution of the impact of pollution. They tested correlation identified between PM2.5 pollution and decreased test scores, by running placebo tests utilizing pollution data from days other than testing days. They found that the placebo pollution dates did not impact the testing scores in the trial, thereby lending further credence to their overall findings.; Another positive indicator of accuracy in the study was that the pollution data gathered was more detailed than in many other comparable studies and the sensors were located only 2.5km away from testing sites. / Contains many similar elements in common with with your proposed study in Nairobi during testing days."
"Freire, Carmen, Rosa Ramos, Raquel Puertas, Maria-Jose Lopez-Espinosa, Jordi Julvez, Inmaculada Aguilera, Francisco Cruz, Mariana-Fatima Fernandez, Jordi Sunyer, and Nicolas Olea. 2010. “Association of Traffic-Related Air Pollution with Cognitive Development in Children.” Journal of Epidemiology & Community Health 64 (3): 223–28. https://doi.org/10.1136/jech.2008.084574.",2010,What is the relationship between NO2 (a surrogate for traffic pollution) exposure and children's motor and cognitive abilities?,"Granada, Spain",2005-2006,,"Data: male children, age 4 years, were selected from a larger population-based cohort study on prenatal environmental exposures in relation to growth, development and health from early fetal life. Data gathered included child's home location and type (urban, metropolitan, suburban, or rural), child's medical information, parental sociodemographic information.; Each child was tested with the McCarthy Scale of Children’s Abilities (MSCA) standardized test, to evaluate their quantitative, verbal, memory, perceptual performance, and motor abilities.",n=210,A population-based birth cohort was followed from the age of 4 years for 1 year. Cognitive measures and estimated levels of NO2 exposure were taken in order to evaluate any relation between the two.,Panel,NO2,"Home outdoor NO2 levels were estimated as a proxy of individual exposure to traffic-related air pollution.; 26 NO2 monitoring sites were located in the urban area and 50 monitors were located in the centers of the non-urban areas.; Sampling was done in two 7-day periods (Nov. 2005 and Sept. 2006) during the same year as the evaluation of the children. Using a ""land-use regression"" model, the authors estimated the exposure for urban vs. rural dwelling children and assigned an exposure value accordingly.","McCarthy Scale of Children’s Abilities (MSCA) standardized test for quantitative, verbal, memory, perceptual performance, and motor abilities.","Sociodemographic covariates: place of residence, maternal and paternal education, maternal occupational status, parity, duration of breastfeeding, type of delivery, marital status, smoking during pregnancy, and age of mothers and children.; Physical covariates: birth weight and length, gestational age.; Psychological covariates: parents’ mental health scale scores and parent-to-infant attachment scale scores.","1) Children exposed to higher NO2 levels (>24.75 μg/m3) demonstrated a 4.19 point decrease in their MSCA general cognitive score. Children exposed to lower NO2 levels (15.40-24.75 μg/m3) showed a lower, 1.07 point decrease. This was not found to be statistically significant. 2) In the different subsections of the MSCA, children exposed to >24.75 μg/m3 NO2 had lower scores by: quantitative, 6.71 points; working memory, 7.37; gross motor areas 8.61 points. The identified associations were not statistically significant, except for with gross motor areas.","The studied area, Granada, Spain has limited industrial activity, and as such, the predicted NO2 likely originates from traffic pollution. While this allows the authors to identify the source of the NO2, it also limits their ability to speak about the impacts of pollution from a diverse array of sources, as is the case in many polluted areas.; Similarly, none of the predicted NO2 concentrations exceeded the European Commission annual mean limit value of 40 μg/m3. This may be a part of the cause of the relatively weak associations identified in the studied.",Impact on child cognition,Public health; science,Calderón-Garcidueñas et al. (2008); Suglia et al. (2008),"1) This paper studies both rural and urban settings for a regional area. 2) This paper studies pollution impacts on children at what are considered to be ""safe"" levels. This may be a part of the cause of the relatively weak associations identified in the studied. 3) Authors note that ""deficits in gross motor skills may... be detectable before other deficits in cognitive function."" As such they not that they are in the process of conducting a  psychological follow-up of these children to test this theory (p. 226). / This paper studies both rural and urban settings, something rare amongst regionally focused similar studies."
"Grainger, Corbett, Andrew Schreiber, and Wonjun Chang. 2017. “How States Comply with Federal Regulations: Strategic Ambient Pollution Monitoring.” In . UC Santa Barbara.",2017,How are states perversely incentivized with regards to strategically placing monitors in order to be in compliance with the Clean Air Act and its Amendments (CAAA)? How does this strategic monitor placement impact the pollution levels observed and what downstream impacts does this have?,United States,2005-2012,"Data: Nation-wide Air Quality System (AQS) data from the EPA (~1 million monitors). The data is derived from the ambient air pollution monitors used to determine CAAA compliance across the USA. Monitors measure criteria pollutants and have varying measurement objectives (local or regional pollution levels). Local regulators are charged with the placement of sensors for this national law.; 2 sets of satellite data, from NASA and a ""Berkley High Resolution"" set, are also used.; Controls: From the American Community Survey, 2006-2010 (see ""confounders measured"").",,,"Satellite data, which is assumed to be unbiased, as placement is not a factor, is used to evaluate whether newly sited ground monitors are strategically placed in order to influence the perceived levels of pollution they are intended to represent. Measurements were conducted using z-scores, where more negative scores indicated pollution avoidance and more positive scores indicated targeting polluted areas.",?,NO2; O3,"Ground monitor data: Hourly measurements of ozone. The current U.S. National Ambient Air Quality Standards (NAAQS) level for O3 is 0.075ppm measured using annual fourth-highest daily maximum 8-hour concentrations averaged over three years (p. 11-12).; Satellite data: High-resolution data set for NO2, Relatively lower resolution dataset for criteria pollutants (p. 13).",,"At the census tract level: average poverty rate, median age, median rent, population levels, race, percent small children (under age 5), number of point pollution sources present; Economic activity level (at the level of satellite data grid cell).","1) New monitors placed in marginal counties, those that are close to the legal limit of pollution, tend to be placed in relatively clean areas. The z-score is -0.231 and is significant at the 0.1% level. 2) New monitors in nonattainment areas (not in compliance with the CAAA limits) are often placed closer to pollution sources to highlight a potential reason for non-compliance (this point was less clear to me). (I could not identify the relevant z-score). 3) Strategic placement of monitors produces inaccurate data which impacts all who rely on it: econometric studies, socioeconomically disenfranchised populations who would benefit from CAAA protection.","Satellite pollution data and ground data are measured in mismatched units which require outside information in order to compare. In the text, the authors describe their workaround solution to this issue: ""The satellite data are measured as column densities (molecules/cm2), while ground level pollution is monitored in either parts per billion (ppb) for NO2 or parts per million (ppm) for ozone. Converting the column densities to ground level estimates would require the use of an atmospheric model which considers things like average meteorology, topography, etc."" As such, we just use the raw column densities as our pollution estimates which is not problematic if considering within-zone variation of the data points around each sensor, as opposed to variation across sensors. We circumvent the issue with the introduction of localized z-scores"" (p. 15).",Monitor placement,Public health; economics; science,Muller and Ruud (2018),"The overall findings of strategically placed monitors raise significant questions about the accuracy of available data for research. Presuming that the pollution data is skewed such that polluted areas are not properly identified, many of the econometric studies conducted in the US with this data could be subsequently inaccurate. The real world implication is that the populations living in polluted areas, which are being made to appear to be less dirty, will be the ones to bear the burden by losing out on forced pollution reduction. / This article is one of only two dealing with monitor placement decisions."
"Greenstone, Michael, and Rema Hanna. 2014. “Environmental Regulations, Air and Water Pollution, and Infant Mortality in India.” American Economic Review 104 (10): 3038–72. https://doi.org/10.1257/aer.104.10.3038.",2014,How did Indian government policies impact water and air quality? How did these changes in turn affect infant mortality rates?,India,1986-2007,"Data: Annual city-level infant mortality data. City-level sociodemographic characteristics, corruption, social activism data. District-level population, literacy rates, expenditure per capita. State-level demand for clean air and water and the degree of local corruption and institutional quality, each year (gathered from quantity of Times of India newspaper mentions of the topic).",,,"Compare air and water pollution data, and infant mortality rates, with the timing implementation of policies intended to reduce pollution. Authors sought to identify if the policies led to a reduction in infant mortality rate due to reduced pollution levels. The authors also utilized mentions about cleaner air and water in the Times of India newspaper in order to identify the influence of public demand for cleaner air and water on success of related policies.",Panel,PM; NO2; SO2,"Air Pollution: Measures of NO2, SO2, and PM (diameter <100μm), by 572 monitors in 140 cities across the country, from 1987-2007. Dataset does not include all cities and all monitors each year. The frequency of readings was not listed.; Water Pollution: Quarterly of monthly river data observations from 489 monitors in 424 cities (along 162 rivers), 1986-2005. Measures: biochemical oxygen demand (BOD), an indicator of water quality; dissolved oxygen (DO), another indicator of water quality; and fecal coliforms (FColi), a count of coliform bacteria per 100ml of water.",Infant mortality rate,"City fixed effects, year fixed effects, per-capita consumption and literacy rates.","1) Implementation of a catalytic converter requirement was strongly associated with air pollution reductions. In the 5 years following the policy's enactment (1996-2000), pollution levels decreased by the following amounts: PM by 48.6 μg/m3, SO2 by 13.5 μg/m3, and NO2 4.4 μg/m3. The PM and SO2 declines are statistically significant. The NO2 decline was not. These declines are 19 percent, 69 percent, and 17 percent of the 1987–1990 nationwide mean concentrations, respectively (p. 3058). 2) For the Supreme Court Action Plan (SCAP) air pollution policies, there is scant evidence of a change in PM or SO2 concentrations, and only minor evidence for an impact on NO2, when controlling for pre-existing trends. 3) There is little evidence suggesting that The National River Conservation Plan (NRCP), which began in 1985, reduced water pollution. BOD and DO have worsened and FColi levels have not changed significantly. 4) The catalytic converter policy is associated with a reduction in infant mortality rate of 0.64 per 1000 live births. However, the authors feel that this estimate is imprecise and not statistically significant. 5) The success of pollution policies in developing countries with weak governmental institutions is dependent on popular support and the support of stronger institutions. This is the reasons for the relative success of air quality protections in India.","1) In India, many births and deaths are not registered with the government. This is likely a greater problem with unreported deaths and thus the true infant mortality rate is likely higher than indicated by the data. As such the authors' findings likely underestimate the impact of pollutants on infant mortality. 2) When authors derived their levels of demand for clean air and water from newspaper mentions, it is possible that these mentions do not correlate with public demand. Authors posit that, ""it is possible that the greater mentions reflect differences in water or air pollution concentrations or some other factor"" instead (p. 3065).",Impact on child/infant health,Public health; economics; science,,"Authors state that their dataset gathered and used is the most comprehensive city-level panel dataset amassed for air and water pollution as well as environmental policies for any developing country, to date. / Fascinating paper. However, much of the research in this paper is evaluating why certain government policies worked to lower pollution, or not. The focus on infant mortality is a relatively small part of the study."
"Gupta, Pawan, Sundar A. Christopher, Jun Wang, Robert Gehrig, Yc Lee, and Naresh Kumar. 2006. “Satellite Remote Sensing of Particulate Matter and Air Quality Assessment over Global Cities.” Atmospheric Environment 40 (30): 5880–92. https://doi.org/10.1016/j.atmosenv.2006.03.016.",2006,Prior studies have shown a relationship between satellite-derived aerosol optical thickness (AOT) data and PM air quality on earth. This paper adds to the literature by expanding on this evidence for urban areas outside of the US in order to test the reliability of this relationship for predicting ground-level PM2.5.,"Satellite data for:; New Delhi, India, Australia, Hong Kong, Switzerland, &; New York, USA",,1 year of data (2002).; The MODerate resolution Imaging Spectro-radiometer (MODIS) aerosol optical thickness (AOT) and PM2.5 mass were collocated in space and time for inter-comparative and quantitative analysis,,,,?,PM2.5; AOT,"MODIS data measuring AOT across a certain geographic area, called a pixel, was matched with PM2.5 measurement station data located within 25km of the pixel. PM2.5 hourly measurements were averaged daily.",,"Ambient relative humidity, wind speed, cloud cover, and height of the mixing layer.","Ground sensors are accurate measures of point PM2.5 pollution but are not an efficient/effective means of mapping regional to global distribution of aerosols. Satellite-derived data could fill this gap, especially in developing countries with limited measurement capabilities.; Satellite data can also better track the origins of PM and its spread around regions and the world.; Findings for air quality condition during the study period: Sydney and Switzerland - good; NYC - moderate; Delhi and Hong Kong - not good.","Limitations of satellite data use:; Relevant only for relatively large spatial areas, not specific neighborhoods; Measures ambient conditions that can be influenced by weather, while PM2.5 ground-level monitors measure surface-level dry particle concentrations.",Satellite monitoring,Public health; science,Zhang et al. (2005),"Much of the paper contains highly technical details of the process of satellite data gathering and interpretation.; In this paper, 'aerosols' refer to particles suspended in the air/ atmosphere; A visual explanation of the satellite measurements techniques can be found: https://arset.gsfc.nasa.gov/sites/default/files/airquality/workshops/BAQ16/P8.pdf"
"Jayachandran, S. (2009). Air quality and early-life mortality: Evidence from Indonesia’s wildfires. Journal of Human Resources, 44(4):916–954.",2009,"What impact did Indonesia's 1997 forest fires have on fetal, infant, and child mortality before age 3?",Indonesia (forest-fire smoke impacted areas),December 1996-May 1998,"Early-life mortality statistics: Given the lack of direct mortality records available, the author was forced to estimate ""early-life mortality"" numbers, or death before age 3, using the 2000 Indonesian population census data. They calculated the number of inferred ""missing children"" (infants and children who died, as a result of pollution exposure in utero or early in life) by comparing post forest fires population numbers with those from before the fire (p. 921).; Food consumption data (socioeconomic): National Socioeconomic Survey, an annual household survey.; Healthcare data: 1996 ""Village Potential Statistics"", a census of community characteristics including available healthcare, and cooking fuel used in homes.; Fire data: Satellite monitoring of the extent of the wildfires.",,"n=66,000 localities (smaller than a subdistrict).",The author utilizes satellite data of exposure to smoke pollution (particulate matter and other types) caused by the forest fires to estimate its impact on early-life mortality for a cohort of children born just before and after the fires.,Natural experiment?,O3; aerosol,"Satellite ozone monitoring: ""Daily aerosol measures"" (constructed from observations from over 3 days) from points located ~175km apart. Author calculated daily ozone measures for studied subdistricts taking ozone observation points located within 100km of the center of each subdistrict and weighting them according to each's distance from the subdistrict center.; In total, 226 unique ozone pollution grid points were used to measure 3700 subdistricts.","fetal, infant, and child mortality","Precipitation, fire intensity, mother's education, urban or rural location, month fixed effects, subdistrict fixed effects.","1) During the 1997 fires, in hard-hit areas, PM10 pollution levels reached 1000 mg/m3 on several days, and exceeded 150 mg/m3 for long periods. The EPA PM10 standard is 150 mg/m3 as a 24-hour average, to be exceeded only once annually. 2) The 1997 wildfires led to an estimated 15,600 early-life deaths, or a 1.2% decline in birth population. 3) Pre-natal exposure to pollution had a smaller effect on mortality rates in higher income areas, though the experiment cannot decisively explain why. After controlling for many variables, some explanatory theories are that poorer people; have less access to medical care, have worse health, cook with wood-fired stoves and are were thus doubly exposed to smoke pollution.","Author's use of inferred levels for ""missing children"" is both unique and also leaves the potential for misestimation. Though the author believes that she successfully controlled for potentially confounding variables, there is still room for error. With that said, it is possible that her early-life mortality estimation would still be more accurate than official records, if they were to exist, given the limitations of accurate record-keeping in developing countries.",Impact on child/infant health,Public health; economics; science,Chay and Greenstone (2003); Currie and Neidell (2005),"Author's use of census data to infer ""missing children"" is creative and one I have not seen in other studies. There is potential for error in the author's estimation (p. 922-923), though she addresses each and believes that they did not influence her findings.; The author also utilizes multiple proxies for variables that were difficult or not feasible to measure. For example, food consumption as a proxy for income level (p. 939). / This is one of the few natural experiments. Unique methodology too."
"Morales, Eva, Jordi Julvez, Maties Torrent, Rafael de Cid, Mònica Guxens, Mariona Bustamante, Nino Künzli, and Jordi Sunyer. 2009. “Association of Early-Life Exposure to Household Gas Appliances and Indoor Nitrogen Dioxide With Cognition and Attention Behavior in Preschoolers.” American Journal of Epidemiology 169 (11): 1327–36. https://doi.org/10.1093/aje/kwp067.",2009,What is the effect of early-life exposure to household gas appliances and indoor nitrogen dioxide on cognitive functioning and inattention and hyperactivity symptoms in preschoolers?,"Menorca, Spain",1997-1999,,"Data: children, information on their neurodevelopmental assessment, gas appliances at home, and indoor NO2 concentrations for the first 3 months of the child's life. Also, DNA samples were taken to identify a child's genetic type of ""glutathione S-transferase P1"" gene (GSTP1). Certain types of GSTP1 are involved in antioxidant defenses to protect against oxidative stress. NO2 is an oxidative stressor and thus the authors theorized that the possession of protectant GSTP1 could reduce the impacts of NO2 exposure on applicable children.",n=398,Multivariate linear regression models were used to examine the association between gas appliances or indoor NO2 concentration and cognitive and behavioral outcomes at age 4 years.,Panel,NO2; dust,"Measures collected in each family's home during the first 3 months of the child's life: dust samples, average 2-week indoor NO2 concentrations, a questionnaire on household characteristics (cooking appliances, heating, and cooling systems, number of hours of ventilation, and size of the house).",cognitive functioning score and observed attention/hyperactivity behaviors,"Maternal and paternal: years of education, social class, tobacco smoking habits.; Maternal: marital status, medical history, parity, dietary intake during pregnancy, alcohol consumption during pregnancy, type and duration of breastfeeding.; Child: Anthropometric measures at birth, gestational age, child’s sex.","1) Children with exposure to gas appliances in their homes were at higher risk of inattention, but not hyperactivity. 2) ""Adverse effects of exposure... were found in children with any GSTP1 Val-105 allele but not in children with the Ile/Ile genotype"" (p. 1331). ""Exposure to gas appliances was associated with a decrease of 9.72... points in the general cognitive score and with an increased risk of inattention for children with any GSTP1 Val-105 allele"" (p. 1332). 3) ""Children with the less active GSTP1 Val-105 variant, brain cells are more susceptible to biochemical changes induced by early-life exposure to nitrogen dioxide"" (p. 1333).","1) Compared to nonparticipants, participants had higher general cognitive scores and were of a higher social class. Therefore, it is possible that the results could be skewed. If so, I would assume that the results would underestimate the impacts of indoor pollution as higher class families generally have better access to medical care and nutrition, reducing negative impacts of pollution exposure. 2) The study sample size is quite small and thus its findings may not be generally representative.",Impact on child cognition,Public health; economics; science,,"This is a unique study in that it is evaluating the health risks associated with pollution from technology that is presumed to be the cleaner option, as compared to wood-burning stoves and heating. As such, gas appliances are more common in the developed world. / This is a unique study in that it focuses on the impacts of gas appliances, which are considered to be ""clean""."
"Muindi, Kanyiva. 2017. “Air Pollution in Nairobi Slums Sources, Levels and Lay Perceptions.” Umeå: Umeå University.",2017,To assess indoor sources and levels of air pollution in slum households and gather data about perceptions of the risks of air pollution.,"Two slum communities, Korogocho and Viwandani, near Nairobi, Kenya","Air pollution monitoring (2014), FGDs (2012-2013)","Quantitative study: Data from a Nairobi health and demographic longitudinal survey, and others, included socio-demographic information on all residents, migration information, household wealth, pregnancies, births, and deaths.; Focus Groups: Focus groups were convened to learn about individual and community views regarding indoor and outdoor air pollution. Topics included perceptions of sources of air pollution, views and attitudes on individual and government responsibility for addressing air quality issues, and discussion of health impacts of air pollution.",,,"Group data was collected in focus group discussions (FGDs). FGDs were divided by age (18-29 and 30+), but were mixed sex, conducted in a variety of local languages and were multi-ethnic with participants from different villages.; Already existent long-term surveys, as described above, were used to gather data on air pollution trends in households.",Panel,PM2.5; dust,"Quantitative study: Study installed ""DustTrack II"" monitors nearby a sub-sample of households to measure 24-hour levels of PM2.5. Samples were taken over the course of 3 days, totaling 24 hours in each location. Sensors were placed nearby homes as it was assumed that the PM2.5 levels would be the same both inside and out of homes, given its high penetration level.",,,"1) Indoor PM2.5 levels varied widely, ranging from 1 to 12,369 μg/m3 (SD=287.11). 2) Only 14% of homes had mean PM2.5 levels less than or equal to WHO 24-hour level standard (25 μg/m3) 3) 19% of homes exceeded the WHO level by 4x 4) Houses using wood, charcoal, and kerosene had the highest PM2.5 levels. Cooking gas and electricity had the lowest. Poor ventilation exacerbated levels in all cases. 5) Findings from the FGDs: People were generally aware of the sources of air pollution, but perceived indoor air to be cleaner than outdoor air. People were correctly identified respiratory and other illnesses caused by pollution but also misattributed vector-borne illnesses to air pollution. Air pollution is given scant media coverage or community discussion. People felt that the government is not responsible for reducing indoor air pollution but noted that any attempts by community members to voice concern to the government regarding nearby health issues were met with threats of eviction. People agreed that further education would help others adapt their problematic indoor pollution habits.","1) Air pollution sensors were placed outside of conveniently sampled households and were not placed inside the homes. Authors still believed that their data was representative of pollution levels. 2) Humidity, precipitation, and temperature were not taken into account, potentially influencing data. 3) Focus groups conducted were mixed-sex. Given gender roles, it is possible that women may have been less willing to speak freely.",Impact on general health,Public health; science,,"1) This is an 82-page thesis. As such, there is much more information not included in this brief summary. 2) Document contains significant background information about air pollution, demographic trends, and more, in Kenya. 3) It is one of few studies measuring the perception of risks posed by air pollution in Kenya and wider Africa. 4) Air monitors used were found to overestimate PM2.5 levels and therefore a correction measure was necessary to correct (p. 22). / In depth paper. Provides much background on the topic of air pollution in Kenya. Also provides information about setting up cheap air sensors. / Identification: panel, plus a qualitative survey."
"Muller, Nicholas Z., and Paul A. Ruud. 2018. “What Forces Dictate the Design of Pollution Monitoring Networks?” Environmental Modeling & Assessment 23 (1): 1–14. https://doi.org/10.1007/s10666-017-9553-7.",2018,How do measured levels of ozone during one period impact the subsequent decisions to add or remove pollution monitors?,United States,1993-2011,"Data: Ozone readings from the US EPA's Aeromatic Information Retrieval System (AIRS). The 1993 data comes from ~900 monitors. By 2011 there were ~1200 monitors nationwide. The dataset also includes: ""reasons for missing observations from specific monitors, ownership or management of monitors, land use, and starting and ending date of service.""",,,"Authors compared O3 monitor data and data about removal and addition of new monitors between different periods of measurement. They use this data to determine the associations between monitored pollution levels (i.e. monitor location), the agency that controls the monitor, other influencing variables, and the likelihood of monitors being added or removed in the coming period.",?,O3,"Hourly measures of O3 pollution from individual monitors.; Average O3 reading across all sites: 33.5 ppb with a SD of 7.64. The Average maximum hourly reading: 103.1 ppb with a SD of 22.6.; Monitors operated by: state regulatory agencies, 66.7%; county agencies, 11%; private firms, 1%; US EPA, <1%. Remaining ~20%, not stated.",,"County-level attainment status with O3 and PM2.5 NAAQS; dummy variable if the monitor was partially out of attainment in the prior period (unity) or entire county was out of attainment (2); ownership of the monitors by federal, state, county or private firm; dummy variable for regulatory changes to the NAAQS in 1997 and 2006; spatial fixed effects.","1) Monitor counts are greater in areas with high average maximum O3 readings. The ""Average maximum reading [from a monitor]... is associated with an increase in the probability of about 0.04% of a new monitor being located in that county"" (p. 9). 2) Regulators are less likely to drop existing monitors for which prior maximum readings are high. Similarly, regulators are more likely to add new monitors to counties for which prior maximum pollution levels are relatively high. 3) ""Counties with a higher share of monitors operated by county regulators are 5.5% more likely to add an additional monitor than other counties with monitors run by other local regulators"" (p. 9). 4) Counties that had dropped a monitor from their network in the prior period were 12% more likely to add another monitor in the subsequent period than counties who had not dropped a monitor. 5) States out of attainment in the prior period, and were managed by federal regulators, were 0.11% more likely to add a new monitor in the following period. The evidence of such a correlation is inconclusive for states that are self-regulating.","This study only evaluates ozone monitors. Ozone is a pollutant that enjoys a relatively high level of notoriety, given the prevalence of smog/ozone warning days in many populated areas. Given this, it is possible that ozone monitoring is treated differently than that of other pollutants and that the trends identified with regards to ozone monitors may not be true of all pollution monitors.",Monitor placement,Public health; economics; science,Grainger et al. (2017),"This study appears to present opposite findings from Grainger et al. (2017), despite that they are the only two articles of their kind, as of 2018. It is worth noting that their methodologies are different in that Grainger et al. use satellite data to compare to ground monitored sensors. / This article is one of only two dealing with monitor placement decisions."
"Neidell, Matthew J. 2004. “Air Pollution, Health, and Socio-Economic Status: The Effect of Outdoor Air Quality on Childhood Asthma.” Journal of Health Economics 23 (6): 1209–36. https://doi.org/10.1016/j.jhealeco.2004.05.002.",2004,Is there a link between air pollution and child asthma? How do geography and individual choices impact this?,California,1992-1998,"Data: Zip-code level records of individual children's (ages 1-18) asthma-related hospitalizations in California, between 1992-1998.",,"800,000 records per year, on average.",The author links monthly pollution sensor data with the corresponding month of hospital discharge records for children whose zip code centroid was within 20 miles of a sensor.,Panel,PM10; NO2; O3; CO,"Monthly atmospheric pollution levels from EPA monitoring stations in California. Pollutants measured: PM10, O3, NO2, and CO.",Hospitalizations due to asthma,"Individual pollution avoidance behavior, socioeconomic factors, local geography, and seasons.","1) Increased CO exposure leads to a spike in asthma-related hospitalizations for children, though the same association was not identified for infants. 2) The impact of pollution on childhood asthma can be mitigated through avoidance behavior, such as heeding smog warnings (decreased hospitalizations by 1%), and exacerbated by low socioeconomic level forcing families to live in polluted areas. These behavioral factors make an accurate calculation of the impact of pollution difficult to gauge. 3) Pollution declined during the study period (1992-1998), leading to a 5-14% reduction in asthma. This saved approximately $5.2 million in hospital expenses, in 1998 alone, though the full social benefit is likely much higher.","1) Given that many of the pollutants originate from similar sources, it is difficult to separate them and subsequently identify which specific pollutants are the most detrimental to health. NO2, CO, and PM10 are correlated. O3 is separate. 2) The study utilized monthly pollution records, as opposed to weekly or daily records. As such, more specific asthma trends are likely missed. 3) The author measured pollution levels within 20 miles of the center of each zip code. This distance is further than other comparable studies (though he tested the data ran using smaller distances and found that it did not significantly impact his findings).",Impact on child/infant health,Public health; economics,Currie and Hyson (1999); Chay and Greenstone (2003),This is one of the few scientific articles that is solo authored.
"Neidell, Matthew. 2009. “Information, Avoidance Behavior, and Health: The Effect of Ozone on Asthma Hospitalizations.” Journal of Human Resources 44 (2): 450–78. https://doi.org/10.3368/jhr.44.2.450.",2009,Do behavioral responses to health risk information influence estimates of the relationship between ozone and asthma hospitalizations in Southern California?; (i.e. Do smog alerts change people's decisions to go outside and does this reduce the rate of hospitalizations?),Los Angeles,1989-1997,"Attendance information for major outdoor attractions in Los Angeles: Daily records for the LA Zoo and Griffith Park Observatory, for 1989-1997. Note: The Zoo charged varying admission fees, so Zoo attendance records also offer a breakdown of heterogeneity of responses by varying demographic groups.; Health Data: Records for all people discharged from a hospital in California. Records included: date of admission, age, gender, patients’ residential ZIP code, principal diagnosis.",,,"The author compared daily attendance records for outdoor attractions with the days for which smog warnings were issued in order to determine whether people respond to pollution warnings (avoidance behavior). Then he examined the impact of ozone on asthma-related hospitalizations. He theorized that if people respond to ozone/smog warnings, and this is not incorporated into calculations for the impacts of ozone, there is likely to be underestimation with regards to the health impacts of ozone.",Panel,NO2; CO; O3,"1989-1997 in Los Angeles: 1) Ozone level predictions (from the LA Times). 2) Smog alerts issued (date, but not exact location). 3) Daily levels of ozone, CO, NO2 for the different monitoring areas of the city.; Note: The author also assessed the accuracy of the ozone alerts issued by comparing them to observed actual ozone levels. He found that smog alerts were accurately issued less than 20% of the time.",Attendance changes; number of hospital admissions for asthma,"Weather (humidity, sun cover, wind speed), other outdoor pollutants (CO and NO2), day of the week dummy variables.","1) Smog alerts correspond with a 6-13% drop in attendance for outdoor activities, depending on the model. 2) For children, smog alert avoidance behavior plays a significant role in limiting asthma-related hospitalizations. As such, estimates ignoring avoidance behavior's health benefits will lead to underestimates of ozone's impacts on children. 3) For adult health, smog alert avoidance behavior does not bias estimates.",The author notes that: Southern California has a unique history of smog and ozone and as such the findings may not necessarily be generally applicable to other contexts (see p. 459).,Impact on general health,Public health; economics,Chay and Greenstone (2003); Currie and Neidell (2005),"The author's use of multiple air pollution data sets within the same region but with different geographic boundaries was dependent on his merging of the different data sets. His technique may prove applicable in future projects if faced with a similar situation. / Neidell's methods for working with multiple data sets, with different subdivisions, for the same geographic area, may be applicable to studies in developing countries with limited data sets."
"Newman, Nicholas C., Patrick Ryan, Grace LeMasters, Linda Levin, David Bernstein, Gurjit K. Khurana Hershey, James E. Lockey, et al. 2013. “Traffic-Related Air Pollution Exposure in the First Year of Life and Behavioral Scores at 7 Years of Age.” Environmental Health Perspectives 121 (6): 731–36. https://doi.org/10.1289/ehp.1205555.",2013,What is the association between traffic pollution exposure and incidence of behavioral issues and ADHD at age 7?,"Cincinnati, Ohio",Children born 2001-2003,"Health data: Annual check-up medical records from ages 1-4 and age 7; information about where children spent 8+ hours/week each year.; Behavioral data: Parent questionnaire about each child's behavior at age 7, called the BASC-2. The test is ""designed to assess a child’s adaptive and problematic behaviors in both the community and home settings.""",Data derived from the Cincinnati Childhood Allergy and Air Pollution Study (CCAAPS). Parents were eligible to enroll their infants in the study if the parents had allergies (n=762). Only children with complete data sets were part of the authors' analysis (n=576). Health and location data were gathered for each child from a young age. All children participating either lived near (<400m) or far (>1500m) from a major road.,(n=762); (n=576),Compare each child's BASC-2 score at age 7 with their average daily ECAT exposure level over the first year of life to determine if there is an association with ADHD and other behavioral issues.,Panel,ECAT,"Traffic-related air pollution (TRAP) was measured. The pollutant measured was elemental carbon attributed to traffic (ECAT), which functions as an indicator of diesel exhaust.; 27 sampling sites in greater Cincinnati were monitored from 2001-2006 for average daily ECAT levels.",Presence of behavioral issues and/or ADHD at age 7,"Parental information: demographic information, education, income, insurance status, medicaid status.; Child information: Environmental tobacco smoke exposure, presence of lead in homes, duration breastfeeding, childcare attendance during the first year of life, time spent being care for by non-parental adults (ex. babysitter).","1) Scores indicating that children were at risk for hyperactivity and behavioral issues were significantly associated with high as compared to low ECAT exposure (≥ 0.4 vs. < 0.4 μg/m3) based on unadjusted logistic models. 2) After adjustment, the high ECAT exposure level was significantly associated only with an ""at risk"" score for hyperactivity (""adjusted odds ratio (aOR) = 1.7; 95% CI: 1.0, 2.7"" (p. 734)). 3) Higher ECAT exposure was associated with a 70% increase in the likelihood of a high hyperactivity test score only for children whose mothers had more than a high school education.","1) The cohort of children are not medically representative of the general population; they all have parents who have allergies. However, the authors do not believe that this influenced the findings, as the incidence of ADHD identified was similar to that of the general population. 2) There was no parental behavioral medical history available to the authors. ADHD has been found to run in families. The lack of ability to evaluate maternal and paternal incidence of ADHD, or other behavioral issues, could thus potentially alter the reliability of the findings. 3) The use of ECAT as a pollution metric is different than most other comparable studies (which often directly use PM2.5, PM10, etc.). This may make it harder to compare and contrast.",Impact on child/infant health,Public health; science,Calderón-Garcidueñas et al. (2008),"The paper also lists a number of other studies associating pollution with cognitive issues:; -""Calderón-Garcidueñas et al. (2008) reported an association between exposure to high levels of ambient air pollution and histological changes in the brain consistent with neuroinflammation.""; -""Exposure to black carbon (a marker of TRAP and diesel exhaust) was associated with decreased cognitive scores for verbal and nonverbal intelligence and in memory at 8–11 years of age... (Suglia et al. 2008).""; -Exposure to traffic-related air pollution (NO2 and PM10) ""was associated with poor performance in Visual Simple Reaction Time... Continuous Performance, Digit Symbol, Pursuit Aiming, and Sign Register..."" for children ages 8-9 (Wang et al. 2009). / This is the first study I have come across linking early-life pollution exposure to behavioral issues."
"Quagraine, V., and N. Boschi. 2008. “Behavioral Changes Can Help Prevent Indoor Air-Related Illnesses in Ghana.” Building and Environment 43 (3): 355–61. https://doi.org/10.1016/j.buildenv.2006.05.010.",2008,Discussing the causes of indoor pollution in Ghana and the methods for implementing education to improve avoidance behavior.,Ghana,Early 2000's,,,,"Surveys the pollution issues associated with two types of Ghanaian housing, traditional huts and more urban, concrete-block style housing.",,PM; NOx; NO; O3; SO2; CO2; CO,"Pollutants: NO/NOx, O3, SO2, CO, PM, and CO2.; The only specific measurements given were, ""The emission level of the five pollutants for 1995, 1999 and 2003 were 3 million, 7 million and 17 million tones, respectively"" (p. 357).",Infant mortality and respiratory issues,,"Summary: For rural residents, slash-and-burn farming and indoor combustion of fuel and biomass for cooking and lighting are majors source of CO, NO, and PM air pollution. Indoor air pollution caused by charcoal and wood burning and is exacerbated by overcrowding in dwellings.; For urban residents, unpaved roads and traffic are large sources of outdoor air pollution. The harmattan (a seasonal dry wind that blows from the Sahara Desert) amplifies the outdoor pollution conditions due to its dryness.; Accurate knowledge about the causes of respiratory conditions is low in the country.; Recommendations: To educate people about the dangers of indoor air pollution there will need to be educational programs that emphasize behavioral changes. The programs must be designed with Ghana-centric societal values and issues in mind. Successful education programs will free up money currently spent treating avoidable diseases to be used for other development efforts.","The authors makes many generalized statements regarding air pollution in Ghana. There is no new research conducted for this paper.; Despite making recommendations, the authors give little in the way of concrete suggestions.",Impact on general health,Public health; economics,,"Though there is no new research conducted for this paper, it serves as a relevant piece describing common air pollution sources, responses, and related levels of awareness. It also recommends a program of culturally customized and appropriate education as necessary if there is to be any public health program to tackle these issues in Ghana. The authors' findings are likely applicable to other developing countries, especially in sub-Saharan Africa. / Lacks new research."
"Ranft, Ulrich, Tamara Schikowski, Dorothee Sugiri, Jean Krutmann, and Ursula Krämer. 2009. “Long-Term Exposure to Traffic-Related Particulate Matter Impairs Cognitive Function in the Elderly.” Environmental Research 109 (8): 1004–11. https://doi.org/10.1016/j.envres.2009.08.003.",2009,What is the association between exposure to fine PM and mild cognitive impairment (MCI)? MCI is associated with a high risk of progression to Alzheimer's disease.,"Germany, Ruhr District, both urban and rural",1980-2006,,"Subject Group: 399 women, aged 68-79, who have lived at the same address for >20 years. Women had already been a part of an opt-in, long-term, ongoing study.",399 women,Selected women underwent a testing for MCI. Pollution level data was aggregated for their residence and nearby roads to determine level of exposure. Data was analyzed to identify any associations between PM exposure and incidence of MCI.,Panel,PM2.5; PM10; NO2,"Distance to nearby road pollution (roads with >10,000 cars/day). Automobile combustion emits PM2.5, PM10, and NO2.",Validated neuropsychological test battery CERAD-Plus; this tests a variety of areas to determine if subject had MCI. Also used the Stroop color-word test and a smell test.,"Education, smoking status, education level, health, BMI, distance from roads.","1) For women aged <75 years, distance from traffic impacted risk of MCI: CERAD-Plus test scores were reduced by 2.8 points (~1/3 of the sample standard deviation). 2) Living closer to a busy street decreased CERAD-Plus scores overall and also Stroop test color-word test, but not the smell test. 3) The impact of living close to a busy street was pronounced both in rural and urban settings. 4) Other findings were less conclusive likely because of the small and self-selecting sample size, as well as a lack of more-specific pollution exposure measures (p. 1008-9).","1) Study only tests women, as the men were more likely to have worked in industries like mining or steel work, thereby exposing themselves to higher levels of pollutants. 2) Relatively small sample size (n=399), especially when the sample population is divided into subgroups by age, education level, and proximity to roads. Also, the women opted into participation. There were many women who never responded to a request to join the survey, for unknown, but potentially relevant reasons.",Impact on elderly health/cognitive functioning,Public health; science,Calderón-Garcidueñas et al. (2008),"1) Study contains good graphs showing the decline in level of pollutants as distance increases, for relatively short distances (p. 1009) / One of the few medical-focused papers"
"Rosales-Rueda, Maria, and Margaret Triyana. 2018. “The Persistent Effects of Early-Life Exposure to Air Pollution: Evidence from the Indonesian Forest Fires.” Journal of Human Resources, April, 0117-8497R1. https://doi.org/10.3368/jhr.54.4.0117.8497R1.",2018,What are the effects of early-life exposure to air pollution on children’s long-term human capital outcomes?,"Sumatra and Kalimantan, Indonesia (forest-fire smoke impacted areas)",August-November 1997,"Children and family data: Derived from the Indonesian Family Life Survey (IFLS) from 1993, 1997, 2000,  2007, and 2014.","Parents: age, education, marital status, employment, pregnancy history for women between the ages of 15 and 49, household size, expenditures, and asset ownership.; Children (born 1995-2000): height, weight, blood pressure, lung capacity, and cognitive measures.",,Compare the changes in health characteristics of children between each of the survey years with corresponding fire pollution exposure data to identify short and long-term associations between health and forest fire-induced pollution. Authors differentiate between different levels of exposure and age when exposed.,Natural experiment; Panel,TSP; O3; aerosol,"Satellite ozone monitoring from NASA’s Total Ozone Mapping Spectrometer (TOMS):; Daily total suspended particles (TSP) measures (particles <100 μg/m3) were derived from daily aerosol index measures. TOMS measures daily aerosol in one degree latitude and 1.25 degree longitude grids. Adjacent grid points are approximately 175 kilometers apart. Aerosol index of 1.5=500 μg/m3 TSP.; The authors used monthly average of the aerosol index for each grid and match these grids to the nearest IFLS district centroid.; The fires produced pollution that ranged between 150-4000 μg/m3, (comparable to levels of chronic exposure to indoor biomass fuel use).","Children's height (proxy for health status), lung function, and cognitive functioning: immediately, at 3 years, 10 years, and 17 years.","Baby's gender, mother’s age at delivery, mother's education level, urban residence, household size, household per capita expenditure, year and month of birth fixed effects, and district of birth fixed effects.","Short Term (3 years post-exposure): 1) Children exposed to the fires in-utero and the first two years of life have shorter heights on average by 0.3 standard deviations as compared to unexposed children. This is not believed to be a long-term outcome.; Medium Term (10 Years post-exposure): 2) Children exposed to the fires in-utero and the first two years of life have lower lung capacity, by 5-6%, up to 10 years after the fires. 3) ""Children exposed to the fires in-utero are on average 0.1 standard deviations (1.6 centimeters) shorter than children who were not exposed..."" Children exposed to the fires in the first two years of life are also shorter, but the magnitude is not statistically significant. ""These results indicate that children’s physical development was affected 3 years after exposure in-utero, and the effect on height persists 10 years after exposure"" (p. 16).; Long Term (17 years post-exposure): 4) ""As adolescents, children exposed to the fires in-utero are likely to be 0.2 standard deviations (1.5 centimeters) shorter"" (p. 17). 5) No statistically significant effect on long-term respiratory function was identified. 6) No statistically significant effect on medium or long-term cognitive functioning was identified. 7) ""The effect of lower height on earnings translates to USD 1.4 billion lower GDP (0.15 percent of GDP) annually. The initial cost of the fires is about 2 percent of GDP, and the long-term effect is 7.5 percent of the initial loss annually"" (p. 25).","1) PM2.5 was not tracked separately in this experiment, rendering its direct impacts impossible to measure. 2) Study only includes children who survived the fires and associated pollution. This is not a representative sample given that Jayachandran (2009) found that the fires led to a 1.2% reduction in birth cohort. The authors posit that this means that their experiment could, therefore, be understood as the lower bound of pollution impacts (meaning that the upper bound would be death).",Impact on child/infant health and Impact on cognition,Public health; economics; science,Jayachandran (2009); Bharadwaj et al. (2017); Chay and Greenstone (2003),This study is complementary to Jayachandran (2009): This paper studies the long-term health effects of the Indonesian forest fires while Jayachandran studies the short-term health effects.
"Schwartz, J., and L. M. Neas. 2000. “Fine Particles Are More Strongly Associated than Coarse Particles with Acute Respiratory Health Effects in Schoolchildren.” Epidemiology (Cambridge, Mass.) 11 (1): 6–10.",2000,How do fine and coarse particles affect human health differently? Can we revisit earlier study methodology with a broader dataset in order to test this hypothesis?,"Harvard Six City Study: 6 Midwestern cities (date not listed, strangely); Uniontown and State College, PA Diary Study: Uniontown, June-August 1990; State College, June-August 1991",,,"Harvard Six City Diary study (6 City study): Studied respiratory impacts on children, grades 2-5, n=1844, from 6 different US midwest cities. Parents submitted a daily report on their child's respiratory symptoms. Children kept daily diaries of respiratory symptoms.; Uniontown and State College Diary Study (PA Study): Studied impact on peak expiratory flow (breath) measure for children, grades 4-5, n=83 from Uniontown, PA and n=108 from State College, PA. Children recorded unsupervised expiration measurements in the morning and night for ~2 months.",n=1844; n=83; n=108,Authors reanalyzed 3 pre-existing studies of the impacts of PM10 on children. They utilize both PM2.5 and PM10 data from the locations studied to determine how to attribute negative health impacts.,Panel,PM2.5; PM10; PM2.1; PM; aerosol,"Harvard Six City Study: Daily monitor measurements from each community, both PM 2.5 and PM10. Also measured sulfate and nephelometry (<1 micrometer in diameter). The previous study measured PM10, acid aerosols, and gaseous pollutants.; Uniontown and State College Study: Daily monitor measurements from each community, both PM 2.1 and PM10. Also measured sulfate. The previous study measured: PM2.1, acid aerosols, and gaseous pollutants.",Respiratory health issues (6 City Study) and expiration level ability (PA Study),"6 City Study: dummy variables for city, day of the week, and linear and quadratic temperature terms.; PA Study: binary indicator of morning or evening reporting period, 12-hour average daytime temperature, and second-order autocorrelation.","1) In both studies fine PM measures were more strongly associated with asthma-related bodily responses than coarse PM. 2) ""An interquartile range increment in fine sulfate particles was associated with a larger change in both outcomes than was an interquartile range increment in total PM2.5 mass"" (p. 8). 3) A cough without other symptoms was the only response in which coarse particles contributed to an identified adverse health impact. 4) PM from combustion (usually fine PM) contain higher concentrations of sulfates, nitrates, organic compounds and ""bioavailable"" transition metals than coarse particles. The transition metals contribute to the toxicity of the particles.","In all of the studies the health data was self-reported, leading to concerns about accuracy. Inaccurate data could lead to skewed findings, depending on the level of consistency in health surveys and expiration measures.",Impact on general health,Public health; science,,"While this study provides new research, it is doing so by recreating prior studies with different variables measured.; PM10 is often naturally occurring (dust). PM2.5 is generally the product of combustion (fire, or fossil fuel). / This paper replicates 3 previous studies, but with additional data."
"Simeonova, Emilia, Janet Currie, Peter Nilsson, and Reed Walker. 2018. “Congestion Pricing, Air Pollution and Children’s Health.” Working Paper 24410. National Bureau of Economic Research. https://doi.org/10.3386/w24410.",2018,Testing the influence that instituting a congestion pricing zone (CPZ) in Stockholm's city center had on reducing air pollution and decreasing hospital visits by children for asthma.,"Stockholm and 102 other central cities, Sweden",2004-2010,"Data: Asthma-related inpatient and outpatient visits for children under age 6 in major Swedish cities. Data included: child's location, date of admission, number of days in hospital care, diagnoses.",,,Asthma rate is calculated for Stockholm (before and after the CPZ) and other cities without the CPZ. Asthma rates compared to corresponding municipality PM10 and NO2 levels to identify the impact that CPZ had on asthma for Stockholm's children.,Natural experiment,PM10; NO2,"Daily average (?) levels of PM10 and NO2 for each city, aggregated to the monthly level.; Note: Paper was not clear when explaining the frequency of measurement taken to calculate a daily level (i.e. daily maximum, average of hourly readings, etc.)",Asthma-related hospital stays and visits,"Weather (rain, temperature, wind), average income, fraction of individuals on social assistance, the fraction of mothers with completed college education in the municipality.","1) Permanent implementation of CPZ led to a 3.36 μg/m3 decline in PM10 and a 1.58 μg/m3 decline in NO2 (10% and a 5% reduction from mean levels of pre-CPZ pollution, respectively). 2) Permanent implementation of CPZ reduced child asthma hospital visits from 18.7 per 10,000 to 10/10,000 (nearly 50%) 3) Congestion tax reduced ambient NO2 and PM10 levels by reducing traffic in the center of the city. It is likely that other automobile combustion generated pollutants also decline from CPZ. 4) Decreased pollution levels have short-term health benefits (as evidenced by an earlier trial period of the CPZ), but the long-term benefits are even greater as it can take people's bodies longer to adjust to the new equilibrium levels. 5) There can be health benefits gained by reducing pollution levels below already relatively low levels of air pollution.","1) The paper was clear when explaining the frequency of measurement taken to calculate a daily level (i.e. daily maximum, average of hourly readings, etc.) 2) Study did not include children in Stockholm who lives outside of the CPZ. It is possible that the CPZ caused altered traffic patterns, thus distributing traffic and the corresponding pollution elsewhere in the city (p. 8).",Impact on child/infant health,Public health; economics,Currie et al. (2014); Neidell (2004); Yu et al. (2000); Moretti and Neidell (2011);,"1) Authors note that central Stockholm's pollution levels were below the EPA's standards before the congestion pricing was in initiated. Thus, their results demonstrate that there are health benefits for reducing pollution levels below already relatively low levels of air pollution. 2) Authors focus on children under age 6 years old because they have been shown to be most susceptible to acute asthma episodes. 3) This methodology may be relevant to developing country experiments, but the pollution levels were below EPA standards from the start, and therefore the takeaways are likely less connected to highly polluted urban areas in developing countries. / One of the few natural experiments on the topic of air pollution."
"Suglia, S. Franco, A. Gryparis, R. O. Wright, J. Schwartz, and R. J. Wright. 2008. “Association of Black Carbon with Cognition among Children in a Prospective Birth Cohort Study.” American Journal of Epidemiology 167 (3): 280–86. https://doi.org/10.1093/aje/kwm308.",2008,What impact does black carbon from traffic sources (a component of PM) have on adolescent cognition?,Boston,Children born 1986-2001,,"Data: children, ages 8-11: race/ethnicity and socioeconomic position, maternal educational level, baseline, and clinic follow-up visit details.; The study also tested each child for cognitive ability through a series of cognitive tests and for peak lead level in blood before age 6.",n=202,"Compare children's scores on the cognitive tests with their estimated levels of black carbon exposure to determine any association, all else constant.",Panel,black carbon,24-hour measures of traffic pollution (black carbon) exposure using data from more than 80 locations in the Greater Boston area.; A cumulative traffic density measure was recorded once per location.,Cognitive test scores from Kaufman Brief Intelligence Test (K-BIT) and the Wide Range Assessment of Memory and Learning (WRAML). IQ testing was a part of K-BIT test.,"Meteorologic conditions, day of the week, cumulative traffic density within 100m, population density, distance to the nearest major roadway, percentage of urbanization.","1) An interquartile-range (0.4 μg/m3) increase in log black carbon correlated with a 3-point decrease in IQ. For comparison, 10-μg/dl increase in blood lead level has been associated with a loss of 1–5 IQ points. 2) For the K-BIT test: An interquartile-range (0.4 μg/m3) increase in log black carbon predicted: a 2-point decrease on the vocabulary scale, a 4.2-point decrease on the matrices scale, and a 3.4-point decrease on the composite subscale. 3)  For the WRAML test: Black carbon level predicted a 1.1-point decrease on the verbal learning scale, a 5.2-point decrease on the visual learning scale, a 2.7-point decrease on the learning scale, and a 3.7-point decrease on the general index scale. 4) The authors' results are consistent in that they show decreases across all testing subscales, though not all associations between black carbon and cognitive subscales were statistically significant.","Study utilizes black carbon exposure estimates only near the children's homes, not their schools or other places, potentially influencing their true levels of exposure up or down. However, the authors don't believe this to likely be an important factor because children spend a significant amount of time at home or nearby (including local schools).; Though the sample size, n=202, was large enough to evaluate, it is not large enough, nor geographically diverse enough, to be representative of the national population.",Impact on child cognition,Public health; economics; science,Calderón-Garcidueñas et al. (2008),"This study discusses the impact of extended exposure to black carbon. / Paper focuses on long-term pollution exposure cognitive impacts, not immediate repercussions."
"Zhang, Ying, and Zhengqiang Li. 2015. “Remote Sensing of Atmospheric Fine Particulate Matter (PM2.5) Mass Concentration near the Ground from Satellite Observation.” Remote Sensing of Environment 160 (April): 252–62. https://doi.org/10.1016/j.rse.2015.02.005.",2015,Satellite air quality monitoring has a high potential for future large-scale monitoring. The authors develop and test a multi-parameter formula to accurately measure PM2.5 concentration remotely.,Northern China,Oct.-Dec. 2013,,,,The formulas and PM2.5 remote sensing method were validated by comparing satellite data with 15 corresponding validation sensor sites in a polluted region of Northern China.,?,PM2.5,"Ground sensors: Hourly averaged PM2.5 levels.; Satellite data: Unable to identify their frequency of measurement. One line called it ""instantaneous"" (p.260).",,"Planetary boundary layer height (it can influence weather), weather, and relative humidity.","The authors find that their formulas can be used to measure ground-level PM2.5 to an ""uncertainty of 34%"", (p. 256).; There is much room for improvement as some of their indicators used to translate satellite monitoring data into PM2.5 measurements do not exactly correspond to PM2.5 levels, especially over land (ex. Fine mode fraction (FMF) method. see p. 257)",Article was primarily technical and lacked an overt explanation of how to apply their measurement techniques to real world public health issues.,Satellite monitoring,Public health; science,Paciorek and Liu (2009); Gupta and Christopher (2008),This was a highly technical paper detailing the process of converting satellite observations into usable PM measurements. Acronyms are used frequently in this paper.; This paper is most useful to: a) provide evidence of the accuracy of satellite PM2.5 monitoring; b) utilize the methods discussed to cross-examine ground air sensor and satellite data for accuracy
"Zhang, Xin, Xi Chen, and Xiaobo Zhang. 2018. “The Impact of Exposure to Air Pollution on Cognitive Performance.” Proceedings of the National Academy of Sciences, August, 201809474. https://doi.org/10.1073/pnas.1809474115.",2018,How does both cumulative and transitory air pollution impact cognitive decline? What is the economic impact?,"China, Major cities",2010 and 2014,"Individual data: Observations from the China Family Panel Study (CFPS) from 2010 and 2014.; CFPS study on families and individuals, included: location, their economic activities, education outcomes, family dynamics and relationships, health,; and cognitive abilities.",,"31,959 total observations were included.","Match individual test scores in the survey with local air-quality data on the testing date. Control for other variables too like gender, education level, age.",Panel,PM10; NO2; SO2,"Daily readings of SO2, NO2, and PM10 taken and calculated to generate an air pollution index (API) number. API daily readings located within 40 km of the county of each individual included were matched.",Cognitive test score from survey. Survey contained 24 standardized math and 34 word-recognition questions.,"Weather, gender, education, economics status, locale, regional and national economic conditions at the time of the study.","Air pollution's influence on cognitive abilities: 1) Longer exposure period was associated with a larger decrease in cognitive abilities. 2) Has a more prominently negative effect on verbal test abilities than math. 3) More drastically impacts men than women. Why? Authors hypothesize that differences in brain composition may explain this phenomenon. Air pollution can reduce the density of white matter in the brain. Men have a much smaller amount of white matter activated during intelligence tests, thus their cognitive performance, especially in the verbal tests (which use mostly white matter), tends to be more affected by exposure to air pollution. 4) Is highly negative for men over age 44 with primary school education or below. For those with higher education, only men aged 65+ are negatively impacted. Women of this age do not exhibit the same pattern, regardless of their education.","A majority of cognitive interviews were conducted in July and August, when there is less pollution in Northern China. The authors compensated for this by giving extra weight to their data from other months of the year and indicated that they believe their results were therefore accurate.; The different pollutants (PM10, NO2, SO2) were not isolated and therefore it is not possible to precisely determine which pollutant(s) are causing the observed impacts.",Impact on adult cognition,Public health; economics,Ebenstein et al. (2016),"Unique part of this study: The CFPS survey includes cognitive test information for individuals age 10 and up. As such the impact of pollution can be measured across age groups.; Overall, this appears to be a very thorough study. Authors controlled for many potential confounders and evaluated the impact of multiple variables. Their falsification test, which tested their findings by using pollution data from after the tests were administered (which in theory should not have shown an effect on the cognitive outcome) showed that their findings were sound."
"Zivin, Joshua Graff, and Matthew Neidell. 2012. “The Impact of Pollution on Worker Productivity.” American Economic Review 102 (7): 3652–73. https://doi.org/10.1257/aer.102.7.3652.",2012,How does ozone exposure affect the productivity of outdoor farm workers?,California,2009-2010,"Population data: Work productivity data from 1600 farm laborers in California, collected over 155 intermittent days of labor.; Data includes: worker gender, quantity of pieces harvested, start and stop time of work, and other information regarding their type of harvesting contract.",,1600 farm laborers,Date-specific individual worker productivity data is linked with corresponding ozone pollution level data and evaluated to identify any association.,Panel,O3,"Data: From air quality and weather monitors tracking hourly levels of ozone, other pollutants, and weather.; Several monitors were located near the farm. 3 monitors that measure ozone and weather were located within 20 miles.",Worker Productivity,"Gender, time worked at the farm, temperature, solar radiation, air pressure, wind speed, dew point, precipitation, PM2.5, day of week dummies, month×year dummies, contract type dummies.","1) A 10 ppb decrease in ozone increases worker productivity by 5.5%. 2) Impacts of ozone exposure on productivity are relatively linear and steadily increase over the entire range of ozone exposure. 3) Productivity impacts become statistically significant at 42-46 ppb. Current standards for ozone levels are much higher, at 75 ppb. Proposed ozone level reforms set 60 ppb as a new standard. 4) Ozone's primary impact is same-day, with overnight rest adequate to restore full lung functioning the following day. 5) The authors estimate that a 10 ppb reduction in ozone across the country would lead to an annual savings of $700 million in labor. 6) Ozone reduction in the developing world would likely have a proportionally higher impact due to the higher percentage of manual laborers.","1) Findings are based on data from employment records, which themselves depend on worker contracts designed to incentivize workers to increase productivity. However, in California, workers still earn at least the minimum wage, even if they do not reach an hourly minimum level of productivity. The authors do not believe that ""shirking"" of labor when productivity is close to minimum levels, is a common phenomenon, due to the threat of dismissal if caught shirking. However, if the contracts were not properly designed then shirking could be a larger influence than expected. This would cause the influence of ozone to be overestimated. 2) Ozone can have a cumulative effect over multiple days of exposure. Despite this, when excluding potentially confounding data from multiple days of exposure prior to working, authors found that ozone's primary impact is same-day. Overnight rest restored restore full lung functioning the following day.",Impact on productivity,Public health; economics,Chay and Greenstone (2005); Neidell (2009),"- / This is one of only a few papers examining the impact of pollution on worker productivity, at levels not requiring medical care."
"Zivin, Joshua Graff, and Matthew Neidell. 2018. “Air Pollution’s Hidden Impacts.” Science, January 5, 2018.",2018,"This is an article surveying the recent advances in research regarding the impacts of air pollution on cognitive ability, worker productivity, and the economy.",United States,,,,,,,,,,,"1) Air pollution (AP) is impacting health in unseen ways because many of the impacts are more subtle and do not require medical attention. 2) AP decreases worker productivity, both physical labor and in office jobs. It decreases cognitive ability. 3) Children exposed to AP in early life can suffer lifelong negative cognitive impacts.",,Impact on adult cognition,Public health; economics,Zivin and Neidell (2012),"Our understanding of AP's impacts on health and the economy are limited because:; a) It affects areas that traditionally have been the domain of different government agencies (i.e. Environment - EPA, worker safety - OSHA); b) Monitoring for data is lacking; Next-step actions recommended by Authors: 1) Gather data: Improve/Implement productivity monitoring in the workplace. This data can be used to evaluate the subtler impacts of AP on the economy. This data must be made public for all to view and test. 2) Agency collaboration: In order to properly monitor and evaluate AP impacts, government agencies must collaborate (for example: the EPA, OSHA, Dept. of Labor, Dept. of Health & Human Services). 3) Health care providers/public health officials must disseminate information about the risks of early life AP exposure. / Magazine article. It is a summary of current knowledge of air pollution and the need to integrate government agencies as pollution knows no boundaries."
"Clifford, Angela, Linda Lang, Ruoling Chen, Kaarin J. Anstey, and Anthony Seaton. 2016. “Exposure to Air Pollution and Cognitive Functioning across the Life Course – A Systematic Literature Review.” Environmental Research 147 (May): 383–98. https://doi.org/10.1016/j.envres.2016.01.018.",2016,,,,,,,,,,,,,,,,,,
"Desouza, Priyanka, Victor Nthusi, Jacqueline Klopp, Bruce E. Shaw, Wah On Ho, John Safell, Roderic Jones, and Carlo Ratti. 2017. “A Nairobi Experiment in Using Low Cost Air Quality Monitors.” Clean Air Journal 27: 12–31.",2017,,,,,,,,,,,,,,,,,,
"Heft-Neal, Sam, Jennifer Burney, Eran Bendavid, and Marshall Burke. 2018. “Robust Relationship between Air Quality and Infant Mortality in Africa.” Nature 559 (7713): 254–58. https://doi.org/10.1038/s41586-018-0263-3.",2018,,,,,,,,,,,,,,,,,,
"Lelieveld, J., J. S. Evans, M. Fnais, D. Giannadaki, and A. Pozzer. 2015. “The Contribution of Outdoor Air Pollution Sources to Premature Mortality on a Global Scale.” Nature 525 (7569): 367–71. https://doi.org/10.1038/nature15371.",2015,,,,,,,,,,,,,,,,,,
"Peters, Ruth, Jean Peters, Andrew Booth, and Ian Mudway. 2015. “Is Air Pollution Associated with Increased Risk of Cognitive Decline? A Systematic Review.” Age and Ageing 44 (5): 755–60. https://doi.org/10.1093/ageing/afv087.",2015,,,,,,,,,,,,,,,,,,
World Bank. 2016. “The Cost of Air Pollution: Strengthening the Economic Case for Action.” World Bank Group. http://documents.worldbank.org/curated/en/781521473177013155/ pdf/108141-REVISED-Cost-of-PollutionWebCORRECTEDfile.pdf.,2016,,,,,,,,,,,,,,,,,,
